// /qt/qml/AttendanceServer/ui/Main.qml
#include <QtQml/qqmlprivate.h>
#include <QtCore/qdatetime.h>
#include <QtCore/qobject.h>
#include <QtCore/qstring.h>
#include <QtCore/qstringlist.h>
#include <QtCore/qtimezone.h>
#include <QtCore/qurl.h>
#include <QtCore/qvariant.h>
#include <QtQml/qjsengine.h>
#include <QtQml/qjsprimitivevalue.h>
#include <QtQml/qjsvalue.h>
#include <QtQml/qqmlcomponent.h>
#include <QtQml/qqmlcontext.h>
#include <QtQml/qqmlengine.h>
#include <QtQml/qqmllist.h>
#include <type_traits>
namespace QmlCacheGeneratedCode {
namespace _qt_qml_AttendanceServer_ui_Main_qml {
extern const unsigned char qmlData alignas(16) [];
extern const unsigned char qmlData alignas(16) [] = {

0x71,0x76,0x34,0x63,0x64,0x61,0x74,0x61,
0x48,0x0,0x0,0x0,0x0,0x0,0x0,0x0,
0x0,0x0,0x0,0x0,0x0,0x0,0x0,0x0,
0xb0,0x6e,0x1,0x0,0x72,0x7a,0xab,0x3e,
0x1c,0x1,0x42,0x1a,0x1d,0x34,0xcc,0x2d,
0x4,0x3b,0xfc,0x71,0x0,0x0,0x0,0x0,
0x0,0x0,0x0,0x0,0x0,0x0,0x0,0x0,
0x0,0x0,0x0,0x0,0x23,0x2,0x0,0x0,
0xf8,0x1,0x0,0x0,0x50,0x74,0x0,0x0,
0xa1,0x0,0x0,0x0,0xc8,0x0,0x0,0x0,
0x0,0x0,0x0,0x0,0x4c,0x3,0x0,0x0,
0x0,0x0,0x0,0x0,0x4c,0x3,0x0,0x0,
0x2f,0x0,0x0,0x0,0x4c,0x3,0x0,0x0,
0xb6,0x2,0x0,0x0,0x8,0x4,0x0,0x0,
0x0,0x0,0x0,0x0,0xe0,0xe,0x0,0x0,
0x19,0x0,0x0,0x0,0xe0,0xe,0x0,0x0,
0x0,0x0,0x0,0x0,0xa8,0xf,0x0,0x0,
0x73,0x0,0x0,0x0,0xa8,0xf,0x0,0x0,
0x0,0x0,0x0,0x0,0xe0,0x16,0x0,0x0,
0x0,0x0,0x0,0x0,0xe0,0x16,0x0,0x0,
0x0,0x0,0x0,0x0,0xe0,0x16,0x0,0x0,
0x0,0x0,0x0,0x0,0xe0,0x16,0x0,0x0,
0x0,0x0,0x0,0x0,0xe0,0x16,0x0,0x0,
0xff,0xff,0xff,0xff,0x0,0x0,0x0,0x0,
0x0,0x0,0x0,0x0,0x38,0xb4,0x0,0x0,
0xe0,0x16,0x0,0x0,0x38,0x17,0x0,0x0,
0x88,0x17,0x0,0x0,0xd8,0x17,0x0,0x0,
0x28,0x18,0x0,0x0,0x78,0x18,0x0,0x0,
0x98,0x19,0x0,0x0,0x48,0x1a,0x0,0x0,
0x28,0x1b,0x0,0x0,0x98,0x1b,0x0,0x0,
0x30,0x1c,0x0,0x0,0xc8,0x1c,0x0,0x0,
0x98,0x1d,0x0,0x0,0x48,0x1e,0x0,0x0,
0x30,0x1f,0x0,0x0,0x18,0x20,0x0,0x0,
0x28,0x21,0x0,0x0,0x0,0x22,0x0,0x0,
0x90,0x22,0x0,0x0,0x20,0x23,0x0,0x0,
0xb0,0x23,0x0,0x0,0x10,0x24,0x0,0x0,
0x70,0x24,0x0,0x0,0xd0,0x24,0x0,0x0,
0x30,0x25,0x0,0x0,0x90,0x25,0x0,0x0,
0xf0,0x25,0x0,0x0,0x50,0x26,0x0,0x0,
0xb0,0x26,0x0,0x0,0x10,0x27,0x0,0x0,
0x78,0x27,0x0,0x0,0xc8,0x27,0x0,0x0,
0x28,0x28,0x0,0x0,0x78,0x28,0x0,0x0,
0xd8,0x28,0x0,0x0,0x28,0x29,0x0,0x0,
0xa8,0x29,0x0,0x0,0x10,0x2a,0x0,0x0,
0x78,0x2a,0x0,0x0,0xf8,0x2a,0x0,0x0,
0x60,0x2b,0x0,0x0,0xc8,0x2b,0x0,0x0,
0x28,0x2c,0x0,0x0,0x88,0x2c,0x0,0x0,
0xd8,0x2c,0x0,0x0,0x38,0x2d,0x0,0x0,
0xa0,0x2d,0x0,0x0,0x8,0x2e,0x0,0x0,
0x70,0x2e,0x0,0x0,0xe0,0x2e,0x0,0x0,
0x50,0x2f,0x0,0x0,0xd8,0x2f,0x0,0x0,
0x60,0x30,0x0,0x0,0xe8,0x30,0x0,0x0,
0x58,0x31,0x0,0x0,0xb0,0x31,0x0,0x0,
0x0,0x32,0x0,0x0,0x50,0x32,0x0,0x0,
0xa0,0x32,0x0,0x0,0x28,0x33,0x0,0x0,
0xb0,0x33,0x0,0x0,0x10,0x34,0x0,0x0,
0x68,0x34,0x0,0x0,0xc0,0x34,0x0,0x0,
0x40,0x35,0x0,0x0,0xb0,0x35,0x0,0x0,
0x8,0x36,0x0,0x0,0x60,0x36,0x0,0x0,
0xb8,0x36,0x0,0x0,0x8,0x37,0x0,0x0,
0x70,0x37,0x0,0x0,0xd8,0x37,0x0,0x0,
0x40,0x38,0x0,0x0,0xe0,0x38,0x0,0x0,
0x38,0x39,0x0,0x0,0x88,0x39,0x0,0x0,
0xe0,0x39,0x0,0x0,0x30,0x3a,0x0,0x0,
0x20,0x3b,0x0,0x0,0xd0,0x3b,0x0,0x0,
0x48,0x3c,0x0,0x0,0x98,0x3c,0x0,0x0,
0x80,0x3d,0x0,0x0,0x60,0x3e,0x0,0x0,
0xb8,0x3e,0x0,0x0,0x10,0x3f,0x0,0x0,
0x60,0x3f,0x0,0x0,0x88,0x40,0x0,0x0,
0xb0,0x41,0x0,0x0,0xd8,0x42,0x0,0x0,
0xc0,0x43,0x0,0x0,0x98,0x44,0x0,0x0,
0x0,0x45,0x0,0x0,0x78,0x45,0x0,0x0,
0xc8,0x45,0x0,0x0,0x28,0x46,0x0,0x0,
0x88,0x46,0x0,0x0,0xd0,0x47,0x0,0x0,
0x28,0x48,0x0,0x0,0x78,0x48,0x0,0x0,
0xe0,0x48,0x0,0x0,0x8,0x4a,0x0,0x0,
0x30,0x4b,0x0,0x0,0x8,0x4c,0x0,0x0,
0x70,0x4c,0x0,0x0,0xe8,0x4c,0x0,0x0,
0x38,0x4d,0x0,0x0,0x98,0x4d,0x0,0x0,
0xf8,0x4d,0x0,0x0,0x38,0x4f,0x0,0x0,
0x90,0x4f,0x0,0x0,0xe0,0x4f,0x0,0x0,
0x58,0x50,0x0,0x0,0xc8,0x50,0x0,0x0,
0x20,0x52,0x0,0x0,0x18,0x53,0x0,0x0,
0x28,0x54,0x0,0x0,0x78,0x54,0x0,0x0,
0xd8,0x54,0x0,0x0,0x38,0x55,0x0,0x0,
0x90,0x55,0x0,0x0,0xe0,0x55,0x0,0x0,
0x38,0x56,0x0,0x0,0x50,0x57,0x0,0x0,
0xd0,0x57,0x0,0x0,0xc8,0x58,0x0,0x0,
0xe0,0x59,0x0,0x0,0xd8,0x5a,0x0,0x0,
0xf0,0x5b,0x0,0x0,0xe8,0x5c,0x0,0x0,
0x80,0x5d,0x0,0x0,0x18,0x5e,0x0,0x0,
0xb8,0x5e,0x0,0x0,0x8,0x5f,0x0,0x0,
0x18,0x60,0x0,0x0,0x28,0x61,0x0,0x0,
0x28,0x62,0x0,0x0,0x0,0x63,0x0,0x0,
0x68,0x63,0x0,0x0,0xe0,0x63,0x0,0x0,
0x30,0x64,0x0,0x0,0x90,0x64,0x0,0x0,
0xf0,0x64,0x0,0x0,0x58,0x65,0x0,0x0,
0xb0,0x65,0x0,0x0,0x0,0x66,0x0,0x0,
0xe0,0x66,0x0,0x0,0xa8,0x67,0x0,0x0,
0xf8,0x67,0x0,0x0,0xd8,0x68,0x0,0x0,
0xb8,0x69,0x0,0x0,0xd0,0x6a,0x0,0x0,
0x28,0x6b,0x0,0x0,0x78,0x6b,0x0,0x0,
0xc8,0x6c,0x0,0x0,0x8,0x6e,0x0,0x0,
0x40,0x6f,0x0,0x0,0x98,0x6f,0x0,0x0,
0xe8,0x6f,0x0,0x0,0x58,0x70,0x0,0x0,
0x0,0x71,0x0,0x0,0x58,0x71,0x0,0x0,
0x70,0x71,0x0,0x0,0x80,0x71,0x0,0x0,
0x90,0x71,0x0,0x0,0xa0,0x71,0x0,0x0,
0xb0,0x71,0x0,0x0,0xc0,0x71,0x0,0x0,
0xd0,0x71,0x0,0x0,0xe0,0x71,0x0,0x0,
0xf0,0x71,0x0,0x0,0x0,0x72,0x0,0x0,
0x10,0x72,0x0,0x0,0x20,0x72,0x0,0x0,
0x30,0x72,0x0,0x0,0x40,0x72,0x0,0x0,
0x50,0x72,0x0,0x0,0x60,0x72,0x0,0x0,
0x70,0x72,0x0,0x0,0x80,0x72,0x0,0x0,
0x90,0x72,0x0,0x0,0xa0,0x72,0x0,0x0,
0xb0,0x72,0x0,0x0,0xc0,0x72,0x0,0x0,
0xd0,0x72,0x0,0x0,0xe0,0x72,0x0,0x0,
0xf0,0x72,0x0,0x0,0x0,0x73,0x0,0x0,
0x10,0x73,0x0,0x0,0x20,0x73,0x0,0x0,
0x30,0x73,0x0,0x0,0x40,0x73,0x0,0x0,
0x50,0x73,0x0,0x0,0x60,0x73,0x0,0x0,
0x70,0x73,0x0,0x0,0x80,0x73,0x0,0x0,
0x90,0x73,0x0,0x0,0xa0,0x73,0x0,0x0,
0xb0,0x73,0x0,0x0,0xc0,0x73,0x0,0x0,
0xd0,0x73,0x0,0x0,0xe0,0x73,0x0,0x0,
0xf0,0x73,0x0,0x0,0x0,0x74,0x0,0x0,
0x10,0x74,0x0,0x0,0x20,0x74,0x0,0x0,
0x30,0x74,0x0,0x0,0x40,0x74,0x0,0x0,
0xb3,0x0,0x0,0x0,0x33,0x13,0x0,0x0,
0x53,0x13,0x0,0x0,0x44,0x13,0x0,0x0,
0x73,0x13,0x0,0x0,0x84,0x13,0x0,0x0,
0x13,0x13,0x0,0x0,0x13,0x13,0x0,0x0,
0x80,0x1,0x0,0x0,0x81,0x1,0x0,0x0,
0x13,0x13,0x0,0x0,0x13,0x13,0x0,0x0,
0x80,0x1,0x0,0x0,0xe0,0x13,0x0,0x0,
0xd1,0x13,0x0,0x0,0xe0,0x13,0x0,0x0,
0x77,0x3,0x0,0x0,0xe0,0x13,0x0,0x0,
0x77,0x3,0x0,0x0,0x57,0x14,0x0,0x0,
0x67,0x14,0x0,0x0,0x53,0x13,0x0,0x0,
0x33,0x13,0x0,0x0,0x84,0x14,0x0,0x0,
0x74,0x14,0x0,0x0,0xa4,0x14,0x0,0x0,
0x67,0x14,0x0,0x0,0x53,0x13,0x0,0x0,
0x53,0x13,0x0,0x0,0x33,0x13,0x0,0x0,
0x84,0x14,0x0,0x0,0x74,0x14,0x0,0x0,
0xa4,0x14,0x0,0x0,0x67,0x14,0x0,0x0,
0x53,0x13,0x0,0x0,0xe0,0x13,0x0,0x0,
0xe0,0x13,0x0,0x0,0xd4,0x14,0x0,0x0,
0xe0,0x13,0x0,0x0,0xd4,0x14,0x0,0x0,
0xe3,0x14,0x0,0x0,0xf4,0x14,0x0,0x0,
0x17,0x15,0x0,0x0,0x40,0x6,0x0,0x0,
0x40,0x15,0x0,0x0,0xb0,0x3,0x0,0x0,
0x50,0x15,0x0,0x0,0x60,0x15,0x0,0x0,
0x40,0x6,0x0,0x0,0x70,0x5,0x0,0x0,
0xc0,0xd,0x0,0x0,0x80,0x5,0x0,0x0,
0xc0,0x5,0x0,0x0,0x40,0x6,0x0,0x0,
0xa0,0x6,0x0,0x0,0x33,0x13,0x0,0x0,
0xa0,0x15,0x0,0x0,0x44,0x13,0x0,0x0,
0x70,0x5,0x0,0x0,0xc0,0x5,0x0,0x0,
0x40,0x6,0x0,0x0,0xa0,0x6,0x0,0x0,
0xd0,0x15,0x0,0x0,0xc0,0x5,0x0,0x0,
0xe3,0x15,0x0,0x0,0xf4,0x15,0x0,0x0,
0xc3,0x2,0x0,0x0,0xe0,0x13,0x0,0x0,
0xa7,0x3,0x0,0x0,0xe3,0x15,0x0,0x0,
0x24,0x16,0x0,0x0,0xe3,0x2,0x0,0x0,
0xe0,0x13,0x0,0x0,0xa7,0x3,0x0,0x0,
0xe3,0x15,0x0,0x0,0x44,0x16,0x0,0x0,
0x23,0x3,0x0,0x0,0xe0,0x13,0x0,0x0,
0xa7,0x3,0x0,0x0,0x53,0x0,0x0,0x0,
0xd0,0x0,0x0,0x0,0x53,0x0,0x0,0x0,
0xd0,0x0,0x0,0x0,0x53,0x0,0x0,0x0,
0xd0,0x0,0x0,0x0,0x53,0x0,0x0,0x0,
0xd0,0x0,0x0,0x0,0x53,0x0,0x0,0x0,
0xd0,0x0,0x0,0x0,0x53,0x0,0x0,0x0,
0xd0,0x0,0x0,0x0,0x53,0x0,0x0,0x0,
0xd0,0x0,0x0,0x0,0x53,0x0,0x0,0x0,
0xd0,0x0,0x0,0x0,0x53,0x0,0x0,0x0,
0xd0,0x0,0x0,0x0,0x77,0x3,0x0,0x0,
0xf3,0x16,0x0,0x0,0xf3,0x16,0x0,0x0,
0x70,0x2,0x0,0x0,0x97,0x3,0x0,0x0,
0x3,0x17,0x0,0x0,0x3,0x17,0x0,0x0,
0x70,0x2,0x0,0x0,0x97,0x3,0x0,0x0,
0x13,0x17,0x0,0x0,0x77,0x3,0x0,0x0,
0x77,0x3,0x0,0x0,0x27,0x4,0x0,0x0,
0x77,0x3,0x0,0x0,0x27,0x4,0x0,0x0,
0x77,0x3,0x0,0x0,0x77,0x3,0x0,0x0,
0x97,0x3,0x0,0x0,0x13,0x17,0x0,0x0,
0xb0,0x17,0x0,0x0,0x77,0x3,0x0,0x0,
0x13,0x17,0x0,0x0,0xd0,0x17,0x0,0x0,
0x77,0x3,0x0,0x0,0xe3,0x15,0x0,0x0,
0xe3,0x15,0x0,0x0,0xf0,0x17,0x0,0x0,
0x77,0x3,0x0,0x0,0x97,0x3,0x0,0x0,
0x77,0x3,0x0,0x0,0x77,0x3,0x0,0x0,
0x77,0x3,0x0,0x0,0x77,0x3,0x0,0x0,
0x77,0x3,0x0,0x0,0x77,0x3,0x0,0x0,
0x77,0x3,0x0,0x0,0x77,0x3,0x0,0x0,
0x33,0x13,0x0,0x0,0xa0,0x18,0x0,0x0,
0xb3,0x18,0x0,0x0,0xb3,0x18,0x0,0x0,
0xb3,0x18,0x0,0x0,0xe3,0x15,0x0,0x0,
0xe3,0x15,0x0,0x0,0xf0,0x17,0x0,0x0,
0xd7,0x18,0x0,0x0,0xd7,0x18,0x0,0x0,
0x13,0x17,0x0,0x0,0x13,0x17,0x0,0x0,
0xb0,0x17,0x0,0x0,0xd7,0x18,0x0,0x0,
0xd7,0x18,0x0,0x0,0x13,0x17,0x0,0x0,
0x13,0x17,0x0,0x0,0xd0,0x17,0x0,0x0,
0x53,0x0,0x0,0x0,0x60,0x2,0x0,0x0,
0x13,0x19,0x0,0x0,0x20,0x19,0x0,0x0,
0x53,0x0,0x0,0x0,0x70,0x2,0x0,0x0,
0xe0,0x13,0x0,0x0,0x53,0x0,0x0,0x0,
0x70,0x2,0x0,0x0,0xd7,0x18,0x0,0x0,
0x53,0x0,0x0,0x0,0x70,0x2,0x0,0x0,
0xe0,0x13,0x0,0x0,0xf3,0x0,0x0,0x0,
0x80,0x1,0x0,0x0,0x13,0x19,0x0,0x0,
0x20,0x19,0x0,0x0,0xd3,0x8,0x0,0x0,
0x90,0x9,0x0,0x0,0xb3,0x18,0x0,0x0,
0x60,0x0,0x0,0x0,0xb3,0x18,0x0,0x0,
0xc7,0x4,0x0,0x0,0xd7,0x4,0x0,0x0,
0xe7,0x4,0x0,0x0,0x53,0x0,0x0,0x0,
0x71,0x2,0x0,0x0,0x77,0x3,0x0,0x0,
0x13,0x19,0x0,0x0,0x60,0x19,0x0,0x0,
0xb3,0x18,0x0,0x0,0xb3,0x18,0x0,0x0,
0x60,0x0,0x0,0x0,0xb3,0x18,0x0,0x0,
0xf3,0xa,0x0,0x0,0x80,0x1,0x0,0x0,
0xe7,0x3,0x0,0x0,0x13,0x17,0x0,0x0,
0x74,0x19,0x0,0x0,0xa7,0x3,0x0,0x0,
0x13,0x17,0x0,0x0,0xa4,0x19,0x0,0x0,
0xa7,0x3,0x0,0x0,0xd7,0x18,0x0,0x0,
0x13,0x17,0x0,0x0,0x13,0x17,0x0,0x0,
0xd0,0x17,0x0,0x0,0xb3,0x18,0x0,0x0,
0xf3,0x16,0x0,0x0,0x53,0xb,0x0,0x0,
0x80,0x1,0x0,0x0,0xa3,0xb,0x0,0x0,
0x80,0x1,0x0,0x0,0xd4,0x19,0x0,0x0,
0x53,0xb,0x0,0x0,0x80,0x1,0x0,0x0,
0xa7,0x3,0x0,0x0,0xf3,0x16,0x0,0x0,
0xa3,0xb,0x0,0x0,0x80,0x1,0x0,0x0,
0x4,0x1a,0x0,0x0,0xa3,0xb,0x0,0x0,
0x80,0x1,0x0,0x0,0xe0,0x13,0x0,0x0,
0xa7,0x3,0x0,0x0,0x93,0xb,0x0,0x0,
0x30,0x1a,0x0,0x0,0xb3,0x18,0x0,0x0,
0x60,0x0,0x0,0x0,0xb3,0x18,0x0,0x0,
0xe3,0x15,0x0,0x0,0x23,0xc,0x0,0x0,
0x80,0x1,0x0,0x0,0x53,0xc,0x0,0x0,
0x80,0x1,0x0,0x0,0x83,0xc,0x0,0x0,
0x80,0x1,0x0,0x0,0xb3,0xc,0x0,0x0,
0x80,0x1,0x0,0x0,0x44,0x1a,0x0,0x0,
0x53,0xc,0x0,0x0,0x80,0x1,0x0,0x0,
0xa7,0x3,0x0,0x0,0xc7,0x4,0x0,0x0,
0xe3,0x15,0x0,0x0,0x23,0xc,0x0,0x0,
0x80,0x1,0x0,0x0,0x53,0xc,0x0,0x0,
0x80,0x1,0x0,0x0,0x83,0xc,0x0,0x0,
0x80,0x1,0x0,0x0,0xb3,0xc,0x0,0x0,
0x80,0x1,0x0,0x0,0x74,0x1a,0x0,0x0,
0x53,0xc,0x0,0x0,0x80,0x1,0x0,0x0,
0xa7,0x3,0x0,0x0,0xc7,0x4,0x0,0x0,
0xe3,0x15,0x0,0x0,0x23,0xc,0x0,0x0,
0x80,0x1,0x0,0x0,0x53,0xc,0x0,0x0,
0x80,0x1,0x0,0x0,0x94,0x1a,0x0,0x0,
0x23,0xc,0x0,0x0,0x80,0x1,0x0,0x0,
0x53,0xc,0x0,0x0,0x80,0x1,0x0,0x0,
0xa7,0x3,0x0,0x0,0xc7,0x4,0x0,0x0,
0xe3,0x15,0x0,0x0,0xa3,0x6,0x0,0x0,
0x80,0x1,0x0,0x0,0xe7,0x3,0x0,0x0,
0xd4,0x1a,0x0,0x0,0x43,0x3,0x0,0x0,
0x43,0x3,0x0,0x0,0x47,0x4,0x0,0x0,
0xa7,0x3,0x0,0x0,0xe3,0x15,0x0,0x0,
0x53,0xc,0x0,0x0,0x80,0x1,0x0,0x0,
0xf4,0x1a,0x0,0x0,0x43,0x3,0x0,0x0,
0x43,0x3,0x0,0x0,0x47,0x4,0x0,0x0,
0xa7,0x3,0x0,0x0,0xc7,0x4,0x0,0x0,
0xd7,0x18,0x0,0x0,0x43,0x3,0x0,0x0,
0x47,0x4,0x0,0x0,0xc3,0x2,0x0,0x0,
0x43,0xd,0x0,0x0,0x20,0x1b,0x0,0x0,
0x60,0x0,0x0,0x0,0x83,0xd,0x0,0x0,
0x47,0x4,0x0,0x0,0x83,0xd,0x0,0x0,
0xa3,0x6,0x0,0x0,0x83,0xd,0x0,0x0,
0x40,0x6,0x0,0x0,0x17,0x15,0x0,0x0,
0x81,0x1,0x0,0x0,0x23,0xc,0x0,0x0,
0x83,0xd,0x0,0x0,0xb0,0x3,0x0,0x0,
0x81,0x1,0x0,0x0,0x53,0xc,0x0,0x0,
0x83,0xd,0x0,0x0,0x40,0x15,0x0,0x0,
0x81,0x1,0x0,0x0,0x83,0xc,0x0,0x0,
0x83,0xd,0x0,0x0,0x50,0x15,0x0,0x0,
0x81,0x1,0x0,0x0,0xb3,0xc,0x0,0x0,
0x83,0xd,0x0,0x0,0x60,0x15,0x0,0x0,
0x81,0x1,0x0,0x0,0xb3,0x18,0x0,0x0,
0x60,0x0,0x0,0x0,0xb3,0x18,0x0,0x0,
0xe3,0x15,0x0,0x0,0x73,0x5,0x0,0x0,
0x80,0x1,0x0,0x0,0xc3,0xd,0x0,0x0,
0x80,0x1,0x0,0x0,0xf3,0xd,0x0,0x0,
0x80,0x1,0x0,0x0,0x33,0xe,0x0,0x0,
0x70,0x1b,0x0,0x0,0x64,0x1b,0x0,0x0,
0x73,0x5,0x0,0x0,0x80,0x1,0x0,0x0,
0xa7,0x3,0x0,0x0,0xd7,0x4,0x0,0x0,
0xe3,0x15,0x0,0x0,0x73,0x5,0x0,0x0,
0x80,0x1,0x0,0x0,0x33,0xe,0x0,0x0,
0x70,0x1b,0x0,0x0,0x84,0x1b,0x0,0x0,
0x73,0x5,0x0,0x0,0x80,0x1,0x0,0x0,
0x33,0xe,0x0,0x0,0x70,0x1b,0x0,0x0,
0xa7,0x3,0x0,0x0,0xd7,0x4,0x0,0x0,
0xe3,0x15,0x0,0x0,0x73,0x5,0x0,0x0,
0x80,0x1,0x0,0x0,0xb4,0x1b,0x0,0x0,
0x53,0x3,0x0,0x0,0x53,0x3,0x0,0x0,
0x67,0x4,0x0,0x0,0xa7,0x3,0x0,0x0,
0xd7,0x4,0x0,0x0,0xd7,0x18,0x0,0x0,
0x53,0x3,0x0,0x0,0x67,0x4,0x0,0x0,
0xe3,0x2,0x0,0x0,0x43,0xd,0x0,0x0,
0x20,0x1b,0x0,0x0,0x60,0x0,0x0,0x0,
0x83,0xd,0x0,0x0,0x67,0x4,0x0,0x0,
0x83,0xd,0x0,0x0,0x73,0x5,0x0,0x0,
0x83,0xd,0x0,0x0,0x70,0x5,0x0,0x0,
0x81,0x1,0x0,0x0,0xc3,0xd,0x0,0x0,
0x83,0xd,0x0,0x0,0xc0,0xd,0x0,0x0,
0x81,0x1,0x0,0x0,0xf3,0xd,0x0,0x0,
0x83,0xd,0x0,0x0,0x80,0x5,0x0,0x0,
0x81,0x1,0x0,0x0,0x33,0xe,0x0,0x0,
0xd3,0x1b,0x0,0x0,0x33,0xe,0x0,0x0,
0x83,0xd,0x0,0x0,0xc0,0x5,0x0,0x0,
0xf4,0x1b,0x0,0x0,0xe4,0x1b,0x0,0x0,
0x91,0x9,0x0,0x0,0xb3,0x18,0x0,0x0,
0x60,0x0,0x0,0x0,0xb3,0x18,0x0,0x0,
0x33,0x13,0x0,0x0,0x53,0x13,0x0,0x0,
0x44,0x13,0x0,0x0,0xe3,0x15,0x0,0x0,
0xa3,0xe,0x0,0x0,0x80,0x1,0x0,0x0,
0xe7,0x3,0x0,0x0,0xd3,0xe,0x0,0x0,
0x80,0x1,0x0,0x0,0xf7,0x3,0x0,0x0,
0xe3,0xe,0x0,0x0,0x80,0x1,0x0,0x0,
0xf3,0xe,0x0,0x0,0x70,0x1b,0x0,0x0,
0x44,0x1c,0x0,0x0,0xa3,0xe,0x0,0x0,
0x80,0x1,0x0,0x0,0xa7,0x3,0x0,0x0,
0xe3,0x15,0x0,0x0,0x13,0xf,0x0,0x0,
0x80,0x1,0x0,0x0,0xf7,0x3,0x0,0x0,
0x43,0xf,0x0,0x0,0x80,0x1,0x0,0x0,
0xf7,0x3,0x0,0x0,0x74,0x1c,0x0,0x0,
0x3,0x3,0x0,0x0,0xe0,0x13,0x0,0x0,
0xa7,0x3,0x0,0x0,0xe3,0x15,0x0,0x0,
0xa3,0xe,0x0,0x0,0x80,0x1,0x0,0x0,
0xe7,0x3,0x0,0x0,0x13,0xf,0x0,0x0,
0x80,0x1,0x0,0x0,0xf7,0x3,0x0,0x0,
0x43,0xf,0x0,0x0,0x80,0x1,0x0,0x0,
0xf7,0x3,0x0,0x0,0x94,0x1c,0x0,0x0,
0x3,0x3,0x0,0x0,0xe0,0x13,0x0,0x0,
0xa7,0x3,0x0,0x0,0x3,0x3,0x0,0x0,
0x43,0xd,0x0,0x0,0x20,0x1b,0x0,0x0,
0x60,0x0,0x0,0x0,0x83,0xd,0x0,0x0,
0x87,0x4,0x0,0x0,0xb3,0x18,0x0,0x0,
0x60,0x0,0x0,0x0,0xb3,0x18,0x0,0x0,
0xb3,0x1c,0x0,0x0,0xc0,0x1c,0x0,0x0,
0xf3,0x16,0x0,0x0,0xc3,0xf,0x0,0x0,
0x80,0x1,0x0,0x0,0xe3,0xf,0x0,0x0,
0x80,0x1,0x0,0x0,0xd4,0x1c,0x0,0x0,
0xe3,0xf,0x0,0x0,0x80,0x1,0x0,0x0,
0x17,0x4,0x0,0x0,0xf3,0x16,0x0,0x0,
0x70,0x2,0x0,0x0,0xa7,0x3,0x0,0x0,
0x83,0x2,0x0,0x0,0xd7,0x18,0x0,0x0,
0xd7,0x18,0x0,0x0,0xf3,0x16,0x0,0x0,
0x24,0x1d,0x0,0x0,0xe0,0x13,0x0,0x0,
0x33,0x10,0x0,0x0,0x81,0x1,0x0,0x0,
0xe0,0x13,0x0,0x0,0xa7,0x3,0x0,0x0,
0xa3,0x10,0x0,0x0,0xf3,0x16,0x0,0x0,
0x33,0x10,0x0,0x0,0x80,0x1,0x0,0x0,
0x44,0x1d,0x0,0x0,0x81,0x1,0x0,0x0,
0xa3,0x10,0x0,0x0,0x80,0x1,0x0,0x0,
0xe0,0x13,0x0,0x0,0x93,0x2,0x0,0x0,
0x93,0x2,0x0,0x0,0xa3,0x10,0x0,0x0,
0x80,0x1,0x0,0x0,0xe0,0x13,0x0,0x0,
0xf3,0x16,0x0,0x0,0x70,0x2,0x0,0x0,
0xa7,0x3,0x0,0x0,0xf3,0x16,0x0,0x0,
0x24,0x1d,0x0,0x0,0xe0,0x13,0x0,0x0,
0x73,0x10,0x0,0x0,0x81,0x1,0x0,0x0,
0xe0,0x13,0x0,0x0,0xa7,0x3,0x0,0x0,
0xb3,0x10,0x0,0x0,0xf3,0x16,0x0,0x0,
0x73,0x10,0x0,0x0,0x80,0x1,0x0,0x0,
0x44,0x1d,0x0,0x0,0x81,0x1,0x0,0x0,
0xb3,0x10,0x0,0x0,0x80,0x1,0x0,0x0,
0xe0,0x13,0x0,0x0,0xa3,0x2,0x0,0x0,
0xa3,0x2,0x0,0x0,0xb3,0x10,0x0,0x0,
0x80,0x1,0x0,0x0,0xe0,0x13,0x0,0x0,
0xf3,0x16,0x0,0x0,0x70,0x2,0x0,0x0,
0xa7,0x3,0x0,0x0,0xf3,0x16,0x0,0x0,
0xa3,0x10,0x0,0x0,0x80,0x1,0x0,0x0,
0xb3,0x10,0x0,0x0,0x80,0x1,0x0,0x0,
0x64,0x1d,0x0,0x0,0xb3,0x2,0x0,0x0,
0xb3,0x2,0x0,0x0,0xb3,0x2,0x0,0x0,
0xf3,0x16,0x0,0x0,0x70,0x2,0x0,0x0,
0xa7,0x3,0x0,0x0,0xd7,0x18,0x0,0x0,
0x93,0x2,0x0,0x0,0xd7,0x18,0x0,0x0,
0xd7,0x18,0x0,0x0,0xd7,0x18,0x0,0x0,
0xa3,0x2,0x0,0x0,0xd7,0x18,0x0,0x0,
0xd7,0x18,0x0,0x0,0xd7,0x18,0x0,0x0,
0xb3,0x2,0x0,0x0,0xb3,0x2,0x0,0x0,
0x17,0x15,0x0,0x0,0xd7,0x18,0x0,0x0,
0xb3,0x18,0x0,0x0,0xf3,0x16,0x0,0x0,
0xd3,0x10,0x0,0x0,0x80,0x1,0x0,0x0,
0xa3,0x10,0x0,0x0,0x80,0x1,0x0,0x0,
0xe4,0x1d,0x0,0x0,0xd3,0x10,0x0,0x0,
0x80,0x1,0x0,0x0,0xa7,0x3,0x0,0x0,
0xe7,0x4,0x0,0x0,0xf3,0x16,0x0,0x0,
0xd3,0x10,0x0,0x0,0x80,0x1,0x0,0x0,
0xa3,0x10,0x0,0x0,0x80,0x1,0x0,0x0,
0x4,0x1e,0x0,0x0,0xd3,0x10,0x0,0x0,
0x80,0x1,0x0,0x0,0xa7,0x3,0x0,0x0,
0xe7,0x4,0x0,0x0,0xf3,0x16,0x0,0x0,
0xd3,0x10,0x0,0x0,0x80,0x1,0x0,0x0,
0x24,0x1e,0x0,0x0,0xd3,0x10,0x0,0x0,
0x80,0x1,0x0,0x0,0xa7,0x3,0x0,0x0,
0xe7,0x4,0x0,0x0,0xe3,0x15,0x0,0x0,
0xd3,0x10,0x0,0x0,0x80,0x1,0x0,0x0,
0x44,0x1e,0x0,0x0,0x63,0x3,0x0,0x0,
0x63,0x3,0x0,0x0,0xa7,0x4,0x0,0x0,
0xa7,0x3,0x0,0x0,0xe7,0x4,0x0,0x0,
0xd7,0x18,0x0,0x0,0x63,0x3,0x0,0x0,
0xa7,0x4,0x0,0x0,0x23,0x3,0x0,0x0,
0x43,0xd,0x0,0x0,0x20,0x1b,0x0,0x0,
0x60,0x0,0x0,0x0,0x83,0xd,0x0,0x0,
0xa7,0x4,0x0,0x0,0x83,0xd,0x0,0x0,
0xb3,0x18,0x0,0x0,0x60,0x0,0x0,0x0,
0xb3,0x18,0x0,0x0,0xf3,0x16,0x0,0x0,
0x23,0x11,0x0,0x0,0x80,0x1,0x0,0x0,
0x64,0x1e,0x0,0x0,0xf3,0x16,0x0,0x0,
0x70,0x2,0x0,0x0,0xe0,0x13,0x0,0x0,
0x23,0x11,0x0,0x0,0x80,0x1,0x0,0x0,
0xa7,0x3,0x0,0x0,0x83,0x1e,0x0,0x0,
0x23,0x11,0x0,0x0,0x80,0x1,0x0,0x0,
0x94,0x1e,0x0,0x0,0x23,0x11,0x0,0x0,
0x80,0x1,0x0,0x0,0xa7,0x3,0x0,0x0,
0xb3,0x18,0x0,0x0,0x3,0x17,0x0,0x0,
0x73,0x11,0x0,0x0,0x80,0x1,0x0,0x0,
0xb4,0x1e,0x0,0x0,0x73,0x11,0x0,0x0,
0x80,0x1,0x0,0x0,0x3,0x17,0x0,0x0,
0x70,0x2,0x0,0x0,0xa7,0x3,0x0,0x0,
0x3,0x17,0x0,0x0,0x73,0x11,0x0,0x0,
0x80,0x1,0x0,0x0,0xd4,0x1e,0x0,0x0,
0x73,0x11,0x0,0x0,0x80,0x1,0x0,0x0,
0x3,0x17,0x0,0x0,0x70,0x2,0x0,0x0,
0xa7,0x3,0x0,0x0,0x3,0x17,0x0,0x0,
0x73,0x11,0x0,0x0,0x80,0x1,0x0,0x0,
0x93,0x11,0x0,0x0,0x80,0x1,0x0,0x0,
0xf7,0x3,0x0,0x0,0xa3,0x11,0x0,0x0,
0x80,0x1,0x0,0x0,0xf7,0x3,0x0,0x0,
0xf4,0x1e,0x0,0x0,0x73,0x11,0x0,0x0,
0x80,0x1,0x0,0x0,0x3,0x17,0x0,0x0,
0x70,0x2,0x0,0x0,0xa7,0x3,0x0,0x0,
0xb3,0x18,0x0,0x0,0x60,0x0,0x0,0x0,
0xb3,0x18,0x0,0x0,0x13,0x1f,0x0,0x0,
0xf3,0x11,0x0,0x0,0x80,0x1,0x0,0x0,
0x7,0x4,0x0,0x0,0x23,0x12,0x0,0x0,
0x80,0x1,0x0,0x0,0x7,0x4,0x0,0x0,
0x43,0x12,0x0,0x0,0x80,0x1,0x0,0x0,
0x63,0x12,0x0,0x0,0x80,0x1,0x0,0x0,
0x24,0x1f,0x0,0x0,0xb3,0x12,0x0,0x0,
0x27,0x4,0x0,0x0,0x81,0x1,0x0,0x0,
0xb3,0x12,0x0,0x0,0x80,0x1,0x0,0x0,
0xe0,0x13,0x0,0x0,0xa7,0x3,0x0,0x0,
0x13,0x1f,0x0,0x0,0xf3,0x11,0x0,0x0,
0x80,0x1,0x0,0x0,0x7,0x4,0x0,0x0,
0x23,0x12,0x0,0x0,0x80,0x1,0x0,0x0,
0x7,0x4,0x0,0x0,0x43,0x12,0x0,0x0,
0x80,0x1,0x0,0x0,0x34,0x1f,0x0,0x0,
0xb3,0x12,0x0,0x0,0x27,0x4,0x0,0x0,
0x81,0x1,0x0,0x0,0xb3,0x12,0x0,0x0,
0x80,0x1,0x0,0x0,0xe0,0x13,0x0,0x0,
0xa7,0x3,0x0,0x0,0x13,0x1f,0x0,0x0,
0xf3,0x11,0x0,0x0,0x80,0x1,0x0,0x0,
0x7,0x4,0x0,0x0,0x23,0x12,0x0,0x0,
0x80,0x1,0x0,0x0,0x7,0x4,0x0,0x0,
0x44,0x1f,0x0,0x0,0xb3,0x12,0x0,0x0,
0x27,0x4,0x0,0x0,0x81,0x1,0x0,0x0,
0xb3,0x12,0x0,0x0,0x80,0x1,0x0,0x0,
0xe0,0x13,0x0,0x0,0xa7,0x3,0x0,0x0,
0x93,0xb,0x0,0x0,0x30,0x1a,0x0,0x0,
0xb3,0x18,0x0,0x0,0x13,0x13,0x0,0x0,
0x81,0x1,0x0,0x0,0xe3,0x15,0x0,0x0,
0xf0,0x17,0x0,0x0,0x13,0x17,0x0,0x0,
0xb0,0x17,0x0,0x0,0x13,0x17,0x0,0x0,
0xd0,0x17,0x0,0x0,0x77,0x3,0x0,0x0,
0x93,0xb,0x0,0x0,0x30,0x1a,0x0,0x0,
0x0,0x0,0x0,0x0,0x0,0x0,0x60,0x3f,
0x0,0x0,0x0,0x0,0x0,0xa0,0x7f,0x3f,
0x0,0x0,0x0,0x0,0x0,0x40,0x5,0xc0,
0x0,0x0,0x0,0x0,0x0,0x30,0x79,0x3f,
0x0,0x0,0x0,0x0,0x0,0x40,0xd1,0x3f,
0x0,0x0,0x0,0x0,0x0,0x40,0xd5,0x3f,
0x0,0x0,0x0,0x0,0x0,0x40,0xed,0x3f,
0x0,0x0,0x0,0x0,0x0,0x40,0xe9,0x3f,
0x0,0x0,0x0,0x0,0x0,0x40,0xab,0x3f,
0x0,0x0,0x0,0x0,0x0,0xc0,0x93,0x3f,
0x0,0x0,0x0,0x0,0x0,0x80,0x97,0x3f,
0x0,0x0,0x0,0x0,0x0,0xc0,0xa3,0x3f,
0x0,0x0,0x0,0x0,0x0,0xc0,0x94,0x3f,
0x0,0x0,0x0,0x0,0x0,0x0,0x85,0x3f,
0x0,0x0,0x0,0x0,0x0,0x40,0x91,0x3f,
0x0,0x0,0x0,0x0,0x0,0xc0,0x84,0x3f,
0x0,0x0,0x0,0x0,0x0,0x40,0xac,0x3f,
0x0,0x0,0x0,0x0,0x0,0x0,0x95,0x3f,
0x0,0x0,0x0,0x0,0x0,0x80,0x87,0x3f,
0x0,0x0,0x0,0x0,0x0,0x0,0x8f,0x3f,
0x0,0x0,0x0,0x0,0x0,0x60,0x89,0x3f,
0x0,0x0,0x0,0x0,0x0,0xc0,0x3,0x0,
0x2,0x0,0x0,0x0,0x0,0xc0,0x3,0x0,
0x0,0x0,0x0,0x0,0x0,0x0,0x3,0x0,
0x1,0x0,0x0,0x0,0x0,0x80,0x3,0x0,
0xa,0x0,0x0,0x0,0x0,0x0,0x0,0x0,
0xff,0xff,0xff,0xff,0xff,0xff,0xff,0xff,
0x7c,0x0,0x0,0x0,0x0,0x0,0x0,0x0,
0xff,0xff,0xff,0xff,0xff,0xff,0xff,0xff,
0x83,0x0,0x0,0x0,0x0,0x0,0x0,0x0,
0xff,0xff,0xff,0xff,0xff,0xff,0xff,0xff,
0x84,0x0,0x0,0x0,0x0,0x0,0x0,0x0,
0xff,0xff,0xff,0xff,0xff,0xff,0xff,0xff,
0x85,0x0,0x0,0x0,0x0,0x0,0x0,0x0,
0xff,0xff,0xff,0xff,0xff,0xff,0xff,0xff,
0x86,0x0,0x0,0x0,0x0,0x0,0x0,0x0,
0xff,0xff,0xff,0xff,0xff,0xff,0xff,0xff,
0x89,0x0,0x0,0x0,0x0,0x0,0x0,0x0,
0xff,0xff,0xff,0xff,0xff,0xff,0xff,0xff,
0x8f,0x0,0x0,0x0,0x0,0x0,0x0,0x0,
0xff,0xff,0xff,0xff,0xff,0xff,0xff,0xff,
0x90,0x0,0x0,0x0,0x0,0x0,0x0,0x0,
0xff,0xff,0xff,0xff,0xff,0xff,0xff,0xff,
0x91,0x0,0x0,0x0,0x0,0x0,0x0,0x0,
0xff,0xff,0xff,0xff,0xff,0xff,0xff,0xff,
0x92,0x0,0x0,0x0,0x0,0x0,0x0,0x0,
0xff,0xff,0xff,0xff,0xff,0xff,0xff,0xff,
0x93,0x0,0x0,0x0,0x0,0x0,0x0,0x0,
0xff,0xff,0xff,0xff,0xff,0xff,0xff,0xff,
0x94,0x0,0x0,0x0,0x0,0x0,0x0,0x0,
0xff,0xff,0xff,0xff,0xff,0xff,0xff,0xff,
0x95,0x0,0x0,0x0,0x0,0x0,0x0,0x0,
0xff,0xff,0xff,0xff,0xff,0xff,0xff,0xff,
0x96,0x0,0x0,0x0,0x0,0x0,0x0,0x0,
0xff,0xff,0xff,0xff,0xff,0xff,0xff,0xff,
0x9e,0x0,0x0,0x0,0x0,0x0,0x0,0x0,
0xff,0xff,0xff,0xff,0xff,0xff,0xff,0xff,
0xa1,0x0,0x0,0x0,0x0,0x0,0x0,0x0,
0xff,0xff,0xff,0xff,0xff,0xff,0xff,0xff,
0xa4,0x0,0x0,0x0,0x0,0x0,0x0,0x0,
0xff,0xff,0xff,0xff,0xff,0xff,0xff,0xff,
0xa5,0x0,0x0,0x0,0x0,0x0,0x0,0x0,
0xff,0xff,0xff,0xff,0xff,0xff,0xff,0xff,
0xa6,0x0,0x0,0x0,0x0,0x0,0x0,0x0,
0xff,0xff,0xff,0xff,0xff,0xff,0xff,0xff,
0xa8,0x0,0x0,0x0,0x0,0x0,0x0,0x0,
0xff,0xff,0xff,0xff,0xff,0xff,0xff,0xff,
0xab,0x0,0x0,0x0,0x0,0x0,0x0,0x0,
0xff,0xff,0xff,0xff,0xff,0xff,0xff,0xff,
0xac,0x0,0x0,0x0,0x0,0x0,0x0,0x0,
0xff,0xff,0xff,0xff,0xff,0xff,0xff,0xff,
0xad,0x0,0x0,0x0,0x0,0x0,0x0,0x0,
0xff,0xff,0xff,0xff,0xff,0xff,0xff,0xff,
0xb1,0x0,0x0,0x0,0x0,0x0,0x0,0x0,
0xff,0xff,0xff,0xff,0xff,0xff,0xff,0xff,
0xb2,0x0,0x0,0x0,0x0,0x0,0x0,0x0,
0xff,0xff,0xff,0xff,0xff,0xff,0xff,0xff,
0xb3,0x0,0x0,0x0,0x0,0x0,0x0,0x0,
0xff,0xff,0xff,0xff,0xff,0xff,0xff,0xff,
0xb4,0x0,0x0,0x0,0x0,0x0,0x0,0x0,
0xff,0xff,0xff,0xff,0xff,0xff,0xff,0xff,
0xb7,0x0,0x0,0x0,0x0,0x0,0x0,0x0,
0xff,0xff,0xff,0xff,0xff,0xff,0xff,0xff,
0xb8,0x0,0x0,0x0,0x0,0x0,0x0,0x0,
0xff,0xff,0xff,0xff,0xff,0xff,0xff,0xff,
0xbd,0x0,0x0,0x0,0x0,0x0,0x0,0x0,
0xff,0xff,0xff,0xff,0xff,0xff,0xff,0xff,
0xbe,0x0,0x0,0x0,0x0,0x0,0x0,0x0,
0xff,0xff,0xff,0xff,0xff,0xff,0xff,0xff,
0xc0,0x0,0x0,0x0,0x0,0x0,0x0,0x0,
0xff,0xff,0xff,0xff,0xff,0xff,0xff,0xff,
0xc1,0x0,0x0,0x0,0x0,0x0,0x0,0x0,
0xff,0xff,0xff,0xff,0xff,0xff,0xff,0xff,
0xc3,0x0,0x0,0x0,0x0,0x0,0x0,0x0,
0xff,0xff,0xff,0xff,0xff,0xff,0xff,0xff,
0xc4,0x0,0x0,0x0,0x0,0x0,0x0,0x0,
0xff,0xff,0xff,0xff,0xff,0xff,0xff,0xff,
0xc6,0x0,0x0,0x0,0x0,0x0,0x0,0x0,
0xff,0xff,0xff,0xff,0xff,0xff,0xff,0xff,
0xc7,0x0,0x0,0x0,0x0,0x0,0x0,0x0,
0xff,0xff,0xff,0xff,0xff,0xff,0xff,0xff,
0xc9,0x0,0x0,0x0,0x0,0x0,0x0,0x0,
0xff,0xff,0xff,0xff,0xff,0xff,0xff,0xff,
0xca,0x0,0x0,0x0,0x0,0x0,0x0,0x0,
0xff,0xff,0xff,0xff,0xff,0xff,0xff,0xff,
0xcc,0x0,0x0,0x0,0x0,0x0,0x0,0x0,
0xff,0xff,0xff,0xff,0xff,0xff,0xff,0xff,
0xcd,0x0,0x0,0x0,0x0,0x0,0x0,0x0,
0xff,0xff,0xff,0xff,0xff,0xff,0xff,0xff,
0xce,0x0,0x0,0x0,0x0,0x0,0x0,0x0,
0xff,0xff,0xff,0xff,0xff,0xff,0xff,0xff,
0xcf,0x0,0x0,0x0,0x0,0x0,0x0,0x0,
0xff,0xff,0xff,0xff,0xff,0xff,0xff,0xff,
0xd0,0x0,0x0,0x0,0x0,0x0,0x0,0x0,
0xff,0xff,0xff,0xff,0xff,0xff,0xff,0xff,
0xd1,0x0,0x0,0x0,0x0,0x0,0x0,0x0,
0xff,0xff,0xff,0xff,0xff,0xff,0xff,0xff,
0xd2,0x0,0x0,0x0,0x0,0x0,0x0,0x0,
0xff,0xff,0xff,0xff,0xff,0xff,0xff,0xff,
0xd3,0x0,0x0,0x0,0x0,0x0,0x0,0x0,
0xff,0xff,0xff,0xff,0xff,0xff,0xff,0xff,
0xda,0x0,0x0,0x0,0x0,0x0,0x0,0x0,
0xff,0xff,0xff,0xff,0xff,0xff,0xff,0xff,
0xb4,0x0,0x0,0x0,0x0,0x0,0x0,0x0,
0xff,0xff,0xff,0xff,0xff,0xff,0xff,0xff,
0xdb,0x0,0x0,0x0,0x0,0x0,0x0,0x0,
0xff,0xff,0xff,0xff,0xff,0xff,0xff,0xff,
0xdd,0x0,0x0,0x0,0x0,0x0,0x0,0x0,
0xff,0xff,0xff,0xff,0xff,0xff,0xff,0xff,
0xde,0x0,0x0,0x0,0x0,0x0,0x0,0x0,
0xff,0xff,0xff,0xff,0xff,0xff,0xff,0xff,
0xe0,0x0,0x0,0x0,0x0,0x0,0x0,0x0,
0xff,0xff,0xff,0xff,0xff,0xff,0xff,0xff,
0xe1,0x0,0x0,0x0,0x0,0x0,0x0,0x0,
0xff,0xff,0xff,0xff,0xff,0xff,0xff,0xff,
0xe4,0x0,0x0,0x0,0x0,0x0,0x0,0x0,
0xff,0xff,0xff,0xff,0xff,0xff,0xff,0xff,
0xe5,0x0,0x0,0x0,0x0,0x0,0x0,0x0,
0xff,0xff,0xff,0xff,0xff,0xff,0xff,0xff,
0xe6,0x0,0x0,0x0,0x0,0x0,0x0,0x0,
0xff,0xff,0xff,0xff,0xff,0xff,0xff,0xff,
0xd2,0x0,0x0,0x0,0x0,0x0,0x0,0x0,
0xff,0xff,0xff,0xff,0xff,0xff,0xff,0xff,
0xe7,0x0,0x0,0x0,0x0,0x0,0x0,0x0,
0xff,0xff,0xff,0xff,0xff,0xff,0xff,0xff,
0xe8,0x0,0x0,0x0,0x0,0x0,0x0,0x0,
0xff,0xff,0xff,0xff,0xff,0xff,0xff,0xff,
0xe9,0x0,0x0,0x0,0x0,0x0,0x0,0x0,
0xff,0xff,0xff,0xff,0xff,0xff,0xff,0xff,
0xec,0x0,0x0,0x0,0x0,0x0,0x0,0x0,
0xff,0xff,0xff,0xff,0xff,0xff,0xff,0xff,
0xb4,0x0,0x0,0x0,0x0,0x0,0x0,0x0,
0xff,0xff,0xff,0xff,0xff,0xff,0xff,0xff,
0xe1,0x0,0x0,0x0,0x0,0x0,0x0,0x0,
0xff,0xff,0xff,0xff,0xff,0xff,0xff,0xff,
0xf0,0x0,0x0,0x0,0x0,0x0,0x0,0x0,
0xff,0xff,0xff,0xff,0xff,0xff,0xff,0xff,
0xf3,0x0,0x0,0x0,0x0,0x0,0x0,0x0,
0xff,0xff,0xff,0xff,0xff,0xff,0xff,0xff,
0xf6,0x0,0x0,0x0,0x0,0x0,0x0,0x0,
0xff,0xff,0xff,0xff,0xff,0xff,0xff,0xff,
0xf7,0x0,0x0,0x0,0x0,0x0,0x0,0x0,
0xff,0xff,0xff,0xff,0xff,0xff,0xff,0xff,
0xf8,0x0,0x0,0x0,0x0,0x0,0x0,0x0,
0xff,0xff,0xff,0xff,0xff,0xff,0xff,0xff,
0xf9,0x0,0x0,0x0,0x0,0x0,0x0,0x0,
0xff,0xff,0xff,0xff,0xff,0xff,0xff,0xff,
0xfa,0x0,0x0,0x0,0x0,0x0,0x0,0x0,
0xff,0xff,0xff,0xff,0xff,0xff,0xff,0xff,
0xfb,0x0,0x0,0x0,0x0,0x0,0x0,0x0,
0xff,0xff,0xff,0xff,0xff,0xff,0xff,0xff,
0xfd,0x0,0x0,0x0,0x0,0x0,0x0,0x0,
0xff,0xff,0xff,0xff,0xff,0xff,0xff,0xff,
0x1,0x1,0x0,0x0,0x0,0x0,0x0,0x0,
0xff,0xff,0xff,0xff,0xff,0xff,0xff,0xff,
0x2,0x1,0x0,0x0,0x0,0x0,0x0,0x0,
0xff,0xff,0xff,0xff,0xff,0xff,0xff,0xff,
0x4,0x1,0x0,0x0,0x0,0x0,0x0,0x0,
0xff,0xff,0xff,0xff,0xff,0xff,0xff,0xff,
0x5,0x1,0x0,0x0,0x0,0x0,0x0,0x0,
0xff,0xff,0xff,0xff,0xff,0xff,0xff,0xff,
0x6,0x1,0x0,0x0,0x0,0x0,0x0,0x0,
0xff,0xff,0xff,0xff,0xff,0xff,0xff,0xff,
0x4,0x1,0x0,0x0,0x0,0x0,0x0,0x0,
0xff,0xff,0xff,0xff,0xff,0xff,0xff,0xff,
0x8,0x1,0x0,0x0,0x0,0x0,0x0,0x0,
0xff,0xff,0xff,0xff,0xff,0xff,0xff,0xff,
0x9,0x1,0x0,0x0,0x0,0x0,0x0,0x0,
0xff,0xff,0xff,0xff,0xff,0xff,0xff,0xff,
0xc,0x1,0x0,0x0,0x0,0x0,0x0,0x0,
0xff,0xff,0xff,0xff,0xff,0xff,0xff,0xff,
0xc4,0x0,0x0,0x0,0x0,0x0,0x0,0x0,
0xff,0xff,0xff,0xff,0xff,0xff,0xff,0xff,
0xe,0x1,0x0,0x0,0x0,0x0,0x0,0x0,
0xff,0xff,0xff,0xff,0xff,0xff,0xff,0xff,
0xf,0x1,0x0,0x0,0x0,0x0,0x0,0x0,
0xff,0xff,0xff,0xff,0xff,0xff,0xff,0xff,
0xcf,0x0,0x0,0x0,0x0,0x0,0x0,0x0,
0xff,0xff,0xff,0xff,0xff,0xff,0xff,0xff,
0x10,0x1,0x0,0x0,0x0,0x0,0x0,0x0,
0xff,0xff,0xff,0xff,0xff,0xff,0xff,0xff,
0xd2,0x0,0x0,0x0,0x0,0x0,0x0,0x0,
0xff,0xff,0xff,0xff,0xff,0xff,0xff,0xff,
0x11,0x1,0x0,0x0,0x0,0x0,0x0,0x0,
0xff,0xff,0xff,0xff,0xff,0xff,0xff,0xff,
0xb4,0x0,0x0,0x0,0x0,0x0,0x0,0x0,
0xff,0xff,0xff,0xff,0xff,0xff,0xff,0xff,
0x13,0x1,0x0,0x0,0x0,0x0,0x0,0x0,
0xff,0xff,0xff,0xff,0xff,0xff,0xff,0xff,
0x14,0x1,0x0,0x0,0x0,0x0,0x0,0x0,
0xff,0xff,0xff,0xff,0xff,0xff,0xff,0xff,
0x15,0x1,0x0,0x0,0x0,0x0,0x0,0x0,
0xff,0xff,0xff,0xff,0xff,0xff,0xff,0xff,
0x16,0x1,0x0,0x0,0x0,0x0,0x0,0x0,
0xff,0xff,0xff,0xff,0xff,0xff,0xff,0xff,
0x18,0x1,0x0,0x0,0x0,0x0,0x0,0x0,
0xff,0xff,0xff,0xff,0xff,0xff,0xff,0xff,
0xf0,0x0,0x0,0x0,0x0,0x0,0x0,0x0,
0xff,0xff,0xff,0xff,0xff,0xff,0xff,0xff,
0xf3,0x0,0x0,0x0,0x0,0x0,0x0,0x0,
0xff,0xff,0xff,0xff,0xff,0xff,0xff,0xff,
0x1b,0x1,0x0,0x0,0x0,0x0,0x0,0x0,
0xff,0xff,0xff,0xff,0xff,0xff,0xff,0xff,
0x1c,0x1,0x0,0x0,0x0,0x0,0x0,0x0,
0xff,0xff,0xff,0xff,0xff,0xff,0xff,0xff,
0x1d,0x1,0x0,0x0,0x0,0x0,0x0,0x0,
0xff,0xff,0xff,0xff,0xff,0xff,0xff,0xff,
0x96,0x0,0x0,0x0,0x0,0x0,0x0,0x0,
0xff,0xff,0xff,0xff,0xff,0xff,0xff,0xff,
0x1e,0x1,0x0,0x0,0x0,0x0,0x0,0x0,
0xff,0xff,0xff,0xff,0xff,0xff,0xff,0xff,
0x21,0x1,0x0,0x0,0x0,0x0,0x0,0x0,
0xff,0xff,0xff,0xff,0xff,0xff,0xff,0xff,
0xc7,0x0,0x0,0x0,0x0,0x0,0x0,0x0,
0xff,0xff,0xff,0xff,0xff,0xff,0xff,0xff,
0x25,0x1,0x0,0x0,0x0,0x0,0x0,0x0,
0xff,0xff,0xff,0xff,0xff,0xff,0xff,0xff,
0xc4,0x0,0x0,0x0,0x0,0x0,0x0,0x0,
0xff,0xff,0xff,0xff,0xff,0xff,0xff,0xff,
0x27,0x1,0x0,0x0,0x0,0x0,0x0,0x0,
0xff,0xff,0xff,0xff,0xff,0xff,0xff,0xff,
0x28,0x1,0x0,0x0,0x0,0x0,0x0,0x0,
0xff,0xff,0xff,0xff,0xff,0xff,0xff,0xff,
0x29,0x1,0x0,0x0,0x0,0x0,0x0,0x0,
0xff,0xff,0xff,0xff,0xff,0xff,0xff,0xff,
0x2a,0x1,0x0,0x0,0x0,0x0,0x0,0x0,
0xff,0xff,0xff,0xff,0xff,0xff,0xff,0xff,
0x2d,0x1,0x0,0x0,0x0,0x0,0x0,0x0,
0xff,0xff,0xff,0xff,0xff,0xff,0xff,0xff,
0x2e,0x1,0x0,0x0,0x0,0x0,0x0,0x0,
0xff,0xff,0xff,0xff,0xff,0xff,0xff,0xff,
0x2f,0x1,0x0,0x0,0x0,0x0,0x0,0x0,
0xff,0xff,0xff,0xff,0xff,0xff,0xff,0xff,
0x30,0x1,0x0,0x0,0x0,0x0,0x0,0x0,
0xff,0xff,0xff,0xff,0xff,0xff,0xff,0xff,
0x0,0x0,0x0,0x0,0x0,0x0,0x0,0x0,
0x44,0x0,0x0,0x0,0xe,0x0,0x0,0x0,
0xe,0x0,0x0,0x0,0x0,0x0,0x0,0x0,
0x38,0x0,0x0,0x0,0x0,0x0,0x0,0x0,
0x38,0x0,0x0,0x0,0x0,0x0,0x1,0x0,
0xff,0xff,0xff,0xff,0x8,0x0,0x0,0x0,
0x11,0x0,0x50,0x0,0x0,0x0,0x0,0x0,
0x0,0x0,0x7,0x0,0x0,0x0,0x0,0x0,
0x0,0x0,0x0,0x0,0x11,0x0,0x0,0x0,
0x1,0x0,0x0,0x0,0x2e,0x0,0x18,0x7,
0x13,0x32,0x1,0x0,0x0,0x6c,0x7,0x18,
0x6,0x2,0x0,0x0,0x0,0x0,0x0,0x0,
0x44,0x0,0x0,0x0,0x6,0x0,0x0,0x0,
0x2d,0x0,0x0,0x0,0x0,0x0,0x0,0x0,
0x38,0x0,0x0,0x0,0x0,0x0,0x0,0x0,
0x38,0x0,0x0,0x0,0x0,0x0,0x1,0x0,
0xff,0xff,0xff,0xff,0x7,0x0,0x0,0x0,
0x26,0x0,0x50,0x0,0x0,0x0,0x0,0x0,
0x0,0x0,0x7,0x0,0x0,0x0,0x0,0x0,
0x0,0x0,0x0,0x0,0x26,0x0,0x0,0x0,
0x1,0x0,0x0,0x0,0xe8,0x0,0x0,0x18,
0x6,0x2,0x0,0x0,0x0,0x0,0x0,0x0,
0x44,0x0,0x0,0x0,0x6,0x0,0x0,0x0,
0x2f,0x0,0x0,0x0,0x0,0x0,0x0,0x0,
0x38,0x0,0x0,0x0,0x0,0x0,0x0,0x0,
0x38,0x0,0x0,0x0,0x0,0x0,0x1,0x0,
0xff,0xff,0xff,0xff,0x7,0x0,0x0,0x0,
0x27,0x0,0x50,0x0,0x0,0x0,0x0,0x0,
0x0,0x0,0x7,0x0,0x0,0x0,0x0,0x0,
0x0,0x0,0x0,0x0,0x27,0x0,0x0,0x0,
0x1,0x0,0x0,0x0,0xe8,0x0,0x0,0x18,
0x6,0x2,0x0,0x0,0x0,0x0,0x0,0x0,
0x44,0x0,0x0,0x0,0x6,0x0,0x0,0x0,
0x31,0x0,0x0,0x0,0x0,0x0,0x0,0x0,
0x38,0x0,0x0,0x0,0x0,0x0,0x0,0x0,
0x38,0x0,0x0,0x0,0x0,0x0,0x1,0x0,
0xff,0xff,0xff,0xff,0x7,0x0,0x0,0x0,
0x28,0x0,0x50,0x0,0x0,0x0,0x0,0x0,
0x0,0x0,0x7,0x0,0x0,0x0,0x0,0x0,
0x0,0x0,0x0,0x0,0x28,0x0,0x0,0x0,
0x1,0x0,0x0,0x0,0xe8,0x0,0x0,0x18,
0x6,0x2,0x0,0x0,0x0,0x0,0x0,0x0,
0x44,0x0,0x0,0x0,0x6,0x0,0x0,0x0,
0x33,0x0,0x0,0x0,0x0,0x0,0x0,0x0,
0x38,0x0,0x0,0x0,0x0,0x0,0x0,0x0,
0x38,0x0,0x0,0x0,0x0,0x0,0x1,0x0,
0xff,0xff,0xff,0xff,0x7,0x0,0x0,0x0,
0x29,0x0,0x50,0x0,0x0,0x0,0x0,0x0,
0x0,0x0,0x7,0x0,0x0,0x0,0x0,0x0,
0x0,0x0,0x0,0x0,0x29,0x0,0x0,0x0,
0x1,0x0,0x0,0x0,0xe8,0x0,0x0,0x18,
0x6,0x2,0x0,0x0,0x0,0x0,0x0,0x0,
0xa0,0x0,0x0,0x0,0x7b,0x0,0x0,0x0,
0x37,0x0,0x0,0x0,0x1,0x0,0x1,0x0,
0x38,0x0,0x0,0x0,0x0,0x0,0x0,0x0,
0x40,0x0,0x0,0x0,0x0,0x0,0x8,0x0,
0xff,0xff,0xff,0xff,0x10,0x0,0x0,0x0,
0x2e,0x0,0x50,0x0,0x0,0x0,0x0,0x0,
0x0,0x0,0x8,0x0,0x1,0x0,0x0,0x0,
0x38,0x0,0x0,0x0,0x0,0x0,0x0,0x0,
0x0,0x0,0x0,0x0,0x2f,0x0,0x0,0x0,
0x1,0x0,0x0,0x0,0x1c,0x0,0x0,0x0,
0x30,0x0,0x0,0x0,0x3,0x0,0x0,0x0,
0x20,0x0,0x0,0x0,0x31,0x0,0x0,0x0,
0x5,0x0,0x0,0x0,0x33,0x0,0x0,0x0,
0x32,0x0,0x0,0x0,0x6,0x0,0x0,0x0,
0x38,0x0,0x0,0x0,0x33,0x0,0x0,0x0,
0x7,0x0,0x0,0x0,0x3a,0x0,0x0,0x0,
0x34,0x0,0x0,0x0,0x9,0x0,0x0,0x0,
0x6c,0x0,0x0,0x0,0x35,0x0,0x0,0x0,
0xb,0x0,0x0,0x0,0x79,0x0,0x0,0x0,
0x36,0x0,0x0,0x0,0xb,0x0,0x0,0x0,
0x2e,0x1,0x18,0x9,0x2e,0x2,0x18,0xe,
0xb8,0xe,0x0,0x0,0x18,0xc,0x13,0x36,
0x1,0x0,0x0,0x18,0xd,0xac,0x3,0x9,
0x2,0xc,0x18,0x8,0x16,0x6,0x30,0x26,
0x2e,0x4,0x18,0x9,0x13,0x39,0x1,0x0,
0x0,0x18,0xc,0x1a,0x6,0xd,0xac,0x5,
0x9,0x2,0xc,0x2e,0x6,0x74,0x50,0x2,
0xe,0x2,0x2e,0x7,0x18,0x9,0x3c,0x8,
0x18,0xa,0x13,0x3a,0x1,0x0,0x0,0x18,
0xb,0x16,0x8,0x80,0xb,0x18,0xc,0x13,
0x3b,0x1,0x0,0x0,0x80,0xc,0x18,0xd,
0x16,0x6,0x80,0xd,0x18,0xe,0x13,0x3c,
0x1,0x0,0x0,0x80,0xe,0x80,0xa,0x18,
0xf,0x42,0x9,0x9,0x2e,0xa,0x18,0x9,
0x2e,0xb,0x3c,0xc,0x3c,0xd,0x42,0xe,
0x9,0xe,0x2,0x0,0x0,0x0,0x0,0x0,
0x7c,0x0,0x0,0x0,0x29,0x0,0x0,0x0,
0x39,0x0,0x0,0x0,0x1,0x0,0x1,0x0,
0x38,0x0,0x0,0x0,0x0,0x0,0x0,0x0,
0x40,0x0,0x0,0x0,0x0,0x0,0x5,0x0,
0xff,0xff,0xff,0xff,0xc,0x0,0x0,0x0,
0x38,0x0,0x50,0x0,0x0,0x0,0x0,0x0,
0x0,0x0,0x8,0x0,0x0,0x0,0x0,0x0,
0x38,0x0,0x0,0x0,0x0,0x0,0x0,0x0,
0x0,0x0,0x0,0x0,0x39,0x0,0x0,0x0,
0x1,0x0,0x0,0x0,0x10,0x0,0x0,0x0,
0x3a,0x0,0x0,0x0,0x2,0x0,0x0,0x0,
0x12,0x0,0x0,0x0,0x3b,0x0,0x0,0x0,
0x4,0x0,0x0,0x0,0x16,0x0,0x0,0x0,
0x3c,0x0,0x0,0x0,0x6,0x0,0x0,0x0,
0x27,0x0,0x0,0x0,0x3d,0x0,0x0,0x0,
0x6,0x0,0x0,0x0,0x16,0x6,0x74,0x4e,
0xb,0x16,0x6,0x3c,0xf,0x18,0x8,0x6,
0x6c,0x8,0x50,0x2,0xe,0x2,0x16,0x6,
0x30,0x27,0x13,0x3f,0x1,0x0,0x0,0x18,
0xb,0x16,0x6,0x80,0xb,0x18,0xa,0xb4,
0x10,0x1,0xa,0xe,0x2,0x0,0x0,0x0,
0x0,0x0,0x0,0x0,0x0,0x0,0x0,0x0,
0x8c,0x0,0x0,0x0,0x4d,0x0,0x0,0x0,
0x3a,0x0,0x0,0x0,0x3,0x0,0x3,0x0,
0x38,0x0,0x0,0x0,0x0,0x0,0x0,0x0,
0x50,0x0,0x0,0x0,0x0,0x0,0x5,0x0,
0xff,0xff,0xff,0xff,0x10,0x0,0x0,0x0,
0x3f,0x0,0x50,0x0,0x0,0x0,0x0,0x0,
0x0,0x0,0xa,0x0,0x1,0x0,0x0,0x0,
0x3b,0x0,0x0,0x0,0x0,0x0,0x0,0x0,
0x3c,0x0,0x0,0x0,0x0,0x0,0x0,0x0,
0x3d,0x0,0x0,0x0,0x0,0x0,0x0,0x0,
0x0,0x0,0x0,0x0,0x40,0x0,0x0,0x0,
0x1,0x0,0x0,0x0,0x2a,0x0,0x0,0x0,
0x41,0x0,0x0,0x0,0x1,0x0,0x0,0x0,
0x43,0x0,0x0,0x0,0x40,0x0,0x0,0x0,
0x1,0x0,0x0,0x0,0x47,0x0,0x0,0x0,
0x42,0x0,0x0,0x0,0x3,0x0,0x0,0x0,
0x4b,0x0,0x0,0x0,0x43,0x0,0x0,0x0,
0x3,0x0,0x0,0x0,0x13,0x40,0x1,0x0,
0x0,0x18,0xb,0x16,0x6,0x80,0xb,0x18,
0xc,0x13,0x41,0x1,0x0,0x0,0x80,0xc,
0x18,0xd,0x16,0x7,0x50,0x7,0x13,0x42,
0x1,0x0,0x0,0x4c,0x5,0x13,0x43,0x1,
0x0,0x0,0x80,0xd,0x18,0xe,0x16,0x8,
0x50,0x13,0x16,0x8,0x3c,0x11,0x50,0xd,
0x13,0x44,0x1,0x0,0x0,0x18,0xf,0x16,
0x8,0x80,0xf,0x4c,0x2,0x12,0x0,0x80,
0xe,0x18,0xa,0xb4,0x12,0x1,0xa,0xe,
0x2,0x0,0x0,0x0,0x0,0x0,0x0,0x0,
0x58,0x0,0x0,0x0,0x12,0x0,0x0,0x0,
0x3e,0x0,0x0,0x0,0x1,0x0,0x1,0x0,
0x38,0x0,0x0,0x0,0x0,0x0,0x0,0x0,
0x40,0x0,0x0,0x0,0x0,0x0,0x2,0x0,
0xff,0xff,0xff,0xff,0xc,0x0,0x0,0x0,
0x45,0x0,0x50,0x0,0x0,0x0,0x0,0x0,
0x0,0x0,0x8,0x0,0x1,0x0,0x0,0x0,
0x18,0x0,0x0,0x0,0x0,0x0,0x0,0x0,
0x0,0x0,0x0,0x0,0x46,0x0,0x0,0x0,
0x1,0x0,0x0,0x0,0x6,0x0,0x0,0x0,
0x47,0x0,0x0,0x0,0x2,0x0,0x0,0x0,
0xb4,0x13,0x1,0x6,0x18,0x8,0xb4,0x14,
0x1,0x8,0x50,0x3,0x6,0x4c,0x2,0x16,
0x8,0x2,0x0,0x0,0x0,0x0,0x0,0x0,
0x58,0x0,0x0,0x0,0x3a,0x0,0x0,0x0,
0x3f,0x0,0x0,0x0,0x1,0x0,0x1,0x0,
0x38,0x0,0x0,0x0,0x0,0x0,0x0,0x0,
0x40,0x0,0x0,0x0,0x0,0x0,0x2,0x0,
0xff,0xff,0xff,0xff,0x12,0x0,0x0,0x0,
0x4a,0x0,0x50,0x0,0x0,0x0,0x0,0x0,
0x0,0x0,0x8,0x0,0x1,0x0,0x0,0x0,
0x18,0x0,0x0,0x0,0x0,0x0,0x0,0x0,
0x0,0x0,0x0,0x0,0x4b,0x0,0x0,0x0,
0x1,0x0,0x0,0x0,0x20,0x0,0x0,0x0,
0x4c,0x0,0x0,0x0,0x2,0x0,0x0,0x0,
0x2e,0x15,0x18,0x9,0x2e,0x16,0x18,0xf,
0xac,0x17,0xf,0x0,0x0,0x18,0xc,0x1a,
0x6,0xd,0x13,0x49,0x1,0x0,0x0,0x18,
0xe,0xac,0x18,0x9,0x3,0xc,0x18,0x8,
0xac,0x19,0x8,0x0,0x0,0x18,0xb,0xb4,
0x1a,0x1,0xb,0x50,0xa,0x2e,0x1b,0x18,
0x9,0xb8,0x9,0x0,0x0,0x4c,0x2,0x16,
0x8,0x2,0x0,0x0,0x0,0x0,0x0,0x0,
0x58,0x0,0x0,0x0,0x3a,0x0,0x0,0x0,
0x40,0x0,0x0,0x0,0x1,0x0,0x1,0x0,
0x38,0x0,0x0,0x0,0x0,0x0,0x0,0x0,
0x40,0x0,0x0,0x0,0x0,0x0,0x2,0x0,
0xff,0xff,0xff,0xff,0x12,0x0,0x0,0x0,
0x4f,0x0,0x50,0x0,0x0,0x0,0x0,0x0,
0x0,0x0,0x8,0x0,0x1,0x0,0x0,0x0,
0x18,0x0,0x0,0x0,0x0,0x0,0x0,0x0,
0x0,0x0,0x0,0x0,0x50,0x0,0x0,0x0,
0x1,0x0,0x0,0x0,0x20,0x0,0x0,0x0,
0x51,0x0,0x0,0x0,0x2,0x0,0x0,0x0,
0x2e,0x1c,0x18,0x9,0x2e,0x1d,0x18,0xf,
0xac,0x1e,0xf,0x0,0x0,0x18,0xc,0x1a,
0x6,0xd,0x13,0x4b,0x1,0x0,0x0,0x18,
0xe,0xac,0x1f,0x9,0x3,0xc,0x18,0x8,
0xac,0x20,0x8,0x0,0x0,0x18,0xb,0xb4,
0x21,0x1,0xb,0x50,0xa,0x2e,0x22,0x18,
0x9,0xb8,0x9,0x0,0x0,0x4c,0x2,0x16,
0x8,0x2,0x0,0x0,0x0,0x0,0x0,0x0,
0x7c,0x0,0x0,0x0,0x4f,0x0,0x0,0x0,
0x41,0x0,0x0,0x0,0x1,0x0,0x1,0x0,
0x38,0x0,0x0,0x0,0x0,0x0,0x0,0x0,
0x40,0x0,0x0,0x0,0x0,0x0,0x5,0x0,
0xff,0xff,0xff,0xff,0xe,0x0,0x0,0x0,
0x54,0x0,0x50,0x0,0x0,0x0,0x0,0x0,
0x0,0x0,0x8,0x0,0x0,0x0,0x0,0x0,
0x18,0x0,0x0,0x0,0x0,0x0,0x0,0x0,
0x0,0x0,0x0,0x0,0x55,0x0,0x0,0x0,
0x1,0x0,0x0,0x0,0x10,0x0,0x0,0x0,
0x56,0x0,0x0,0x0,0x2,0x0,0x0,0x0,
0x13,0x0,0x0,0x0,0x57,0x0,0x0,0x0,
0x3,0x0,0x0,0x0,0x1f,0x0,0x0,0x0,
0x58,0x0,0x0,0x0,0x4,0x0,0x0,0x0,
0x25,0x0,0x0,0x0,0x59,0x0,0x0,0x0,
0x5,0x0,0x0,0x0,0x16,0x6,0x74,0x4e,
0xb,0x16,0x6,0x3c,0x23,0x18,0x8,0x6,
0x6c,0x8,0x50,0x3,0x12,0x0,0x2,0x16,
0x6,0x3c,0x24,0x18,0x8,0x10,0x4,0x6a,
0x8,0x50,0x6,0x13,0x4c,0x1,0x0,0x0,
0x2,0x14,0x15,0xa,0x14,0x16,0xb,0xac,
0x25,0x6,0x2,0xa,0x18,0x8,0x13,0x4c,
0x1,0x0,0x0,0x80,0x8,0x18,0x9,0x16,
0x6,0x3c,0x26,0x18,0xd,0x10,0x2,0xa2,
0xd,0x18,0xc,0xac,0x27,0x6,0x1,0xc,
0x80,0x9,0x2,0x0,0x0,0x0,0x0,0x0,
0x70,0x0,0x0,0x0,0x36,0x0,0x0,0x0,
0x42,0x0,0x0,0x0,0x1,0x0,0x1,0x0,
0x38,0x0,0x0,0x0,0x0,0x0,0x0,0x0,
0x40,0x0,0x0,0x0,0x0,0x0,0x4,0x0,
0xff,0xff,0xff,0xff,0xe,0x0,0x0,0x0,
0x5c,0x0,0x50,0x0,0x0,0x0,0x0,0x0,
0x0,0x0,0x8,0x0,0x0,0x0,0x0,0x0,
0x43,0x0,0x0,0x0,0x0,0x0,0x0,0x0,
0x0,0x0,0x0,0x0,0x5d,0x0,0x0,0x0,
0x1,0x0,0x0,0x0,0x2,0x0,0x0,0x0,
0x5e,0x0,0x0,0x0,0x3,0x0,0x0,0x0,
0x26,0x0,0x0,0x0,0x60,0x0,0x0,0x0,
0x4,0x0,0x0,0x0,0x33,0x0,0x0,0x0,
0x62,0x0,0x0,0x0,0x4,0x0,0x0,0x0,
0xbc,0x17,0x2e,0x28,0x18,0x8,0x1a,0x6,
0xb,0x14,0x17,0xc,0x14,0x16,0xd,0xac,
0x29,0x8,0x3,0xb,0x18,0x7,0xc0,0x1,
0x1a,0x52,0x15,0xcd,0x0,0x0,0x0,0x0,
0x50,0x1,0x0,0x0,0xbc,0x9,0xb4,0x2a,
0x1,0x6,0x18,0x7,0xc0,0x1,0x4,0xd4,
0xbc,0x0,0xbe,0x16,0x7,0x2,0x0,0x0,
0x0,0x0,0x0,0x0,0x0,0x0,0x0,0x0,
0x88,0x0,0x0,0x0,0x5d,0x0,0x0,0x0,
0x44,0x0,0x0,0x0,0x1,0x0,0x1,0x0,
0x38,0x0,0x0,0x0,0x0,0x0,0x0,0x0,
0x40,0x0,0x0,0x0,0x0,0x0,0x6,0x0,
0xff,0xff,0xff,0xff,0x11,0x0,0x0,0x0,
0x64,0x0,0x50,0x0,0x0,0x0,0x0,0x0,
0x0,0x0,0x8,0x0,0x0,0x0,0x0,0x0,
0x45,0x0,0x0,0x0,0x0,0x0,0x0,0x0,
0x0,0x0,0x0,0x0,0x65,0x0,0x0,0x0,
0x1,0x0,0x0,0x0,0x5,0x0,0x0,0x0,
0x66,0x0,0x0,0x0,0x2,0x0,0x0,0x0,
0xb,0x0,0x0,0x0,0x67,0x0,0x0,0x0,
0x3,0x0,0x0,0x0,0x47,0x0,0x0,0x0,
0x68,0x0,0x0,0x0,0x3,0x0,0x0,0x0,
0x52,0x0,0x0,0x0,0x67,0x0,0x0,0x0,
0x3,0x0,0x0,0x0,0x58,0x0,0x0,0x0,
0x68,0x0,0x0,0x0,0x3,0x0,0x0,0x0,
0x16,0x6,0x74,0x50,0x6,0x13,0x52,0x1,
0x0,0x0,0x2,0x13,0x53,0x1,0x0,0x0,
0x18,0x8,0x16,0x6,0x3c,0x2b,0x80,0x8,
0x18,0x9,0x13,0x44,0x1,0x0,0x0,0x80,
0x9,0x18,0xa,0x16,0x6,0x3c,0x2c,0x80,
0xa,0x18,0xb,0x13,0x44,0x1,0x0,0x0,
0x80,0xb,0x18,0xc,0x16,0x6,0x3c,0x2d,
0x80,0xc,0x18,0xd,0x13,0x44,0x1,0x0,
0x0,0x80,0xd,0x18,0xe,0x16,0x6,0x3c,
0x2e,0x80,0xe,0x18,0xf,0x13,0x44,0x1,
0x0,0x0,0x80,0xf,0x18,0x10,0x16,0x6,
0x3c,0x2f,0x80,0x10,0x2,0x0,0x0,0x0,
0x88,0x0,0x0,0x0,0x5d,0x0,0x0,0x0,
0x46,0x0,0x0,0x0,0x1,0x0,0x1,0x0,
0x38,0x0,0x0,0x0,0x0,0x0,0x0,0x0,
0x40,0x0,0x0,0x0,0x0,0x0,0x6,0x0,
0xff,0xff,0xff,0xff,0x11,0x0,0x0,0x0,
0x6b,0x0,0x50,0x0,0x0,0x0,0x0,0x0,
0x0,0x0,0x8,0x0,0x0,0x0,0x0,0x0,
0x47,0x0,0x0,0x0,0x0,0x0,0x0,0x0,
0x0,0x0,0x0,0x0,0x6c,0x0,0x0,0x0,
0x1,0x0,0x0,0x0,0x5,0x0,0x0,0x0,
0x6d,0x0,0x0,0x0,0x2,0x0,0x0,0x0,
0xb,0x0,0x0,0x0,0x6e,0x0,0x0,0x0,
0x3,0x0,0x0,0x0,0x47,0x0,0x0,0x0,
0x6f,0x0,0x0,0x0,0x3,0x0,0x0,0x0,
0x52,0x0,0x0,0x0,0x6e,0x0,0x0,0x0,
0x3,0x0,0x0,0x0,0x58,0x0,0x0,0x0,
0x6f,0x0,0x0,0x0,0x3,0x0,0x0,0x0,
0x16,0x6,0x74,0x50,0x6,0x13,0x57,0x1,
0x0,0x0,0x2,0x13,0x53,0x1,0x0,0x0,
0x18,0x8,0x16,0x6,0x3c,0x30,0x80,0x8,
0x18,0x9,0x13,0x44,0x1,0x0,0x0,0x80,
0x9,0x18,0xa,0x16,0x6,0x3c,0x31,0x80,
0xa,0x18,0xb,0x13,0x44,0x1,0x0,0x0,
0x80,0xb,0x18,0xc,0x16,0x6,0x3c,0x32,
0x80,0xc,0x18,0xd,0x13,0x44,0x1,0x0,
0x0,0x80,0xd,0x18,0xe,0x16,0x6,0x3c,
0x33,0x80,0xe,0x18,0xf,0x13,0x44,0x1,
0x0,0x0,0x80,0xf,0x18,0x10,0x16,0x6,
0x3c,0x34,0x80,0x10,0x2,0x0,0x0,0x0,
0xa0,0x0,0x0,0x0,0x6f,0x0,0x0,0x0,
0x48,0x0,0x0,0x0,0x1,0x0,0x1,0x0,
0x38,0x0,0x0,0x0,0x0,0x0,0x0,0x0,
0x40,0x0,0x0,0x0,0x0,0x0,0x8,0x0,
0xff,0xff,0xff,0xff,0x12,0x0,0x0,0x0,
0x72,0x0,0x50,0x0,0x0,0x0,0x0,0x0,
0x0,0x0,0x8,0x0,0x0,0x0,0x0,0x0,
0x49,0x0,0x0,0x0,0x0,0x0,0x0,0x0,
0x0,0x0,0x0,0x0,0x73,0x0,0x0,0x0,
0x1,0x0,0x0,0x0,0x5,0x0,0x0,0x0,
0x74,0x0,0x0,0x0,0x2,0x0,0x0,0x0,
0xb,0x0,0x0,0x0,0x75,0x0,0x0,0x0,
0x3,0x0,0x0,0x0,0x34,0x0,0x0,0x0,
0x76,0x0,0x0,0x0,0x3,0x0,0x0,0x0,
0x4a,0x0,0x0,0x0,0x75,0x0,0x0,0x0,
0x3,0x0,0x0,0x0,0x59,0x0,0x0,0x0,
0x77,0x0,0x0,0x0,0x3,0x0,0x0,0x0,
0x64,0x0,0x0,0x0,0x75,0x0,0x0,0x0,
0x3,0x0,0x0,0x0,0x6a,0x0,0x0,0x0,
0x77,0x0,0x0,0x0,0x3,0x0,0x0,0x0,
0x16,0x6,0x74,0x50,0x6,0x13,0x58,0x1,
0x0,0x0,0x2,0x13,0x53,0x1,0x0,0x0,
0x18,0x8,0x16,0x6,0x3c,0x35,0x80,0x8,
0x18,0x9,0x13,0x59,0x1,0x0,0x0,0x80,
0x9,0x18,0xa,0x16,0x6,0x3c,0x36,0x80,
0xa,0x18,0xb,0x13,0x44,0x1,0x0,0x0,
0x80,0xb,0x18,0xc,0x2e,0x37,0x18,0xd,
0x16,0x6,0x3c,0x38,0x18,0x10,0x13,0x49,
0x1,0x0,0x0,0x18,0x11,0xac,0x39,0xd,
0x2,0x10,0x80,0xc,0x18,0xd,0x13,0x44,
0x1,0x0,0x0,0x80,0xd,0x18,0xe,0x16,
0x6,0x3c,0x3a,0x80,0xe,0x18,0xf,0x13,
0x44,0x1,0x0,0x0,0x80,0xf,0x18,0x10,
0x16,0x6,0x3c,0x3b,0x80,0x10,0x2,0x0,
0x88,0x0,0x0,0x0,0x4c,0x0,0x0,0x0,
0x4a,0x0,0x0,0x0,0x1,0x0,0x1,0x0,
0x38,0x0,0x0,0x0,0x0,0x0,0x0,0x0,
0x40,0x0,0x0,0x0,0x0,0x0,0x6,0x0,
0xff,0xff,0xff,0xff,0xf,0x0,0x0,0x0,
0x7a,0x0,0x50,0x0,0x0,0x0,0x0,0x0,
0x0,0x0,0x8,0x0,0x0,0x0,0x0,0x0,
0x4b,0x0,0x0,0x0,0x0,0x0,0x0,0x0,
0x0,0x0,0x0,0x0,0x7b,0x0,0x0,0x0,
0x1,0x0,0x0,0x0,0x5,0x0,0x0,0x0,
0x7c,0x0,0x0,0x0,0x2,0x0,0x0,0x0,
0xb,0x0,0x0,0x0,0x7d,0x0,0x0,0x0,
0x3,0x0,0x0,0x0,0x36,0x0,0x0,0x0,
0x7e,0x0,0x0,0x0,0x3,0x0,0x0,0x0,
0x41,0x0,0x0,0x0,0x7d,0x0,0x0,0x0,
0x3,0x0,0x0,0x0,0x47,0x0,0x0,0x0,
0x7e,0x0,0x0,0x0,0x3,0x0,0x0,0x0,
0x16,0x6,0x74,0x50,0x6,0x13,0x5b,0x1,
0x0,0x0,0x2,0x13,0x53,0x1,0x0,0x0,
0x18,0x8,0x16,0x6,0x3c,0x3c,0x80,0x8,
0x18,0x9,0x13,0x59,0x1,0x0,0x0,0x80,
0x9,0x18,0xa,0x16,0x6,0x3c,0x3d,0x80,
0xa,0x18,0xb,0x13,0x5c,0x1,0x0,0x0,
0x80,0xb,0x18,0xc,0x16,0x6,0x3c,0x3e,
0x80,0xc,0x18,0xd,0x13,0x44,0x1,0x0,
0x0,0x80,0xd,0x18,0xe,0x16,0x6,0x3c,
0x3f,0x80,0xe,0x2,0x0,0x0,0x0,0x0,
0x5c,0x0,0x0,0x0,0x2a,0x0,0x0,0x0,
0x4c,0x0,0x0,0x0,0x0,0x0,0x0,0x0,
0x38,0x0,0x0,0x0,0x0,0x0,0x0,0x0,
0x38,0x0,0x0,0x0,0x0,0x0,0x3,0x0,
0xff,0xff,0xff,0xff,0xd,0x0,0x0,0x0,
0x81,0x0,0x50,0x0,0x0,0x0,0x0,0x0,
0x0,0x0,0x7,0x0,0x0,0x0,0x0,0x0,
0x0,0x0,0x0,0x0,0x82,0x0,0x0,0x0,
0x2,0x0,0x0,0x0,0xb,0x0,0x0,0x0,
0x83,0x0,0x0,0x0,0x4,0x0,0x0,0x0,
0x28,0x0,0x0,0x0,0x84,0x0,0x0,0x0,
0x4,0x0,0x0,0x0,0x2e,0x40,0x18,0x7,
0xac,0x41,0x7,0x0,0x0,0x30,0x2c,0x13,
0x60,0x1,0x0,0x0,0x18,0x9,0x14,0x18,
0xa,0x13,0x61,0x1,0x0,0x0,0x18,0xc,
0x2e,0x42,0x3c,0x43,0x80,0xc,0x18,0xb,
0xb4,0x44,0x3,0x9,0xe,0x2,0x0,0x0,
0x0,0x0,0x0,0x0,0x0,0x0,0x0,0x0,
0x5c,0x0,0x0,0x0,0x2a,0x0,0x0,0x0,
0x4d,0x0,0x0,0x0,0x0,0x0,0x0,0x0,
0x38,0x0,0x0,0x0,0x0,0x0,0x0,0x0,
0x38,0x0,0x0,0x0,0x0,0x0,0x3,0x0,
0xff,0xff,0xff,0xff,0xd,0x0,0x0,0x0,
0x86,0x0,0x50,0x0,0x0,0x0,0x0,0x0,
0x0,0x0,0x7,0x0,0x0,0x0,0x0,0x0,
0x0,0x0,0x0,0x0,0x87,0x0,0x0,0x0,
0x2,0x0,0x0,0x0,0xb,0x0,0x0,0x0,
0x88,0x0,0x0,0x0,0x4,0x0,0x0,0x0,
0x28,0x0,0x0,0x0,0x89,0x0,0x0,0x0,
0x4,0x0,0x0,0x0,0x2e,0x45,0x18,0x7,
0xac,0x46,0x7,0x0,0x0,0x30,0x2e,0x13,
0x63,0x1,0x0,0x0,0x18,0x9,0x14,0x18,
0xa,0x13,0x61,0x1,0x0,0x0,0x18,0xc,
0x2e,0x47,0x3c,0x48,0x80,0xc,0x18,0xb,
0xb4,0x49,0x3,0x9,0xe,0x2,0x0,0x0,
0x0,0x0,0x0,0x0,0x0,0x0,0x0,0x0,
0x5c,0x0,0x0,0x0,0x2a,0x0,0x0,0x0,
0x4e,0x0,0x0,0x0,0x0,0x0,0x0,0x0,
0x38,0x0,0x0,0x0,0x0,0x0,0x0,0x0,
0x38,0x0,0x0,0x0,0x0,0x0,0x3,0x0,
0xff,0xff,0xff,0xff,0xd,0x0,0x0,0x0,
0x8b,0x0,0x50,0x0,0x0,0x0,0x0,0x0,
0x0,0x0,0x7,0x0,0x0,0x0,0x0,0x0,
0x0,0x0,0x0,0x0,0x8c,0x0,0x0,0x0,
0x2,0x0,0x0,0x0,0xb,0x0,0x0,0x0,
0x8d,0x0,0x0,0x0,0x4,0x0,0x0,0x0,
0x28,0x0,0x0,0x0,0x8e,0x0,0x0,0x0,
0x4,0x0,0x0,0x0,0x2e,0x4a,0x18,0x7,
0xac,0x4b,0x7,0x0,0x0,0x30,0x32,0x13,
0x65,0x1,0x0,0x0,0x18,0x9,0x14,0x18,
0xa,0x13,0x61,0x1,0x0,0x0,0x18,0xc,
0x2e,0x4c,0x3c,0x4d,0x80,0xc,0x18,0xb,
0xb4,0x4e,0x3,0x9,0xe,0x2,0x0,0x0,
0x0,0x0,0x0,0x0,0x0,0x0,0x0,0x0,
0x44,0x0,0x0,0x0,0x12,0x0,0x0,0x0,
0x11,0x0,0x0,0x0,0x0,0x0,0x0,0x0,
0x38,0x0,0x0,0x0,0x0,0x0,0x0,0x0,
0x38,0x0,0x0,0x0,0x0,0x0,0x1,0x0,
0xff,0xff,0xff,0xff,0x7,0x0,0x0,0x0,
0x14,0x0,0x50,0x0,0x0,0x0,0x0,0x0,
0x0,0x0,0x7,0x0,0x0,0x0,0x0,0x0,
0x0,0x0,0x0,0x0,0x14,0x0,0x0,0x0,
0x1,0x0,0x0,0x0,0x2e,0x4f,0x3c,0x50,
0x50,0x7,0x13,0x66,0x1,0x0,0x0,0x4c,
0x2,0x12,0x21,0x18,0x6,0x2,0x0,0x0,
0x0,0x0,0x0,0x0,0x0,0x0,0x0,0x0,
0x44,0x0,0x0,0x0,0x15,0x0,0x0,0x0,
0x13,0x0,0x0,0x0,0x0,0x0,0x0,0x0,
0x38,0x0,0x0,0x0,0x0,0x0,0x0,0x0,
0x38,0x0,0x0,0x0,0x0,0x0,0x1,0x0,
0xff,0xff,0xff,0xff,0x7,0x0,0x0,0x0,
0x15,0x0,0x50,0x0,0x0,0x0,0x0,0x0,
0x0,0x0,0x7,0x0,0x0,0x0,0x0,0x0,
0x0,0x0,0x0,0x0,0x15,0x0,0x0,0x0,
0x1,0x0,0x0,0x0,0x2e,0x51,0x3c,0x52,
0x50,0x7,0x13,0x67,0x1,0x0,0x0,0x4c,
0x5,0x13,0x68,0x1,0x0,0x0,0x18,0x6,
0x2,0x0,0x0,0x0,0x0,0x0,0x0,0x0,
0x44,0x0,0x0,0x0,0x12,0x0,0x0,0x0,
0x15,0x0,0x0,0x0,0x0,0x0,0x0,0x0,
0x38,0x0,0x0,0x0,0x0,0x0,0x0,0x0,
0x38,0x0,0x0,0x0,0x0,0x0,0x1,0x0,
0xff,0xff,0xff,0xff,0x7,0x0,0x0,0x0,
0x16,0x0,0x50,0x0,0x0,0x0,0x0,0x0,
0x0,0x0,0x7,0x0,0x0,0x0,0x0,0x0,
0x0,0x0,0x0,0x0,0x16,0x0,0x0,0x0,
0x1,0x0,0x0,0x0,0x2e,0x53,0x3c,0x54,
0x50,0x7,0x13,0x69,0x1,0x0,0x0,0x4c,
0x2,0x12,0x21,0x18,0x6,0x2,0x0,0x0,
0x0,0x0,0x0,0x0,0x0,0x0,0x0,0x0,
0x44,0x0,0x0,0x0,0x15,0x0,0x0,0x0,
0x17,0x0,0x0,0x0,0x0,0x0,0x0,0x0,
0x38,0x0,0x0,0x0,0x0,0x0,0x0,0x0,
0x38,0x0,0x0,0x0,0x0,0x0,0x1,0x0,
0xff,0xff,0xff,0xff,0x7,0x0,0x0,0x0,
0x17,0x0,0x50,0x0,0x0,0x0,0x0,0x0,
0x0,0x0,0x7,0x0,0x0,0x0,0x0,0x0,
0x0,0x0,0x0,0x0,0x17,0x0,0x0,0x0,
0x1,0x0,0x0,0x0,0x2e,0x55,0x3c,0x56,
0x50,0x7,0x13,0x6a,0x1,0x0,0x0,0x4c,
0x5,0x13,0x6b,0x1,0x0,0x0,0x18,0x6,
0x2,0x0,0x0,0x0,0x0,0x0,0x0,0x0,
0x44,0x0,0x0,0x0,0x15,0x0,0x0,0x0,
0x19,0x0,0x0,0x0,0x0,0x0,0x0,0x0,
0x38,0x0,0x0,0x0,0x0,0x0,0x0,0x0,
0x38,0x0,0x0,0x0,0x0,0x0,0x1,0x0,
0xff,0xff,0xff,0xff,0x7,0x0,0x0,0x0,
0x18,0x0,0x50,0x0,0x0,0x0,0x0,0x0,
0x0,0x0,0x7,0x0,0x0,0x0,0x0,0x0,
0x0,0x0,0x0,0x0,0x18,0x0,0x0,0x0,
0x1,0x0,0x0,0x0,0x2e,0x57,0x3c,0x58,
0x50,0x7,0x13,0x67,0x1,0x0,0x0,0x4c,
0x5,0x13,0x68,0x1,0x0,0x0,0x18,0x6,
0x2,0x0,0x0,0x0,0x0,0x0,0x0,0x0,
0x44,0x0,0x0,0x0,0x15,0x0,0x0,0x0,
0x1b,0x0,0x0,0x0,0x0,0x0,0x0,0x0,
0x38,0x0,0x0,0x0,0x0,0x0,0x0,0x0,
0x38,0x0,0x0,0x0,0x0,0x0,0x1,0x0,
0xff,0xff,0xff,0xff,0x7,0x0,0x0,0x0,
0x19,0x0,0x50,0x0,0x0,0x0,0x0,0x0,
0x0,0x0,0x7,0x0,0x0,0x0,0x0,0x0,
0x0,0x0,0x0,0x0,0x19,0x0,0x0,0x0,
0x1,0x0,0x0,0x0,0x2e,0x59,0x3c,0x5a,
0x50,0x7,0x13,0x6c,0x1,0x0,0x0,0x4c,
0x5,0x13,0x6d,0x1,0x0,0x0,0x18,0x6,
0x2,0x0,0x0,0x0,0x0,0x0,0x0,0x0,
0x44,0x0,0x0,0x0,0x15,0x0,0x0,0x0,
0x1d,0x0,0x0,0x0,0x0,0x0,0x0,0x0,
0x38,0x0,0x0,0x0,0x0,0x0,0x0,0x0,
0x38,0x0,0x0,0x0,0x0,0x0,0x1,0x0,
0xff,0xff,0xff,0xff,0x7,0x0,0x0,0x0,
0x1a,0x0,0x50,0x0,0x0,0x0,0x0,0x0,
0x0,0x0,0x7,0x0,0x0,0x0,0x0,0x0,
0x0,0x0,0x0,0x0,0x1a,0x0,0x0,0x0,
0x1,0x0,0x0,0x0,0x2e,0x5b,0x3c,0x5c,
0x50,0x7,0x13,0x67,0x1,0x0,0x0,0x4c,
0x5,0x13,0x68,0x1,0x0,0x0,0x18,0x6,
0x2,0x0,0x0,0x0,0x0,0x0,0x0,0x0,
0x44,0x0,0x0,0x0,0x12,0x0,0x0,0x0,
0x23,0x0,0x0,0x0,0x0,0x0,0x0,0x0,
0x38,0x0,0x0,0x0,0x0,0x0,0x0,0x0,
0x38,0x0,0x0,0x0,0x0,0x0,0x1,0x0,
0xff,0xff,0xff,0xff,0x7,0x0,0x0,0x0,
0x1d,0x0,0x50,0x0,0x0,0x0,0x0,0x0,
0x0,0x0,0x7,0x0,0x0,0x0,0x0,0x0,
0x0,0x0,0x0,0x0,0x1d,0x0,0x0,0x0,
0x1,0x0,0x0,0x0,0x2e,0x5d,0x3c,0x5e,
0x50,0x7,0x13,0x6c,0x1,0x0,0x0,0x4c,
0x2,0x12,0x21,0x18,0x6,0x2,0x0,0x0,
0x0,0x0,0x0,0x0,0x0,0x0,0x0,0x0,
0x44,0x0,0x0,0x0,0x15,0x0,0x0,0x0,
0x25,0x0,0x0,0x0,0x0,0x0,0x0,0x0,
0x38,0x0,0x0,0x0,0x0,0x0,0x0,0x0,
0x38,0x0,0x0,0x0,0x0,0x0,0x1,0x0,
0xff,0xff,0xff,0xff,0x7,0x0,0x0,0x0,
0x1e,0x0,0x50,0x0,0x0,0x0,0x0,0x0,
0x0,0x0,0x7,0x0,0x0,0x0,0x0,0x0,
0x0,0x0,0x0,0x0,0x1e,0x0,0x0,0x0,
0x1,0x0,0x0,0x0,0x2e,0x5f,0x3c,0x60,
0x50,0x7,0x13,0x67,0x1,0x0,0x0,0x4c,
0x5,0x13,0x68,0x1,0x0,0x0,0x18,0x6,
0x2,0x0,0x0,0x0,0x0,0x0,0x0,0x0,
0x50,0x0,0x0,0x0,0x12,0x0,0x0,0x0,
0x51,0x0,0x0,0x0,0x0,0x0,0x0,0x0,
0x38,0x0,0x0,0x0,0x0,0x0,0x0,0x0,
0x38,0x0,0x0,0x0,0x0,0x0,0x2,0x0,
0xff,0xff,0xff,0xff,0xa,0x0,0x0,0x0,
0x90,0x0,0x50,0x0,0x0,0x0,0x0,0x0,
0x0,0x0,0x7,0x0,0x0,0x0,0x0,0x0,
0x0,0x0,0x0,0x0,0x90,0x0,0x0,0x0,
0x0,0x0,0x0,0x0,0x1,0x0,0x0,0x0,
0x90,0x0,0x0,0x0,0x1,0x0,0x0,0x0,
0xca,0x13,0x6e,0x1,0x0,0x0,0x18,0x9,
0xb4,0x61,0x1,0x9,0x18,0x6,0xd4,0x16,
0x6,0x2,0x0,0x0,0x0,0x0,0x0,0x0,
0x44,0x0,0x0,0x0,0x5,0x0,0x0,0x0,
0x54,0x0,0x0,0x0,0x0,0x0,0x0,0x0,
0x38,0x0,0x0,0x0,0x0,0x0,0x0,0x0,
0x38,0x0,0x0,0x0,0x0,0x0,0x1,0x0,
0xff,0xff,0xff,0xff,0x7,0x0,0x0,0x0,
0x93,0x0,0x90,0x0,0x0,0x0,0x0,0x0,
0x0,0x0,0x7,0x0,0x0,0x0,0x0,0x0,
0x0,0x0,0x0,0x0,0x93,0x0,0x0,0x0,
0x1,0x0,0x0,0x0,0x2e,0x62,0x18,0x6,
0x2,0x0,0x0,0x0,0x0,0x0,0x0,0x0,
0x50,0x0,0x0,0x0,0xc,0x0,0x0,0x0,
0x55,0x0,0x0,0x0,0x0,0x0,0x0,0x0,
0x38,0x0,0x0,0x0,0x0,0x0,0x0,0x0,
0x38,0x0,0x0,0x0,0x0,0x0,0x2,0x0,
0xff,0xff,0xff,0xff,0xa,0x0,0x0,0x0,
0x94,0x0,0x90,0x0,0x0,0x0,0x0,0x0,
0x0,0x0,0x7,0x0,0x0,0x0,0x0,0x0,
0x0,0x0,0x0,0x0,0x95,0x0,0x0,0x0,
0x2,0x0,0x0,0x0,0xa,0x0,0x0,0x0,
0x96,0x0,0x0,0x0,0x2,0x0,0x0,0x0,
0x2e,0x63,0x3c,0x64,0x18,0x9,0xb4,0x65,
0x1,0x9,0xe,0x2,0x0,0x0,0x0,0x0,
0x44,0x0,0x0,0x0,0x5,0x0,0x0,0x0,
0x54,0x0,0x0,0x0,0x0,0x0,0x0,0x0,
0x38,0x0,0x0,0x0,0x0,0x0,0x0,0x0,
0x38,0x0,0x0,0x0,0x0,0x0,0x1,0x0,
0xff,0xff,0xff,0xff,0x7,0x0,0x0,0x0,
0x9a,0x0,0x90,0x0,0x0,0x0,0x0,0x0,
0x0,0x0,0x7,0x0,0x0,0x0,0x0,0x0,
0x0,0x0,0x0,0x0,0x9a,0x0,0x0,0x0,
0x1,0x0,0x0,0x0,0x2e,0x66,0x18,0x6,
0x2,0x0,0x0,0x0,0x0,0x0,0x0,0x0,
0x50,0x0,0x0,0x0,0xc,0x0,0x0,0x0,
0x55,0x0,0x0,0x0,0x0,0x0,0x0,0x0,
0x38,0x0,0x0,0x0,0x0,0x0,0x0,0x0,
0x38,0x0,0x0,0x0,0x0,0x0,0x2,0x0,
0xff,0xff,0xff,0xff,0xa,0x0,0x0,0x0,
0x9b,0x0,0x90,0x0,0x0,0x0,0x0,0x0,
0x0,0x0,0x7,0x0,0x0,0x0,0x0,0x0,
0x0,0x0,0x0,0x0,0x9c,0x0,0x0,0x0,
0x2,0x0,0x0,0x0,0xa,0x0,0x0,0x0,
0x9d,0x0,0x0,0x0,0x2,0x0,0x0,0x0,
0x2e,0x67,0x3c,0x68,0x18,0x9,0xb4,0x69,
0x1,0x9,0xe,0x2,0x0,0x0,0x0,0x0,
0x44,0x0,0x0,0x0,0x5,0x0,0x0,0x0,
0x54,0x0,0x0,0x0,0x0,0x0,0x0,0x0,
0x38,0x0,0x0,0x0,0x0,0x0,0x0,0x0,
0x38,0x0,0x0,0x0,0x0,0x0,0x1,0x0,
0xff,0xff,0xff,0xff,0x7,0x0,0x0,0x0,
0xa1,0x0,0x90,0x0,0x0,0x0,0x0,0x0,
0x0,0x0,0x7,0x0,0x0,0x0,0x0,0x0,
0x0,0x0,0x0,0x0,0xa1,0x0,0x0,0x0,
0x1,0x0,0x0,0x0,0x2e,0x6a,0x18,0x6,
0x2,0x0,0x0,0x0,0x0,0x0,0x0,0x0,
0x54,0x0,0x0,0x0,0x22,0x0,0x0,0x0,
0x56,0x0,0x0,0x0,0x2,0x0,0x2,0x0,
0x38,0x0,0x0,0x0,0x0,0x0,0x0,0x0,
0x48,0x0,0x0,0x0,0x0,0x0,0x1,0x0,
0xff,0xff,0xff,0xff,0xf,0x0,0x0,0x0,
0xa2,0x0,0x90,0x0,0x0,0x0,0x0,0x0,
0x0,0x0,0x9,0x0,0x0,0x0,0x0,0x0,
0x57,0x0,0x0,0x0,0x0,0x0,0x0,0x0,
0x58,0x0,0x0,0x0,0x0,0x0,0x0,0x0,
0x0,0x0,0x0,0x0,0xa2,0x0,0x0,0x0,
0x2,0x0,0x0,0x0,0x13,0x72,0x1,0x0,
0x0,0x18,0xc,0x16,0x6,0x80,0xc,0x18,
0xd,0x13,0x73,0x1,0x0,0x0,0x80,0xd,
0x18,0xe,0x16,0x7,0x80,0xe,0x18,0xb,
0xb4,0x6b,0x1,0xb,0xe,0x2,0x0,0x0,
0x0,0x0,0x0,0x0,0x0,0x0,0x0,0x0,
0x4c,0x0,0x0,0x0,0x13,0x0,0x0,0x0,
0x59,0x0,0x0,0x0,0x1,0x0,0x1,0x0,
0x38,0x0,0x0,0x0,0x0,0x0,0x0,0x0,
0x40,0x0,0x0,0x0,0x0,0x0,0x1,0x0,
0xff,0xff,0xff,0xff,0xc,0x0,0x0,0x0,
0xa3,0x0,0x90,0x0,0x0,0x0,0x0,0x0,
0x0,0x0,0x8,0x0,0x0,0x0,0x0,0x0,
0x57,0x0,0x0,0x0,0x0,0x0,0x0,0x0,
0x0,0x0,0x0,0x0,0xa3,0x0,0x0,0x0,
0x2,0x0,0x0,0x0,0x13,0x74,0x1,0x0,
0x0,0x18,0xb,0x16,0x6,0x80,0xb,0x18,
0xa,0xb4,0x6c,0x1,0xa,0xe,0x2,0x0,
0x0,0x0,0x0,0x0,0x0,0x0,0x0,0x0,
0x4c,0x0,0x0,0x0,0x15,0x0,0x0,0x0,
0x5a,0x0,0x0,0x0,0x1,0x0,0x1,0x0,
0x38,0x0,0x0,0x0,0x0,0x0,0x0,0x0,
0x40,0x0,0x0,0x0,0x0,0x0,0x1,0x0,
0xff,0xff,0xff,0xff,0xf,0x0,0x0,0x0,
0xa4,0x0,0x90,0x0,0x0,0x0,0x0,0x0,
0x0,0x0,0x8,0x0,0x0,0x0,0x0,0x0,
0x49,0x0,0x0,0x0,0x0,0x0,0x0,0x0,
0x0,0x0,0x0,0x0,0xa4,0x0,0x0,0x0,
0x2,0x0,0x0,0x0,0x13,0x75,0x1,0x0,
0x0,0x18,0xb,0xb4,0x6d,0x1,0x6,0x80,
0xb,0x18,0xa,0xb4,0x6e,0x1,0xa,0xe,
0x2,0x0,0x0,0x0,0x0,0x0,0x0,0x0,
0x54,0x0,0x0,0x0,0x24,0x0,0x0,0x0,
0x5b,0x0,0x0,0x0,0x2,0x0,0x2,0x0,
0x38,0x0,0x0,0x0,0x0,0x0,0x0,0x0,
0x48,0x0,0x0,0x0,0x0,0x0,0x1,0x0,
0xff,0xff,0xff,0xff,0x12,0x0,0x0,0x0,
0xa5,0x0,0x90,0x0,0x0,0x0,0x0,0x0,
0x0,0x0,0x9,0x0,0x0,0x0,0x0,0x0,
0x57,0x0,0x0,0x0,0x0,0x0,0x0,0x0,
0x5c,0x0,0x0,0x0,0x0,0x0,0x0,0x0,
0x0,0x0,0x0,0x0,0xa5,0x0,0x0,0x0,
0x2,0x0,0x0,0x0,0x13,0x76,0x1,0x0,
0x0,0x18,0xc,0x16,0x6,0x80,0xc,0x18,
0xd,0x13,0x77,0x1,0x0,0x0,0x80,0xd,
0x18,0xe,0xb4,0x6f,0x1,0x7,0x80,0xe,
0x18,0xb,0xb4,0x70,0x1,0xb,0xe,0x2,
0x0,0x0,0x0,0x0,0x0,0x0,0x0,0x0,
0x4c,0x0,0x0,0x0,0x13,0x0,0x0,0x0,
0x5d,0x0,0x0,0x0,0x1,0x0,0x1,0x0,
0x38,0x0,0x0,0x0,0x0,0x0,0x0,0x0,
0x40,0x0,0x0,0x0,0x0,0x0,0x1,0x0,
0xff,0xff,0xff,0xff,0xc,0x0,0x0,0x0,
0xa6,0x0,0x90,0x0,0x0,0x0,0x0,0x0,
0x0,0x0,0x8,0x0,0x0,0x0,0x0,0x0,
0x57,0x0,0x0,0x0,0x0,0x0,0x0,0x0,
0x0,0x0,0x0,0x0,0xa6,0x0,0x0,0x0,
0x2,0x0,0x0,0x0,0x13,0x78,0x1,0x0,
0x0,0x18,0xb,0x16,0x6,0x80,0xb,0x18,
0xa,0xb4,0x71,0x1,0xa,0xe,0x2,0x0,
0x0,0x0,0x0,0x0,0x0,0x0,0x0,0x0,
0x4c,0x0,0x0,0x0,0x13,0x0,0x0,0x0,
0x5e,0x0,0x0,0x0,0x1,0x0,0x1,0x0,
0x38,0x0,0x0,0x0,0x0,0x0,0x0,0x0,
0x40,0x0,0x0,0x0,0x0,0x0,0x1,0x0,
0xff,0xff,0xff,0xff,0xc,0x0,0x0,0x0,
0xa7,0x0,0x90,0x0,0x0,0x0,0x0,0x0,
0x0,0x0,0x8,0x0,0x0,0x0,0x0,0x0,
0x5f,0x0,0x0,0x0,0x0,0x0,0x0,0x0,
0x0,0x0,0x0,0x0,0xa7,0x0,0x0,0x0,
0x2,0x0,0x0,0x0,0x13,0x79,0x1,0x0,
0x0,0x18,0xb,0x16,0x6,0x80,0xb,0x18,
0xa,0xb4,0x72,0x1,0xa,0xe,0x2,0x0,
0x0,0x0,0x0,0x0,0x0,0x0,0x0,0x0,
0x44,0x0,0x0,0x0,0x15,0x0,0x0,0x0,
0x60,0x0,0x0,0x0,0x0,0x0,0x0,0x0,
0x38,0x0,0x0,0x0,0x0,0x0,0x0,0x0,
0x38,0x0,0x0,0x0,0x0,0x0,0x1,0x0,
0xff,0xff,0xff,0xff,0xb,0x0,0x0,0x0,
0xa8,0x0,0x90,0x0,0x0,0x0,0x0,0x0,
0x0,0x0,0x7,0x0,0x0,0x0,0x0,0x0,
0x0,0x0,0x0,0x0,0xa8,0x0,0x0,0x0,
0x2,0x0,0x0,0x0,0x13,0x7a,0x1,0x0,
0x0,0x18,0xa,0x2e,0x73,0x3c,0x74,0x80,
0xa,0x18,0x9,0xb4,0x75,0x1,0x9,0xe,
0x2,0x0,0x0,0x0,0x0,0x0,0x0,0x0,
0x44,0x0,0x0,0x0,0x15,0x0,0x0,0x0,
0x61,0x0,0x0,0x0,0x0,0x0,0x0,0x0,
0x38,0x0,0x0,0x0,0x0,0x0,0x0,0x0,
0x38,0x0,0x0,0x0,0x0,0x0,0x1,0x0,
0xff,0xff,0xff,0xff,0xb,0x0,0x0,0x0,
0xa9,0x0,0x90,0x0,0x0,0x0,0x0,0x0,
0x0,0x0,0x7,0x0,0x0,0x0,0x0,0x0,
0x0,0x0,0x0,0x0,0xa9,0x0,0x0,0x0,
0x2,0x0,0x0,0x0,0x13,0x7c,0x1,0x0,
0x0,0x18,0xa,0x2e,0x76,0x3c,0x77,0x80,
0xa,0x18,0x9,0xb4,0x78,0x1,0x9,0xe,
0x2,0x0,0x0,0x0,0x0,0x0,0x0,0x0,
0x44,0x0,0x0,0x0,0x5,0x0,0x0,0x0,
0x54,0x0,0x0,0x0,0x0,0x0,0x0,0x0,
0x38,0x0,0x0,0x0,0x0,0x0,0x0,0x0,
0x38,0x0,0x0,0x0,0x0,0x0,0x1,0x0,
0xff,0xff,0xff,0xff,0x7,0x0,0x0,0x0,
0xad,0x0,0x90,0x0,0x0,0x0,0x0,0x0,
0x0,0x0,0x7,0x0,0x0,0x0,0x0,0x0,
0x0,0x0,0x0,0x0,0xad,0x0,0x0,0x0,
0x1,0x0,0x0,0x0,0x2e,0x79,0x18,0x6,
0x2,0x0,0x0,0x0,0x0,0x0,0x0,0x0,
0x44,0x0,0x0,0x0,0x15,0x0,0x0,0x0,
0x62,0x0,0x0,0x0,0x0,0x0,0x0,0x0,
0x38,0x0,0x0,0x0,0x0,0x0,0x0,0x0,
0x38,0x0,0x0,0x0,0x0,0x0,0x1,0x0,
0xff,0xff,0xff,0xff,0xb,0x0,0x0,0x0,
0xae,0x0,0x90,0x0,0x0,0x0,0x0,0x0,
0x0,0x0,0x7,0x0,0x0,0x0,0x0,0x0,
0x0,0x0,0x0,0x0,0xae,0x0,0x0,0x0,
0x2,0x0,0x0,0x0,0x13,0x7e,0x1,0x0,
0x0,0x18,0xa,0x2e,0x7a,0x3c,0x7b,0x80,
0xa,0x18,0x9,0xb4,0x7c,0x1,0x9,0xe,
0x2,0x0,0x0,0x0,0x0,0x0,0x0,0x0,
0x4c,0x0,0x0,0x0,0x13,0x0,0x0,0x0,
0x5e,0x0,0x0,0x0,0x1,0x0,0x1,0x0,
0x38,0x0,0x0,0x0,0x0,0x0,0x0,0x0,
0x40,0x0,0x0,0x0,0x0,0x0,0x1,0x0,
0xff,0xff,0xff,0xff,0xc,0x0,0x0,0x0,
0xaf,0x0,0x90,0x0,0x0,0x0,0x0,0x0,
0x0,0x0,0x8,0x0,0x0,0x0,0x0,0x0,
0x5f,0x0,0x0,0x0,0x0,0x0,0x0,0x0,
0x0,0x0,0x0,0x0,0xaf,0x0,0x0,0x0,
0x2,0x0,0x0,0x0,0x13,0x80,0x1,0x0,
0x0,0x18,0xb,0x16,0x6,0x80,0xb,0x18,
0xa,0xb4,0x7d,0x1,0xa,0xe,0x2,0x0,
0x0,0x0,0x0,0x0,0x0,0x0,0x0,0x0,
0x4c,0x0,0x0,0x0,0x13,0x0,0x0,0x0,
0x63,0x0,0x0,0x0,0x1,0x0,0x1,0x0,
0x38,0x0,0x0,0x0,0x0,0x0,0x0,0x0,
0x40,0x0,0x0,0x0,0x0,0x0,0x1,0x0,
0xff,0xff,0xff,0xff,0xc,0x0,0x0,0x0,
0xb0,0x0,0x90,0x0,0x0,0x0,0x0,0x0,
0x0,0x0,0x8,0x0,0x0,0x0,0x0,0x0,
0x64,0x0,0x0,0x0,0x0,0x0,0x0,0x0,
0x0,0x0,0x0,0x0,0xb0,0x0,0x0,0x0,
0x2,0x0,0x0,0x0,0x13,0x81,0x1,0x0,
0x0,0x18,0xb,0x16,0x6,0x80,0xb,0x18,
0xa,0xb4,0x7e,0x1,0xa,0xe,0x2,0x0,
0x0,0x0,0x0,0x0,0x0,0x0,0x0,0x0,
0x4c,0x0,0x0,0x0,0x13,0x0,0x0,0x0,
0x65,0x0,0x0,0x0,0x1,0x0,0x1,0x0,
0x38,0x0,0x0,0x0,0x0,0x0,0x0,0x0,
0x40,0x0,0x0,0x0,0x0,0x0,0x1,0x0,
0xff,0xff,0xff,0xff,0xc,0x0,0x0,0x0,
0xb1,0x0,0x90,0x0,0x0,0x0,0x0,0x0,
0x0,0x0,0x8,0x0,0x0,0x0,0x0,0x0,
0x64,0x0,0x0,0x0,0x0,0x0,0x0,0x0,
0x0,0x0,0x0,0x0,0xb1,0x0,0x0,0x0,
0x2,0x0,0x0,0x0,0x13,0x82,0x1,0x0,
0x0,0x18,0xb,0x16,0x6,0x80,0xb,0x18,
0xa,0xb4,0x7f,0x1,0xa,0xe,0x2,0x0,
0x0,0x0,0x0,0x0,0x0,0x0,0x0,0x0,
0x4c,0x0,0x0,0x0,0x1c,0x0,0x0,0x0,
0x66,0x0,0x0,0x0,0x1,0x0,0x1,0x0,
0x38,0x0,0x0,0x0,0x0,0x0,0x0,0x0,
0x40,0x0,0x0,0x0,0x0,0x0,0x1,0x0,
0xff,0xff,0xff,0xff,0xc,0x0,0x0,0x0,
0xb2,0x0,0x90,0x0,0x0,0x0,0x0,0x0,
0x0,0x0,0x8,0x0,0x0,0x0,0x0,0x0,
0x64,0x0,0x0,0x0,0x0,0x0,0x0,0x0,
0x0,0x0,0x0,0x0,0xb2,0x0,0x0,0x0,
0x2,0x0,0x0,0x0,0x13,0x83,0x1,0x0,
0x0,0x18,0xb,0x16,0x6,0x80,0xb,0x18,
0xa,0xb5,0x80,0x0,0x0,0x0,0x1,0x0,
0x0,0x0,0xa,0x0,0x0,0x0,0xe,0x2,
0x0,0x0,0x0,0x0,0x0,0x0,0x0,0x0,
0x4c,0x0,0x0,0x0,0x1c,0x0,0x0,0x0,
0x67,0x0,0x0,0x0,0x1,0x0,0x1,0x0,
0x38,0x0,0x0,0x0,0x0,0x0,0x0,0x0,
0x40,0x0,0x0,0x0,0x0,0x0,0x1,0x0,
0xff,0xff,0xff,0xff,0xc,0x0,0x0,0x0,
0xb3,0x0,0x90,0x0,0x0,0x0,0x0,0x0,
0x0,0x0,0x8,0x0,0x0,0x0,0x0,0x0,
0x64,0x0,0x0,0x0,0x0,0x0,0x0,0x0,
0x0,0x0,0x0,0x0,0xb3,0x0,0x0,0x0,
0x2,0x0,0x0,0x0,0x13,0x84,0x1,0x0,
0x0,0x18,0xb,0x16,0x6,0x80,0xb,0x18,
0xa,0xb5,0x81,0x0,0x0,0x0,0x1,0x0,
0x0,0x0,0xa,0x0,0x0,0x0,0xe,0x2,
0x0,0x0,0x0,0x0,0x0,0x0,0x0,0x0,
0x54,0x0,0x0,0x0,0x2b,0x0,0x0,0x0,
0x68,0x0,0x0,0x0,0x2,0x0,0x2,0x0,
0x38,0x0,0x0,0x0,0x0,0x0,0x0,0x0,
0x48,0x0,0x0,0x0,0x0,0x0,0x1,0x0,
0xff,0xff,0xff,0xff,0xf,0x0,0x0,0x0,
0xb4,0x0,0x90,0x0,0x0,0x0,0x0,0x0,
0x0,0x0,0x9,0x0,0x0,0x0,0x0,0x0,
0x57,0x0,0x0,0x0,0x0,0x0,0x0,0x0,
0x5c,0x0,0x0,0x0,0x0,0x0,0x0,0x0,
0x0,0x0,0x0,0x0,0xb4,0x0,0x0,0x0,
0x2,0x0,0x0,0x0,0x13,0x85,0x1,0x0,
0x0,0x18,0xc,0x16,0x6,0x80,0xc,0x18,
0xd,0x13,0x77,0x1,0x0,0x0,0x80,0xd,
0x18,0xe,0x16,0x7,0x80,0xe,0x18,0xb,
0xb5,0x82,0x0,0x0,0x0,0x1,0x0,0x0,
0x0,0xb,0x0,0x0,0x0,0xe,0x2,0x0,
0x0,0x0,0x0,0x0,0x0,0x0,0x0,0x0,
0x54,0x0,0x0,0x0,0x2b,0x0,0x0,0x0,
0x69,0x0,0x0,0x0,0x2,0x0,0x2,0x0,
0x38,0x0,0x0,0x0,0x0,0x0,0x0,0x0,
0x48,0x0,0x0,0x0,0x0,0x0,0x1,0x0,
0xff,0xff,0xff,0xff,0xf,0x0,0x0,0x0,
0xb5,0x0,0x90,0x0,0x0,0x0,0x0,0x0,
0x0,0x0,0x9,0x0,0x0,0x0,0x0,0x0,
0x64,0x0,0x0,0x0,0x0,0x0,0x0,0x0,
0x6a,0x0,0x0,0x0,0x0,0x0,0x0,0x0,
0x0,0x0,0x0,0x0,0xb5,0x0,0x0,0x0,
0x2,0x0,0x0,0x0,0x13,0x86,0x1,0x0,
0x0,0x18,0xc,0x16,0x6,0x80,0xc,0x18,
0xd,0x13,0x87,0x1,0x0,0x0,0x80,0xd,
0x18,0xe,0x16,0x7,0x80,0xe,0x18,0xb,
0xb5,0x83,0x0,0x0,0x0,0x1,0x0,0x0,
0x0,0xb,0x0,0x0,0x0,0xe,0x2,0x0,
0x0,0x0,0x0,0x0,0x0,0x0,0x0,0x0,
0x54,0x0,0x0,0x0,0x2b,0x0,0x0,0x0,
0x6b,0x0,0x0,0x0,0x2,0x0,0x2,0x0,
0x38,0x0,0x0,0x0,0x0,0x0,0x0,0x0,
0x48,0x0,0x0,0x0,0x0,0x0,0x1,0x0,
0xff,0xff,0xff,0xff,0xf,0x0,0x0,0x0,
0xb6,0x0,0x90,0x0,0x0,0x0,0x0,0x0,
0x0,0x0,0x9,0x0,0x0,0x0,0x0,0x0,
0x64,0x0,0x0,0x0,0x0,0x0,0x0,0x0,
0x6a,0x0,0x0,0x0,0x0,0x0,0x0,0x0,
0x0,0x0,0x0,0x0,0xb6,0x0,0x0,0x0,
0x2,0x0,0x0,0x0,0x13,0x88,0x1,0x0,
0x0,0x18,0xc,0x16,0x6,0x80,0xc,0x18,
0xd,0x13,0x87,0x1,0x0,0x0,0x80,0xd,
0x18,0xe,0x16,0x7,0x80,0xe,0x18,0xb,
0xb5,0x84,0x0,0x0,0x0,0x1,0x0,0x0,
0x0,0xb,0x0,0x0,0x0,0xe,0x2,0x0,
0x0,0x0,0x0,0x0,0x0,0x0,0x0,0x0,
0x4c,0x0,0x0,0x0,0x1c,0x0,0x0,0x0,
0x6c,0x0,0x0,0x0,0x1,0x0,0x1,0x0,
0x38,0x0,0x0,0x0,0x0,0x0,0x0,0x0,
0x40,0x0,0x0,0x0,0x0,0x0,0x1,0x0,
0xff,0xff,0xff,0xff,0xc,0x0,0x0,0x0,
0xb7,0x0,0x90,0x0,0x0,0x0,0x0,0x0,
0x0,0x0,0x8,0x0,0x0,0x0,0x0,0x0,
0x64,0x0,0x0,0x0,0x0,0x0,0x0,0x0,
0x0,0x0,0x0,0x0,0xb7,0x0,0x0,0x0,
0x2,0x0,0x0,0x0,0x13,0x89,0x1,0x0,
0x0,0x18,0xb,0x16,0x6,0x80,0xb,0x18,
0xa,0xb5,0x85,0x0,0x0,0x0,0x1,0x0,
0x0,0x0,0xa,0x0,0x0,0x0,0xe,0x2,
0x0,0x0,0x0,0x0,0x0,0x0,0x0,0x0,
0x44,0x0,0x0,0x0,0xd,0x0,0x0,0x0,
0x72,0x0,0x0,0x0,0x0,0x0,0x0,0x0,
0x38,0x0,0x0,0x0,0x0,0x0,0x0,0x0,
0x38,0x0,0x0,0x0,0x0,0x0,0x1,0x0,
0xff,0xff,0xff,0xff,0x7,0x0,0x0,0x0,
0xbc,0x0,0x90,0x0,0x0,0x0,0x0,0x0,
0x0,0x0,0x7,0x0,0x0,0x0,0x0,0x0,
0x0,0x0,0x0,0x0,0xbc,0x0,0x0,0x0,
0x1,0x0,0x0,0x0,0x2f,0x86,0x0,0x0,
0x0,0x3d,0x87,0x0,0x0,0x0,0x18,0x6,
0x2,0x0,0x0,0x0,0x0,0x0,0x0,0x0,
0x44,0x0,0x0,0x0,0x8,0x0,0x0,0x0,
0x70,0x0,0x0,0x0,0x0,0x0,0x0,0x0,
0x38,0x0,0x0,0x0,0x0,0x0,0x0,0x0,
0x38,0x0,0x0,0x0,0x0,0x0,0x1,0x0,
0xff,0xff,0xff,0xff,0x7,0x0,0x0,0x0,
0xbb,0x0,0x90,0x0,0x0,0x0,0x0,0x0,
0x0,0x0,0x7,0x0,0x0,0x0,0x0,0x0,
0x0,0x0,0x0,0x0,0xbb,0x0,0x0,0x0,
0x1,0x0,0x0,0x0,0x2f,0x88,0x0,0x0,
0x0,0x18,0x6,0x2,0x0,0x0,0x0,0x0,
0x44,0x0,0x0,0x0,0x8,0x0,0x0,0x0,
0x70,0x0,0x0,0x0,0x0,0x0,0x0,0x0,
0x38,0x0,0x0,0x0,0x0,0x0,0x0,0x0,
0x38,0x0,0x0,0x0,0x0,0x0,0x1,0x0,
0xff,0xff,0xff,0xff,0x7,0x0,0x0,0x0,
0xc4,0x0,0x10,0x1,0x0,0x0,0x0,0x0,
0x0,0x0,0x7,0x0,0x0,0x0,0x0,0x0,
0x0,0x0,0x0,0x0,0xc4,0x0,0x0,0x0,
0x1,0x0,0x0,0x0,0x2f,0x89,0x0,0x0,
0x0,0x18,0x6,0x2,0x0,0x0,0x0,0x0,
0x44,0x0,0x0,0x0,0x8,0x0,0x0,0x0,
0x70,0x0,0x0,0x0,0x0,0x0,0x0,0x0,
0x38,0x0,0x0,0x0,0x0,0x0,0x0,0x0,
0x38,0x0,0x0,0x0,0x0,0x0,0x1,0x0,
0xff,0xff,0xff,0xff,0x7,0x0,0x0,0x0,
0xcd,0x0,0x90,0x1,0x0,0x0,0x0,0x0,
0x0,0x0,0x7,0x0,0x0,0x0,0x0,0x0,
0x0,0x0,0x0,0x0,0xcd,0x0,0x0,0x0,
0x1,0x0,0x0,0x0,0x2f,0x8a,0x0,0x0,
0x0,0x18,0x6,0x2,0x0,0x0,0x0,0x0,
0x44,0x0,0x0,0x0,0x40,0x0,0x0,0x0,
0x19,0x0,0x0,0x0,0x0,0x0,0x0,0x0,
0x38,0x0,0x0,0x0,0x0,0x0,0x0,0x0,
0x38,0x0,0x0,0x0,0x0,0x0,0x1,0x0,
0xff,0xff,0xff,0xff,0xa,0x0,0x0,0x0,
0xd4,0x0,0x10,0x2,0x0,0x0,0x0,0x0,
0x0,0x0,0x7,0x0,0x0,0x0,0x0,0x0,
0x0,0x0,0x0,0x0,0xd4,0x0,0x0,0x0,
0x1,0x0,0x0,0x0,0x2f,0x8b,0x0,0x0,
0x0,0x50,0x22,0x2f,0x8c,0x0,0x0,0x0,
0x3d,0x8d,0x0,0x0,0x0,0x50,0x16,0x13,
0x8c,0x1,0x0,0x0,0x18,0x9,0xb5,0x8e,
0x0,0x0,0x0,0x1,0x0,0x0,0x0,0x9,
0x0,0x0,0x0,0x4c,0x14,0x13,0x8e,0x1,
0x0,0x0,0x18,0x9,0xb5,0x8f,0x0,0x0,
0x0,0x1,0x0,0x0,0x0,0x9,0x0,0x0,
0x0,0x18,0x6,0x2,0x0,0x0,0x0,0x0,
0x44,0x0,0x0,0x0,0x40,0x0,0x0,0x0,
0x19,0x0,0x0,0x0,0x0,0x0,0x0,0x0,
0x38,0x0,0x0,0x0,0x0,0x0,0x0,0x0,
0x38,0x0,0x0,0x0,0x0,0x0,0x1,0x0,
0xff,0xff,0xff,0xff,0xa,0x0,0x0,0x0,
0xd6,0x0,0x10,0x2,0x0,0x0,0x0,0x0,
0x0,0x0,0x7,0x0,0x0,0x0,0x0,0x0,
0x0,0x0,0x0,0x0,0xd6,0x0,0x0,0x0,
0x1,0x0,0x0,0x0,0x2f,0x90,0x0,0x0,
0x0,0x50,0x22,0x2f,0x91,0x0,0x0,0x0,
0x3d,0x92,0x0,0x0,0x0,0x50,0x16,0x13,
0x8f,0x1,0x0,0x0,0x18,0x9,0xb5,0x93,
0x0,0x0,0x0,0x1,0x0,0x0,0x0,0x9,
0x0,0x0,0x0,0x4c,0x14,0x13,0x90,0x1,
0x0,0x0,0x18,0x9,0xb5,0x94,0x0,0x0,
0x0,0x1,0x0,0x0,0x0,0x9,0x0,0x0,
0x0,0x18,0x6,0x2,0x0,0x0,0x0,0x0,
0x44,0x0,0x0,0x0,0x17,0x0,0x0,0x0,
0x19,0x0,0x0,0x0,0x0,0x0,0x0,0x0,
0x38,0x0,0x0,0x0,0x0,0x0,0x0,0x0,
0x38,0x0,0x0,0x0,0x0,0x0,0x1,0x0,
0xff,0xff,0xff,0xff,0x7,0x0,0x0,0x0,
0xd8,0x0,0x10,0x2,0x0,0x0,0x0,0x0,
0x0,0x0,0x7,0x0,0x0,0x0,0x0,0x0,
0x0,0x0,0x0,0x0,0xd8,0x0,0x0,0x0,
0x1,0x0,0x0,0x0,0x2f,0x95,0x0,0x0,
0x0,0x50,0xc,0x2f,0x96,0x0,0x0,0x0,
0x3d,0x97,0x0,0x0,0x0,0x4c,0x1,0x6,
0x18,0x6,0x2,0x0,0x0,0x0,0x0,0x0,
0x44,0x0,0x0,0x0,0xd,0x0,0x0,0x0,
0x19,0x0,0x0,0x0,0x0,0x0,0x0,0x0,
0x38,0x0,0x0,0x0,0x0,0x0,0x0,0x0,
0x38,0x0,0x0,0x0,0x0,0x0,0x1,0x0,
0xff,0xff,0xff,0xff,0x7,0x0,0x0,0x0,
0xdc,0x0,0xd0,0x1,0x0,0x0,0x0,0x0,
0x0,0x0,0x7,0x0,0x0,0x0,0x0,0x0,
0x0,0x0,0x0,0x0,0xdc,0x0,0x0,0x0,
0x1,0x0,0x0,0x0,0x2f,0x98,0x0,0x0,
0x0,0x3d,0x99,0x0,0x0,0x0,0x18,0x6,
0x2,0x0,0x0,0x0,0x0,0x0,0x0,0x0,
0x44,0x0,0x0,0x0,0xd,0x0,0x0,0x0,
0x88,0x0,0x0,0x0,0x0,0x0,0x0,0x0,
0x38,0x0,0x0,0x0,0x0,0x0,0x0,0x0,
0x38,0x0,0x0,0x0,0x0,0x0,0x1,0x0,
0xff,0xff,0xff,0xff,0x7,0x0,0x0,0x0,
0xdd,0x0,0xd0,0x1,0x0,0x0,0x0,0x0,
0x0,0x0,0x7,0x0,0x0,0x0,0x0,0x0,
0x0,0x0,0x0,0x0,0xdd,0x0,0x0,0x0,
0x1,0x0,0x0,0x0,0x2f,0x9a,0x0,0x0,
0x0,0x3d,0x9b,0x0,0x0,0x0,0x18,0x6,
0x2,0x0,0x0,0x0,0x0,0x0,0x0,0x0,
0x44,0x0,0x0,0x0,0x34,0x0,0x0,0x0,
0x19,0x0,0x0,0x0,0x0,0x0,0x0,0x0,
0x38,0x0,0x0,0x0,0x0,0x0,0x0,0x0,
0x38,0x0,0x0,0x0,0x0,0x0,0x1,0x0,
0xff,0xff,0xff,0xff,0xa,0x0,0x0,0x0,
0xe4,0x0,0xd0,0x1,0x0,0x0,0x0,0x0,
0x0,0x0,0x7,0x0,0x0,0x0,0x0,0x0,
0x0,0x0,0x0,0x0,0xe4,0x0,0x0,0x0,
0x1,0x0,0x0,0x0,0x2f,0x9c,0x0,0x0,
0x0,0x3d,0x9d,0x0,0x0,0x0,0x3d,0x9e,
0x0,0x0,0x0,0x50,0xc,0x2f,0x9f,0x0,
0x0,0x0,0x3d,0xa0,0x0,0x0,0x0,0x4c,
0x14,0x13,0x93,0x1,0x0,0x0,0x18,0x9,
0xb5,0xa1,0x0,0x0,0x0,0x1,0x0,0x0,
0x0,0x9,0x0,0x0,0x0,0x18,0x6,0x2,
0x0,0x0,0x0,0x0,0x0,0x0,0x0,0x0,
0x44,0x0,0x0,0x0,0x25,0x0,0x0,0x0,
0x8b,0x0,0x0,0x0,0x0,0x0,0x0,0x0,
0x38,0x0,0x0,0x0,0x0,0x0,0x0,0x0,
0x38,0x0,0x0,0x0,0x0,0x0,0x1,0x0,
0xff,0xff,0xff,0xff,0x7,0x0,0x0,0x0,
0xe5,0x0,0xd0,0x1,0x0,0x0,0x0,0x0,
0x0,0x0,0x7,0x0,0x0,0x0,0x0,0x0,
0x0,0x0,0x0,0x0,0xe5,0x0,0x0,0x0,
0x1,0x0,0x0,0x0,0x2f,0xa2,0x0,0x0,
0x0,0x3d,0xa3,0x0,0x0,0x0,0x3d,0xa4,
0x0,0x0,0x0,0x50,0x7,0x13,0x94,0x1,
0x0,0x0,0x4c,0xa,0x2f,0xa5,0x0,0x0,
0x0,0x3d,0xa6,0x0,0x0,0x0,0x18,0x6,
0x2,0x0,0x0,0x0,0x0,0x0,0x0,0x0,
0x44,0x0,0x0,0x0,0xd,0x0,0x0,0x0,
0x88,0x0,0x0,0x0,0x0,0x0,0x0,0x0,
0x38,0x0,0x0,0x0,0x0,0x0,0x0,0x0,
0x38,0x0,0x0,0x0,0x0,0x0,0x1,0x0,
0xff,0xff,0xff,0xff,0x7,0x0,0x0,0x0,
0xe6,0x0,0xd0,0x1,0x0,0x0,0x0,0x0,
0x0,0x0,0x7,0x0,0x0,0x0,0x0,0x0,
0x0,0x0,0x0,0x0,0xe6,0x0,0x0,0x0,
0x1,0x0,0x0,0x0,0x2f,0xa7,0x0,0x0,
0x0,0x3d,0xa8,0x0,0x0,0x0,0x18,0x6,
0x2,0x0,0x0,0x0,0x0,0x0,0x0,0x0,
0x44,0x0,0x0,0x0,0xd,0x0,0x0,0x0,
0x9a,0x0,0x0,0x0,0x0,0x0,0x0,0x0,
0x38,0x0,0x0,0x0,0x0,0x0,0x0,0x0,
0x38,0x0,0x0,0x0,0x0,0x0,0x1,0x0,
0xff,0xff,0xff,0xff,0x7,0x0,0x0,0x0,
0xfb,0x0,0x50,0x1,0x0,0x0,0x0,0x0,
0x0,0x0,0x7,0x0,0x0,0x0,0x0,0x0,
0x0,0x0,0x0,0x0,0xfb,0x0,0x0,0x0,
0x1,0x0,0x0,0x0,0x2f,0xa9,0x0,0x0,
0x0,0x3d,0xaa,0x0,0x0,0x0,0x18,0x6,
0x2,0x0,0x0,0x0,0x0,0x0,0x0,0x0,
0x44,0x0,0x0,0x0,0xd,0x0,0x0,0x0,
0x9d,0x0,0x0,0x0,0x0,0x0,0x0,0x0,
0x38,0x0,0x0,0x0,0x0,0x0,0x0,0x0,
0x38,0x0,0x0,0x0,0x0,0x0,0x1,0x0,
0xff,0xff,0xff,0xff,0x7,0x0,0x0,0x0,
0x0,0x1,0xd0,0x1,0x0,0x0,0x0,0x0,
0x0,0x0,0x7,0x0,0x0,0x0,0x0,0x0,
0x0,0x0,0x0,0x0,0x0,0x1,0x0,0x0,
0x1,0x0,0x0,0x0,0x2f,0xab,0x0,0x0,
0x0,0x3d,0xac,0x0,0x0,0x0,0x18,0x6,
0x2,0x0,0x0,0x0,0x0,0x0,0x0,0x0,
0x44,0x0,0x0,0x0,0x8,0x0,0x0,0x0,
0x70,0x0,0x0,0x0,0x0,0x0,0x0,0x0,
0x38,0x0,0x0,0x0,0x0,0x0,0x0,0x0,
0x38,0x0,0x0,0x0,0x0,0x0,0x1,0x0,
0xff,0xff,0xff,0xff,0x7,0x0,0x0,0x0,
0x7,0x1,0x50,0x2,0x0,0x0,0x0,0x0,
0x0,0x0,0x7,0x0,0x0,0x0,0x0,0x0,
0x0,0x0,0x0,0x0,0x7,0x1,0x0,0x0,
0x1,0x0,0x0,0x0,0x2f,0xad,0x0,0x0,
0x0,0x18,0x6,0x2,0x0,0x0,0x0,0x0,
0x50,0x0,0x0,0x0,0x14,0x0,0x0,0x0,
0xa3,0x0,0x0,0x0,0x0,0x0,0x0,0x0,
0x38,0x0,0x0,0x0,0x0,0x0,0x0,0x0,
0x38,0x0,0x0,0x0,0x0,0x0,0x2,0x0,
0xff,0xff,0xff,0xff,0x9,0x0,0x0,0x0,
0xc,0x1,0x90,0x2,0x0,0x0,0x0,0x0,
0x0,0x0,0x7,0x0,0x0,0x0,0x0,0x0,
0x0,0x0,0x0,0x0,0xc,0x1,0x0,0x0,
0x0,0x0,0x0,0x0,0x1,0x0,0x0,0x0,
0xc,0x1,0x0,0x0,0x1,0x0,0x0,0x0,
0xca,0xb5,0xae,0x0,0x0,0x0,0x0,0x0,
0x0,0x0,0x0,0x0,0x0,0x0,0x18,0x6,
0xd4,0x16,0x6,0x2,0x0,0x0,0x0,0x0,
0x50,0x0,0x0,0x0,0x14,0x0,0x0,0x0,
0xa3,0x0,0x0,0x0,0x0,0x0,0x0,0x0,
0x38,0x0,0x0,0x0,0x0,0x0,0x0,0x0,
0x38,0x0,0x0,0x0,0x0,0x0,0x2,0x0,
0xff,0xff,0xff,0xff,0x9,0x0,0x0,0x0,
0x10,0x1,0x90,0x2,0x0,0x0,0x0,0x0,
0x0,0x0,0x7,0x0,0x0,0x0,0x0,0x0,
0x0,0x0,0x0,0x0,0x10,0x1,0x0,0x0,
0x0,0x0,0x0,0x0,0x1,0x0,0x0,0x0,
0x10,0x1,0x0,0x0,0x1,0x0,0x0,0x0,
0xca,0xb5,0xaf,0x0,0x0,0x0,0x0,0x0,
0x0,0x0,0x0,0x0,0x0,0x0,0x18,0x6,
0xd4,0x16,0x6,0x2,0x0,0x0,0x0,0x0,
0x50,0x0,0x0,0x0,0x14,0x0,0x0,0x0,
0xa3,0x0,0x0,0x0,0x0,0x0,0x0,0x0,
0x38,0x0,0x0,0x0,0x0,0x0,0x0,0x0,
0x38,0x0,0x0,0x0,0x0,0x0,0x2,0x0,
0xff,0xff,0xff,0xff,0x9,0x0,0x0,0x0,
0x14,0x1,0x90,0x2,0x0,0x0,0x0,0x0,
0x0,0x0,0x7,0x0,0x0,0x0,0x0,0x0,
0x0,0x0,0x0,0x0,0x14,0x1,0x0,0x0,
0x0,0x0,0x0,0x0,0x1,0x0,0x0,0x0,
0x14,0x1,0x0,0x0,0x1,0x0,0x0,0x0,
0xca,0xb5,0xb0,0x0,0x0,0x0,0x0,0x0,
0x0,0x0,0x0,0x0,0x0,0x0,0x18,0x6,
0xd4,0x16,0x6,0x2,0x0,0x0,0x0,0x0,
0x68,0x0,0x0,0x0,0x2d,0x0,0x0,0x0,
0xa3,0x0,0x0,0x0,0x0,0x0,0x0,0x0,
0x38,0x0,0x0,0x0,0x0,0x0,0x0,0x0,
0x38,0x0,0x0,0x0,0x0,0x0,0x4,0x0,
0xff,0xff,0xff,0xff,0xa,0x0,0x0,0x0,
0x18,0x1,0x90,0x2,0x0,0x0,0x0,0x0,
0x0,0x0,0x7,0x0,0x0,0x0,0x0,0x0,
0x0,0x0,0x0,0x0,0x18,0x1,0x0,0x0,
0x0,0x0,0x0,0x0,0x1,0x0,0x0,0x0,
0x19,0x1,0x0,0x0,0x3,0x0,0x0,0x0,
0x13,0x0,0x0,0x0,0x1a,0x1,0x0,0x0,
0x4,0x0,0x0,0x0,0x29,0x0,0x0,0x0,
0x1b,0x1,0x0,0x0,0x4,0x0,0x0,0x0,
0xca,0x2f,0xb1,0x0,0x0,0x0,0x18,0x7,
0x12,0x0,0x43,0xb2,0x0,0x0,0x0,0x7,
0x0,0x0,0x0,0x13,0x95,0x1,0x0,0x0,
0x18,0x9,0xb5,0xb3,0x0,0x0,0x0,0x1,
0x0,0x0,0x0,0x9,0x0,0x0,0x0,0x18,
0x6,0xd4,0x16,0x6,0x2,0x0,0x0,0x0,
0x0,0x0,0x0,0x0,0x0,0x0,0x0,0x0,
0x44,0x0,0x0,0x0,0xd,0x0,0x0,0x0,
0xaa,0x0,0x0,0x0,0x0,0x0,0x0,0x0,
0x38,0x0,0x0,0x0,0x0,0x0,0x0,0x0,
0x38,0x0,0x0,0x0,0x0,0x0,0x1,0x0,
0xff,0xff,0xff,0xff,0x7,0x0,0x0,0x0,
0x27,0x1,0x50,0x2,0x0,0x0,0x0,0x0,
0x0,0x0,0x7,0x0,0x0,0x0,0x0,0x0,
0x0,0x0,0x0,0x0,0x27,0x1,0x0,0x0,
0x1,0x0,0x0,0x0,0x2f,0xb4,0x0,0x0,
0x0,0x3d,0xb5,0x0,0x0,0x0,0x18,0x6,
0x2,0x0,0x0,0x0,0x0,0x0,0x0,0x0,
0x44,0x0,0x0,0x0,0x8,0x0,0x0,0x0,
0x70,0x0,0x0,0x0,0x0,0x0,0x0,0x0,
0x38,0x0,0x0,0x0,0x0,0x0,0x0,0x0,
0x38,0x0,0x0,0x0,0x0,0x0,0x1,0x0,
0xff,0xff,0xff,0xff,0x7,0x0,0x0,0x0,
0x25,0x1,0x50,0x2,0x0,0x0,0x0,0x0,
0x0,0x0,0x7,0x0,0x0,0x0,0x0,0x0,
0x0,0x0,0x0,0x0,0x25,0x1,0x0,0x0,
0x1,0x0,0x0,0x0,0x2f,0xb6,0x0,0x0,
0x0,0x18,0x6,0x2,0x0,0x0,0x0,0x0,
0x44,0x0,0x0,0x0,0xd,0x0,0x0,0x0,
0x9d,0x0,0x0,0x0,0x0,0x0,0x0,0x0,
0x38,0x0,0x0,0x0,0x0,0x0,0x0,0x0,
0x38,0x0,0x0,0x0,0x0,0x0,0x1,0x0,
0xff,0xff,0xff,0xff,0x7,0x0,0x0,0x0,
0x31,0x1,0xd0,0x1,0x0,0x0,0x0,0x0,
0x0,0x0,0x7,0x0,0x0,0x0,0x0,0x0,
0x0,0x0,0x0,0x0,0x31,0x1,0x0,0x0,
0x1,0x0,0x0,0x0,0x2f,0xb7,0x0,0x0,
0x0,0x3d,0xb8,0x0,0x0,0x0,0x18,0x6,
0x2,0x0,0x0,0x0,0x0,0x0,0x0,0x0,
0x44,0x0,0x0,0x0,0x8,0x0,0x0,0x0,
0x70,0x0,0x0,0x0,0x0,0x0,0x0,0x0,
0x38,0x0,0x0,0x0,0x0,0x0,0x0,0x0,
0x38,0x0,0x0,0x0,0x0,0x0,0x1,0x0,
0xff,0xff,0xff,0xff,0x7,0x0,0x0,0x0,
0x38,0x1,0x50,0x2,0x0,0x0,0x0,0x0,
0x0,0x0,0x7,0x0,0x0,0x0,0x0,0x0,
0x0,0x0,0x0,0x0,0x38,0x1,0x0,0x0,
0x1,0x0,0x0,0x0,0x2f,0xb9,0x0,0x0,
0x0,0x18,0x6,0x2,0x0,0x0,0x0,0x0,
0x80,0x0,0x0,0x0,0x64,0x0,0x0,0x0,
0xa3,0x0,0x0,0x0,0x0,0x0,0x0,0x0,
0x38,0x0,0x0,0x0,0x0,0x0,0x0,0x0,
0x38,0x0,0x0,0x0,0x0,0x0,0x6,0x0,
0xff,0xff,0xff,0xff,0xf,0x0,0x0,0x0,
0x44,0x1,0x90,0x2,0x0,0x0,0x0,0x0,
0x0,0x0,0x7,0x0,0x0,0x0,0x0,0x0,
0x0,0x0,0x0,0x0,0x44,0x1,0x0,0x0,
0x0,0x0,0x0,0x0,0x1,0x0,0x0,0x0,
0x44,0x1,0x0,0x0,0x1,0x0,0x0,0x0,
0x5,0x0,0x0,0x0,0x45,0x1,0x0,0x0,
0x2,0x0,0x0,0x0,0x20,0x0,0x0,0x0,
0x46,0x1,0x0,0x0,0x3,0x0,0x0,0x0,
0x3a,0x0,0x0,0x0,0x47,0x1,0x0,0x0,
0x4,0x0,0x0,0x0,0x60,0x0,0x0,0x0,
0x48,0x1,0x0,0x0,0x4,0x0,0x0,0x0,
0xca,0x1,0x2,0x7,0x2,0x2f,0xba,0x0,
0x0,0x0,0x3d,0xbb,0x0,0x0,0x0,0x18,
0xb,0xb5,0xbc,0x0,0x0,0x0,0x1,0x0,
0x0,0x0,0xb,0x0,0x0,0x0,0x18,0x8,
0x2f,0xbd,0x0,0x0,0x0,0x18,0x9,0xad,
0xbe,0x0,0x0,0x0,0x9,0x0,0x0,0x0,
0x1,0x0,0x0,0x0,0x8,0x0,0x0,0x0,
0x18,0x7,0x13,0x98,0x1,0x0,0x0,0x18,
0xb,0x1a,0x7,0xc,0x13,0x99,0x1,0x0,
0x0,0x18,0xe,0x16,0x8,0x80,0xe,0x18,
0xd,0xb5,0xbf,0x0,0x0,0x0,0x3,0x0,
0x0,0x0,0xb,0x0,0x0,0x0,0x18,0x6,
0xd4,0x16,0x6,0x2,0x0,0x0,0x0,0x0,
0x0,0x0,0x0,0x0,0x0,0x0,0x0,0x0,
0x68,0x0,0x0,0x0,0x3a,0x0,0x0,0x0,
0xa3,0x0,0x0,0x0,0x0,0x0,0x0,0x0,
0x38,0x0,0x0,0x0,0x0,0x0,0x0,0x0,
0x38,0x0,0x0,0x0,0x0,0x0,0x4,0x0,
0xff,0xff,0xff,0xff,0xc,0x0,0x0,0x0,
0x4c,0x1,0x90,0x2,0x0,0x0,0x0,0x0,
0x0,0x0,0x7,0x0,0x0,0x0,0x0,0x0,
0x0,0x0,0x0,0x0,0x4c,0x1,0x0,0x0,
0x0,0x0,0x0,0x0,0x1,0x0,0x0,0x0,
0x4d,0x1,0x0,0x0,0x3,0x0,0x0,0x0,
0x19,0x0,0x0,0x0,0x4e,0x1,0x0,0x0,
0x4,0x0,0x0,0x0,0x36,0x0,0x0,0x0,
0x4f,0x1,0x0,0x0,0x4,0x0,0x0,0x0,
0xca,0x2f,0xc0,0x0,0x0,0x0,0x18,0x7,
0xad,0xc1,0x0,0x0,0x0,0x7,0x0,0x0,
0x0,0x0,0x0,0x0,0x0,0x0,0x0,0x0,
0x0,0x13,0x9b,0x1,0x0,0x0,0x18,0x9,
0x14,0x18,0xa,0x12,0x0,0x18,0xb,0xb5,
0xc2,0x0,0x0,0x0,0x3,0x0,0x0,0x0,
0x9,0x0,0x0,0x0,0x18,0x6,0xd4,0x16,
0x6,0x2,0x0,0x0,0x0,0x0,0x0,0x0,
0x0,0x0,0x0,0x0,0x0,0x0,0x0,0x0,
0x44,0x0,0x0,0x0,0x2f,0x0,0x0,0x0,
0x19,0x0,0x0,0x0,0x0,0x0,0x0,0x0,
0x38,0x0,0x0,0x0,0x0,0x0,0x0,0x0,
0x38,0x0,0x0,0x0,0x0,0x0,0x1,0x0,
0xff,0xff,0xff,0xff,0xa,0x0,0x0,0x0,
0x51,0x1,0xd0,0x2,0x0,0x0,0x0,0x0,
0x0,0x0,0x7,0x0,0x0,0x0,0x0,0x0,
0x0,0x0,0x0,0x0,0x51,0x1,0x0,0x0,
0x1,0x0,0x0,0x0,0x13,0x9c,0x1,0x0,
0x0,0x18,0x9,0xb5,0xc3,0x0,0x0,0x0,
0x1,0x0,0x0,0x0,0x9,0x0,0x0,0x0,
0x18,0x7,0x2f,0xc4,0x0,0x0,0x0,0x50,
0xc,0x2f,0xc5,0x0,0x0,0x0,0x3d,0xc6,
0x0,0x0,0x0,0x4c,0x1,0x6,0x80,0x7,
0x18,0x6,0x2,0x0,0x0,0x0,0x0,0x0,
0x44,0x0,0x0,0x0,0x8,0x0,0x0,0x0,
0x70,0x0,0x0,0x0,0x0,0x0,0x0,0x0,
0x38,0x0,0x0,0x0,0x0,0x0,0x0,0x0,
0x38,0x0,0x0,0x0,0x0,0x0,0x1,0x0,
0xff,0xff,0xff,0xff,0x7,0x0,0x0,0x0,
0x5a,0x1,0x50,0x2,0x0,0x0,0x0,0x0,
0x0,0x0,0x7,0x0,0x0,0x0,0x0,0x0,
0x0,0x0,0x0,0x0,0x5a,0x1,0x0,0x0,
0x1,0x0,0x0,0x0,0x2f,0xc7,0x0,0x0,
0x0,0x18,0x6,0x2,0x0,0x0,0x0,0x0,
0x74,0x0,0x0,0x0,0x69,0x0,0x0,0x0,
0xa3,0x0,0x0,0x0,0x0,0x0,0x0,0x0,
0x38,0x0,0x0,0x0,0x0,0x0,0x0,0x0,
0x38,0x0,0x0,0x0,0x0,0x0,0x5,0x0,
0xff,0xff,0xff,0xff,0xe,0x0,0x0,0x0,
0x67,0x1,0xd0,0x2,0x0,0x0,0x0,0x0,
0x0,0x0,0x7,0x0,0x0,0x0,0x0,0x0,
0x0,0x0,0x0,0x0,0x67,0x1,0x0,0x0,
0x0,0x0,0x0,0x0,0x1,0x0,0x0,0x0,
0x67,0x1,0x0,0x0,0x1,0x0,0x0,0x0,
0x5,0x0,0x0,0x0,0x68,0x1,0x0,0x0,
0x2,0x0,0x0,0x0,0x37,0x0,0x0,0x0,
0x69,0x1,0x0,0x0,0x3,0x0,0x0,0x0,
0x65,0x0,0x0,0x0,0x6a,0x1,0x0,0x0,
0x3,0x0,0x0,0x0,0xca,0x1,0x2,0x7,
0x1,0x2f,0xc8,0x0,0x0,0x0,0x18,0x8,
0x2f,0xc9,0x0,0x0,0x0,0x3d,0xca,0x0,
0x0,0x0,0x18,0xb,0x2f,0xcb,0x0,0x0,
0x0,0x3d,0xcc,0x0,0x0,0x0,0x18,0xc,
0xad,0xcd,0x0,0x0,0x0,0x8,0x0,0x0,
0x0,0x2,0x0,0x0,0x0,0xb,0x0,0x0,
0x0,0x18,0x7,0x13,0x9e,0x1,0x0,0x0,
0x18,0xa,0x1a,0x7,0xb,0x13,0x9f,0x1,
0x0,0x0,0x18,0xd,0x2f,0xce,0x0,0x0,
0x0,0x3d,0xcf,0x0,0x0,0x0,0x80,0xd,
0x18,0xc,0xb5,0xd0,0x0,0x0,0x0,0x3,
0x0,0x0,0x0,0xa,0x0,0x0,0x0,0x18,
0x6,0xd4,0x16,0x6,0x2,0x0,0x0,0x0,
0x0,0x0,0x0,0x0,0x0,0x0,0x0,0x0,
0x74,0x0,0x0,0x0,0x62,0x0,0x0,0x0,
0xa3,0x0,0x0,0x0,0x0,0x0,0x0,0x0,
0x38,0x0,0x0,0x0,0x0,0x0,0x0,0x0,
0x38,0x0,0x0,0x0,0x0,0x0,0x5,0x0,
0xff,0xff,0xff,0xff,0xe,0x0,0x0,0x0,
0x6e,0x1,0xd0,0x2,0x0,0x0,0x0,0x0,
0x0,0x0,0x7,0x0,0x0,0x0,0x0,0x0,
0x0,0x0,0x0,0x0,0x6e,0x1,0x0,0x0,
0x0,0x0,0x0,0x0,0x1,0x0,0x0,0x0,
0x6e,0x1,0x0,0x0,0x1,0x0,0x0,0x0,
0x5,0x0,0x0,0x0,0x6f,0x1,0x0,0x0,
0x2,0x0,0x0,0x0,0x2b,0x0,0x0,0x0,
0x70,0x1,0x0,0x0,0x3,0x0,0x0,0x0,
0x5e,0x0,0x0,0x0,0x71,0x1,0x0,0x0,
0x3,0x0,0x0,0x0,0xca,0x1,0x2,0x7,
0x1,0x2f,0xd1,0x0,0x0,0x0,0x18,0x8,
0x2f,0xd2,0x0,0x0,0x0,0x3d,0xd3,0x0,
0x0,0x0,0x18,0xb,0xad,0xd4,0x0,0x0,
0x0,0x8,0x0,0x0,0x0,0x1,0x0,0x0,
0x0,0xb,0x0,0x0,0x0,0x18,0x7,0x13,
0xa1,0x1,0x0,0x0,0x18,0xa,0x1a,0x7,
0xb,0x13,0xa2,0x1,0x0,0x0,0x18,0xd,
0x2f,0xd5,0x0,0x0,0x0,0x3d,0xd6,0x0,
0x0,0x0,0x3d,0xd7,0x0,0x0,0x0,0x80,
0xd,0x18,0xc,0xb5,0xd8,0x0,0x0,0x0,
0x3,0x0,0x0,0x0,0xa,0x0,0x0,0x0,
0x18,0x6,0xd4,0x16,0x6,0x2,0x0,0x0,
0x0,0x0,0x0,0x0,0x0,0x0,0x0,0x0,
0x44,0x0,0x0,0x0,0xd,0x0,0x0,0x0,
0xaa,0x0,0x0,0x0,0x0,0x0,0x0,0x0,
0x38,0x0,0x0,0x0,0x0,0x0,0x0,0x0,
0x38,0x0,0x0,0x0,0x0,0x0,0x1,0x0,
0xff,0xff,0xff,0xff,0x7,0x0,0x0,0x0,
0x7a,0x1,0x90,0x2,0x0,0x0,0x0,0x0,
0x0,0x0,0x7,0x0,0x0,0x0,0x0,0x0,
0x0,0x0,0x0,0x0,0x7a,0x1,0x0,0x0,
0x1,0x0,0x0,0x0,0x2f,0xd9,0x0,0x0,
0x0,0x3d,0xda,0x0,0x0,0x0,0x18,0x6,
0x2,0x0,0x0,0x0,0x0,0x0,0x0,0x0,
0x44,0x0,0x0,0x0,0xd,0x0,0x0,0x0,
0x9d,0x0,0x0,0x0,0x0,0x0,0x0,0x0,
0x38,0x0,0x0,0x0,0x0,0x0,0x0,0x0,
0x38,0x0,0x0,0x0,0x0,0x0,0x1,0x0,
0xff,0xff,0xff,0xff,0x7,0x0,0x0,0x0,
0x85,0x1,0xd0,0x1,0x0,0x0,0x0,0x0,
0x0,0x0,0x7,0x0,0x0,0x0,0x0,0x0,
0x0,0x0,0x0,0x0,0x85,0x1,0x0,0x0,
0x1,0x0,0x0,0x0,0x2f,0xdb,0x0,0x0,
0x0,0x3d,0xdc,0x0,0x0,0x0,0x18,0x6,
0x2,0x0,0x0,0x0,0x0,0x0,0x0,0x0,
0x44,0x0,0x0,0x0,0x8,0x0,0x0,0x0,
0x70,0x0,0x0,0x0,0x0,0x0,0x0,0x0,
0x38,0x0,0x0,0x0,0x0,0x0,0x0,0x0,
0x38,0x0,0x0,0x0,0x0,0x0,0x1,0x0,
0xff,0xff,0xff,0xff,0x7,0x0,0x0,0x0,
0x8c,0x1,0x50,0x2,0x0,0x0,0x0,0x0,
0x0,0x0,0x7,0x0,0x0,0x0,0x0,0x0,
0x0,0x0,0x0,0x0,0x8c,0x1,0x0,0x0,
0x1,0x0,0x0,0x0,0x2f,0xdd,0x0,0x0,
0x0,0x18,0x6,0x2,0x0,0x0,0x0,0x0,
0x8c,0x0,0x0,0x0,0x92,0x0,0x0,0x0,
0xa3,0x0,0x0,0x0,0x0,0x0,0x0,0x0,
0x38,0x0,0x0,0x0,0x0,0x0,0x0,0x0,
0x38,0x0,0x0,0x0,0x0,0x0,0x7,0x0,
0xff,0xff,0xff,0xff,0xf,0x0,0x0,0x0,
0xa3,0x1,0xd0,0x2,0x0,0x0,0x0,0x0,
0x0,0x0,0x7,0x0,0x0,0x0,0x0,0x0,
0x0,0x0,0x0,0x0,0xa3,0x1,0x0,0x0,
0x0,0x0,0x0,0x0,0x1,0x0,0x0,0x0,
0xa3,0x1,0x0,0x0,0x1,0x0,0x0,0x0,
0x5,0x0,0x0,0x0,0xa4,0x1,0x0,0x0,
0x2,0x0,0x0,0x0,0x4f,0x0,0x0,0x0,
0xa5,0x1,0x0,0x0,0x4,0x0,0x0,0x0,
0x7b,0x0,0x0,0x0,0xa6,0x1,0x0,0x0,
0x5,0x0,0x0,0x0,0x7f,0x0,0x0,0x0,
0xa6,0x1,0x0,0x0,0x6,0x0,0x0,0x0,
0x8e,0x0,0x0,0x0,0xa7,0x1,0x0,0x0,
0x6,0x0,0x0,0x0,0xca,0x1,0x2,0x7,
0x1,0x2f,0xde,0x0,0x0,0x0,0x18,0x8,
0x2f,0xdf,0x0,0x0,0x0,0x3d,0xe0,0x0,
0x0,0x0,0x18,0xb,0x2f,0xe1,0x0,0x0,
0x0,0x3d,0xe2,0x0,0x0,0x0,0x18,0xc,
0x2f,0xe3,0x0,0x0,0x0,0x3d,0xe4,0x0,
0x0,0x0,0x18,0xd,0x2f,0xe5,0x0,0x0,
0x0,0x3d,0xe6,0x0,0x0,0x0,0x18,0xe,
0xad,0xe7,0x0,0x0,0x0,0x8,0x0,0x0,
0x0,0x4,0x0,0x0,0x0,0xb,0x0,0x0,
0x0,0x18,0x7,0x13,0xa5,0x1,0x0,0x0,
0x18,0xa,0x1a,0x7,0xb,0x13,0xa6,0x1,
0x0,0x0,0x18,0xd,0x2f,0xe8,0x0,0x0,
0x0,0x3d,0xe9,0x0,0x0,0x0,0x80,0xd,
0x18,0xc,0xb5,0xea,0x0,0x0,0x0,0x3,
0x0,0x0,0x0,0xa,0x0,0x0,0x0,0x16,
0x7,0x50,0xf,0xb5,0xeb,0x0,0x0,0x0,
0x0,0x0,0x0,0x0,0x0,0x0,0x0,0x0,
0x18,0x6,0xd4,0x16,0x6,0x2,0x0,0x0,
0x0,0x0,0x0,0x0,0x0,0x0,0x0,0x0,
0x8c,0x0,0x0,0x0,0x92,0x0,0x0,0x0,
0xa3,0x0,0x0,0x0,0x0,0x0,0x0,0x0,
0x38,0x0,0x0,0x0,0x0,0x0,0x0,0x0,
0x38,0x0,0x0,0x0,0x0,0x0,0x7,0x0,
0xff,0xff,0xff,0xff,0xf,0x0,0x0,0x0,
0xab,0x1,0xd0,0x2,0x0,0x0,0x0,0x0,
0x0,0x0,0x7,0x0,0x0,0x0,0x0,0x0,
0x0,0x0,0x0,0x0,0xab,0x1,0x0,0x0,
0x0,0x0,0x0,0x0,0x1,0x0,0x0,0x0,
0xab,0x1,0x0,0x0,0x1,0x0,0x0,0x0,
0x5,0x0,0x0,0x0,0xac,0x1,0x0,0x0,
0x2,0x0,0x0,0x0,0x4f,0x0,0x0,0x0,
0xad,0x1,0x0,0x0,0x4,0x0,0x0,0x0,
0x7b,0x0,0x0,0x0,0xae,0x1,0x0,0x0,
0x5,0x0,0x0,0x0,0x7f,0x0,0x0,0x0,
0xae,0x1,0x0,0x0,0x6,0x0,0x0,0x0,
0x8e,0x0,0x0,0x0,0xaf,0x1,0x0,0x0,
0x6,0x0,0x0,0x0,0xca,0x1,0x2,0x7,
0x1,0x2f,0xec,0x0,0x0,0x0,0x18,0x8,
0x2f,0xed,0x0,0x0,0x0,0x3d,0xee,0x0,
0x0,0x0,0x18,0xb,0x2f,0xef,0x0,0x0,
0x0,0x3d,0xf0,0x0,0x0,0x0,0x18,0xc,
0x2f,0xf1,0x0,0x0,0x0,0x3d,0xf2,0x0,
0x0,0x0,0x18,0xd,0x2f,0xf3,0x0,0x0,
0x0,0x3d,0xf4,0x0,0x0,0x0,0x18,0xe,
0xad,0xf5,0x0,0x0,0x0,0x8,0x0,0x0,
0x0,0x4,0x0,0x0,0x0,0xb,0x0,0x0,
0x0,0x18,0x7,0x13,0xa8,0x1,0x0,0x0,
0x18,0xa,0x1a,0x7,0xb,0x13,0xa6,0x1,
0x0,0x0,0x18,0xd,0x2f,0xf6,0x0,0x0,
0x0,0x3d,0xf7,0x0,0x0,0x0,0x80,0xd,
0x18,0xc,0xb5,0xf8,0x0,0x0,0x0,0x3,
0x0,0x0,0x0,0xa,0x0,0x0,0x0,0x16,
0x7,0x50,0xf,0xb5,0xf9,0x0,0x0,0x0,
0x0,0x0,0x0,0x0,0x0,0x0,0x0,0x0,
0x18,0x6,0xd4,0x16,0x6,0x2,0x0,0x0,
0x0,0x0,0x0,0x0,0x0,0x0,0x0,0x0,
0x8c,0x0,0x0,0x0,0x91,0x0,0x0,0x0,
0xa3,0x0,0x0,0x0,0x0,0x0,0x0,0x0,
0x38,0x0,0x0,0x0,0x0,0x0,0x0,0x0,
0x38,0x0,0x0,0x0,0x0,0x0,0x7,0x0,
0xff,0xff,0xff,0xff,0x10,0x0,0x0,0x0,
0xb3,0x1,0xd0,0x2,0x0,0x0,0x0,0x0,
0x0,0x0,0x7,0x0,0x0,0x0,0x0,0x0,
0x0,0x0,0x0,0x0,0xb3,0x1,0x0,0x0,
0x0,0x0,0x0,0x0,0x1,0x0,0x0,0x0,
0xb3,0x1,0x0,0x0,0x1,0x0,0x0,0x0,
0x5,0x0,0x0,0x0,0xb4,0x1,0x0,0x0,
0x2,0x0,0x0,0x0,0x37,0x0,0x0,0x0,
0xb5,0x1,0x0,0x0,0x4,0x0,0x0,0x0,
0x7a,0x0,0x0,0x0,0xb6,0x1,0x0,0x0,
0x5,0x0,0x0,0x0,0x7e,0x0,0x0,0x0,
0xb6,0x1,0x0,0x0,0x6,0x0,0x0,0x0,
0x8d,0x0,0x0,0x0,0xb7,0x1,0x0,0x0,
0x6,0x0,0x0,0x0,0xca,0x1,0x2,0x7,
0x1,0x2f,0xfa,0x0,0x0,0x0,0x18,0x8,
0x2f,0xfb,0x0,0x0,0x0,0x3d,0xfc,0x0,
0x0,0x0,0x18,0xb,0x2f,0xfd,0x0,0x0,
0x0,0x3d,0xfe,0x0,0x0,0x0,0x18,0xc,
0xad,0xff,0x0,0x0,0x0,0x8,0x0,0x0,
0x0,0x2,0x0,0x0,0x0,0xb,0x0,0x0,
0x0,0x18,0x7,0x13,0xaa,0x1,0x0,0x0,
0x18,0xa,0x1a,0x7,0xb,0x13,0xab,0x1,
0x0,0x0,0x18,0xd,0x2f,0x0,0x1,0x0,
0x0,0x3d,0x1,0x1,0x0,0x0,0x80,0xd,
0x18,0xe,0x13,0xac,0x1,0x0,0x0,0x80,
0xe,0x18,0xf,0x2f,0x2,0x1,0x0,0x0,
0x3d,0x3,0x1,0x0,0x0,0x80,0xf,0x18,
0xc,0xb5,0x4,0x1,0x0,0x0,0x3,0x0,
0x0,0x0,0xa,0x0,0x0,0x0,0x16,0x7,
0x50,0xf,0xb5,0x5,0x1,0x0,0x0,0x0,
0x0,0x0,0x0,0x0,0x0,0x0,0x0,0x18,
0x6,0xd4,0x16,0x6,0x2,0x0,0x0,0x0,
0x0,0x0,0x0,0x0,0x0,0x0,0x0,0x0,
0x68,0x0,0x0,0x0,0x72,0x0,0x0,0x0,
0xa3,0x0,0x0,0x0,0x0,0x0,0x0,0x0,
0x38,0x0,0x0,0x0,0x0,0x0,0x0,0x0,
0x38,0x0,0x0,0x0,0x0,0x0,0x4,0x0,
0xff,0xff,0xff,0xff,0xf,0x0,0x0,0x0,
0xbb,0x1,0xd0,0x2,0x0,0x0,0x0,0x0,
0x0,0x0,0x7,0x0,0x0,0x0,0x0,0x0,
0x0,0x0,0x0,0x0,0xbb,0x1,0x0,0x0,
0x0,0x0,0x0,0x0,0x1,0x0,0x0,0x0,
0xbc,0x1,0x0,0x0,0x3,0x0,0x0,0x0,
0x36,0x0,0x0,0x0,0xbd,0x1,0x0,0x0,
0x4,0x0,0x0,0x0,0x6e,0x0,0x0,0x0,
0xbe,0x1,0x0,0x0,0x4,0x0,0x0,0x0,
0xca,0x2f,0x6,0x1,0x0,0x0,0x18,0x7,
0x2f,0x7,0x1,0x0,0x0,0x3d,0x8,0x1,
0x0,0x0,0x18,0xd,0xb5,0x9,0x1,0x0,
0x0,0x1,0x0,0x0,0x0,0xd,0x0,0x0,
0x0,0x18,0xa,0xad,0xa,0x1,0x0,0x0,
0x7,0x0,0x0,0x0,0x1,0x0,0x0,0x0,
0xa,0x0,0x0,0x0,0x30,0x34,0x13,0xae,
0x1,0x0,0x0,0x18,0x9,0x2f,0xb,0x1,
0x0,0x0,0x18,0xc,0xc,0x6e,0xc,0x18,
0xa,0x2f,0xc,0x1,0x0,0x0,0x18,0xe,
0xb5,0xd,0x1,0x0,0x0,0x1,0x0,0x0,
0x0,0xe,0x0,0x0,0x0,0x18,0xb,0xb5,
0xe,0x1,0x0,0x0,0x3,0x0,0x0,0x0,
0x9,0x0,0x0,0x0,0x18,0x6,0xd4,0x16,
0x6,0x2,0x0,0x0,0x0,0x0,0x0,0x0,
0x0,0x0,0x0,0x0,0x0,0x0,0x0,0x0,
0x68,0x0,0x0,0x0,0x63,0x0,0x0,0x0,
0xa3,0x0,0x0,0x0,0x0,0x0,0x0,0x0,
0x38,0x0,0x0,0x0,0x0,0x0,0x0,0x0,
0x38,0x0,0x0,0x0,0x0,0x0,0x4,0x0,
0xff,0xff,0xff,0xff,0xf,0x0,0x0,0x0,
0xc2,0x1,0xd0,0x2,0x0,0x0,0x0,0x0,
0x0,0x0,0x7,0x0,0x0,0x0,0x0,0x0,
0x0,0x0,0x0,0x0,0xc2,0x1,0x0,0x0,
0x0,0x0,0x0,0x0,0x1,0x0,0x0,0x0,
0xc3,0x1,0x0,0x0,0x3,0x0,0x0,0x0,
0x27,0x0,0x0,0x0,0xc4,0x1,0x0,0x0,
0x4,0x0,0x0,0x0,0x5f,0x0,0x0,0x0,
0xc5,0x1,0x0,0x0,0x4,0x0,0x0,0x0,
0xca,0x2f,0xf,0x1,0x0,0x0,0x18,0x7,
0x2f,0x10,0x1,0x0,0x0,0x3d,0x11,0x1,
0x0,0x0,0x18,0xa,0xad,0x12,0x1,0x0,
0x0,0x7,0x0,0x0,0x0,0x1,0x0,0x0,
0x0,0xa,0x0,0x0,0x0,0x30,0x34,0x13,
0xb0,0x1,0x0,0x0,0x18,0x9,0x2f,0x13,
0x1,0x0,0x0,0x18,0xc,0xc,0x6e,0xc,
0x18,0xa,0x2f,0x14,0x1,0x0,0x0,0x18,
0xe,0xb5,0x15,0x1,0x0,0x0,0x1,0x0,
0x0,0x0,0xe,0x0,0x0,0x0,0x18,0xb,
0xb5,0x16,0x1,0x0,0x0,0x3,0x0,0x0,
0x0,0x9,0x0,0x0,0x0,0x18,0x6,0xd4,
0x16,0x6,0x2,0x0,0x0,0x0,0x0,0x0,
0x0,0x0,0x0,0x0,0x0,0x0,0x0,0x0,
0x50,0x0,0x0,0x0,0x14,0x0,0x0,0x0,
0xa3,0x0,0x0,0x0,0x0,0x0,0x0,0x0,
0x38,0x0,0x0,0x0,0x0,0x0,0x0,0x0,
0x38,0x0,0x0,0x0,0x0,0x0,0x2,0x0,
0xff,0xff,0xff,0xff,0x9,0x0,0x0,0x0,
0xc9,0x1,0xd0,0x2,0x0,0x0,0x0,0x0,
0x0,0x0,0x7,0x0,0x0,0x0,0x0,0x0,
0x0,0x0,0x0,0x0,0xc9,0x1,0x0,0x0,
0x0,0x0,0x0,0x0,0x1,0x0,0x0,0x0,
0xc9,0x1,0x0,0x0,0x1,0x0,0x0,0x0,
0xca,0xb5,0x17,0x1,0x0,0x0,0x0,0x0,
0x0,0x0,0x0,0x0,0x0,0x0,0x18,0x6,
0xd4,0x16,0x6,0x2,0x0,0x0,0x0,0x0,
0x44,0x0,0x0,0x0,0x2f,0x0,0x0,0x0,
0x19,0x0,0x0,0x0,0x0,0x0,0x0,0x0,
0x38,0x0,0x0,0x0,0x0,0x0,0x0,0x0,
0x38,0x0,0x0,0x0,0x0,0x0,0x1,0x0,
0xff,0xff,0xff,0xff,0xb,0x0,0x0,0x0,
0xce,0x1,0xd0,0x2,0x0,0x0,0x0,0x0,
0x0,0x0,0x7,0x0,0x0,0x0,0x0,0x0,
0x0,0x0,0x0,0x0,0xce,0x1,0x0,0x0,
0x1,0x0,0x0,0x0,0x13,0xb1,0x1,0x0,
0x0,0x18,0x9,0xb5,0x18,0x1,0x0,0x0,
0x1,0x0,0x0,0x0,0x9,0x0,0x0,0x0,
0x18,0x7,0x2f,0x19,0x1,0x0,0x0,0x18,
0xa,0xb5,0x1a,0x1,0x0,0x0,0x1,0x0,
0x0,0x0,0xa,0x0,0x0,0x0,0x80,0x7,
0x18,0x6,0x2,0x0,0x0,0x0,0x0,0x0,
0x44,0x0,0x0,0x0,0x8,0x0,0x0,0x0,
0xd6,0x0,0x0,0x0,0x0,0x0,0x0,0x0,
0x38,0x0,0x0,0x0,0x0,0x0,0x0,0x0,
0x38,0x0,0x0,0x0,0x0,0x0,0x1,0x0,
0xff,0xff,0xff,0xff,0x7,0x0,0x0,0x0,
0xd9,0x1,0x50,0x2,0x0,0x0,0x0,0x0,
0x0,0x0,0x7,0x0,0x0,0x0,0x0,0x0,
0x0,0x0,0x0,0x0,0xd9,0x1,0x0,0x0,
0x1,0x0,0x0,0x0,0x2f,0x1b,0x1,0x0,
0x0,0x18,0x6,0x2,0x0,0x0,0x0,0x0,
0x44,0x0,0x0,0x0,0x12,0x0,0x0,0x0,
0x9d,0x0,0x0,0x0,0x0,0x0,0x0,0x0,
0x38,0x0,0x0,0x0,0x0,0x0,0x0,0x0,
0x38,0x0,0x0,0x0,0x0,0x0,0x1,0x0,
0xff,0xff,0xff,0xff,0x7,0x0,0x0,0x0,
0xdc,0x1,0x90,0x2,0x0,0x0,0x0,0x0,
0x0,0x0,0x7,0x0,0x0,0x0,0x0,0x0,
0x0,0x0,0x0,0x0,0xdc,0x1,0x0,0x0,
0x1,0x0,0x0,0x0,0x2f,0x1c,0x1,0x0,
0x0,0x3d,0x1d,0x1,0x0,0x0,0x3d,0x1e,
0x1,0x0,0x0,0x18,0x6,0x2,0x0,0x0,
0x0,0x0,0x0,0x0,0x0,0x0,0x0,0x0,
0x44,0x0,0x0,0x0,0x17,0x0,0x0,0x0,
0x19,0x0,0x0,0x0,0x0,0x0,0x0,0x0,
0x38,0x0,0x0,0x0,0x0,0x0,0x0,0x0,
0x38,0x0,0x0,0x0,0x0,0x0,0x1,0x0,
0xff,0xff,0xff,0xff,0xa,0x0,0x0,0x0,
0xdd,0x1,0x90,0x2,0x0,0x0,0x0,0x0,
0x0,0x0,0x7,0x0,0x0,0x0,0x0,0x0,
0x0,0x0,0x0,0x0,0xdd,0x1,0x0,0x0,
0x1,0x0,0x0,0x0,0x2f,0x1f,0x1,0x0,
0x0,0x18,0x9,0xb5,0x20,0x1,0x0,0x0,
0x1,0x0,0x0,0x0,0x9,0x0,0x0,0x0,
0x18,0x6,0x2,0x0,0x0,0x0,0x0,0x0,
0x98,0x0,0x0,0x0,0xa2,0x0,0x0,0x0,
0xa3,0x0,0x0,0x0,0x0,0x0,0x0,0x0,
0x38,0x0,0x0,0x0,0x0,0x0,0x0,0x0,
0x38,0x0,0x0,0x0,0x0,0x0,0x8,0x0,
0xff,0xff,0xff,0xff,0xb,0x0,0x0,0x0,
0xde,0x1,0x90,0x2,0x0,0x0,0x0,0x0,
0x0,0x0,0x7,0x0,0x0,0x0,0x0,0x0,
0x0,0x0,0x0,0x0,0xde,0x1,0x0,0x0,
0x0,0x0,0x0,0x0,0x1,0x0,0x0,0x0,
0xdf,0x1,0x0,0x0,0x3,0x0,0x0,0x0,
0x8,0x0,0x0,0x0,0xe0,0x1,0x0,0x0,
0x5,0x0,0x0,0x0,0x31,0x0,0x0,0x0,
0xe1,0x1,0x0,0x0,0x7,0x0,0x0,0x0,
0x4b,0x0,0x0,0x0,0xe2,0x1,0x0,0x0,
0x9,0x0,0x0,0x0,0x65,0x0,0x0,0x0,
0xe3,0x1,0x0,0x0,0xb,0x0,0x0,0x0,
0x7f,0x0,0x0,0x0,0xe4,0x1,0x0,0x0,
0xc,0x0,0x0,0x0,0x9e,0x0,0x0,0x0,
0xe5,0x1,0x0,0x0,0xc,0x0,0x0,0x0,
0xca,0x2f,0x21,0x1,0x0,0x0,0x30,0x34,
0x2f,0x22,0x1,0x0,0x0,0x18,0x7,0x2f,
0x23,0x1,0x0,0x0,0x3d,0x24,0x1,0x0,
0x0,0x18,0xa,0xb5,0x25,0x1,0x0,0x0,
0x1,0x0,0x0,0x0,0xa,0x0,0x0,0x0,
0x43,0x26,0x1,0x0,0x0,0x7,0x0,0x0,
0x0,0x2f,0x27,0x1,0x0,0x0,0x18,0x7,
0x2f,0x28,0x1,0x0,0x0,0x3d,0x29,0x1,
0x0,0x0,0x43,0x2a,0x1,0x0,0x0,0x7,
0x0,0x0,0x0,0x2f,0x2b,0x1,0x0,0x0,
0x18,0x7,0x2f,0x2c,0x1,0x0,0x0,0x3d,
0x2d,0x1,0x0,0x0,0x43,0x2e,0x1,0x0,
0x0,0x7,0x0,0x0,0x0,0x2f,0x2f,0x1,
0x0,0x0,0x18,0x7,0x2f,0x30,0x1,0x0,
0x0,0x3d,0x31,0x1,0x0,0x0,0x43,0x32,
0x1,0x0,0x0,0x7,0x0,0x0,0x0,0x2f,
0x33,0x1,0x0,0x0,0x18,0x7,0x2f,0x34,
0x1,0x0,0x0,0x3d,0x35,0x1,0x0,0x0,
0x18,0x8,0x43,0x36,0x1,0x0,0x0,0x7,
0x0,0x0,0x0,0x1a,0x8,0x6,0xd4,0x16,
0x6,0x2,0x0,0x0,0x0,0x0,0x0,0x0,
0x0,0x0,0x0,0x0,0x0,0x0,0x0,0x0,
0x44,0x0,0x0,0x0,0xd,0x0,0x0,0x0,
0x9d,0x0,0x0,0x0,0x0,0x0,0x0,0x0,
0x38,0x0,0x0,0x0,0x0,0x0,0x0,0x0,
0x38,0x0,0x0,0x0,0x0,0x0,0x1,0x0,
0xff,0xff,0xff,0xff,0x7,0x0,0x0,0x0,
0xef,0x1,0xd0,0x1,0x0,0x0,0x0,0x0,
0x0,0x0,0x7,0x0,0x0,0x0,0x0,0x0,
0x0,0x0,0x0,0x0,0xef,0x1,0x0,0x0,
0x1,0x0,0x0,0x0,0x2f,0x37,0x1,0x0,
0x0,0x3d,0x38,0x1,0x0,0x0,0x18,0x6,
0x2,0x0,0x0,0x0,0x0,0x0,0x0,0x0,
0x44,0x0,0x0,0x0,0x8,0x0,0x0,0x0,
0x70,0x0,0x0,0x0,0x0,0x0,0x0,0x0,
0x38,0x0,0x0,0x0,0x0,0x0,0x0,0x0,
0x38,0x0,0x0,0x0,0x0,0x0,0x1,0x0,
0xff,0xff,0xff,0xff,0x7,0x0,0x0,0x0,
0xf6,0x1,0x50,0x2,0x0,0x0,0x0,0x0,
0x0,0x0,0x7,0x0,0x0,0x0,0x0,0x0,
0x0,0x0,0x0,0x0,0xf6,0x1,0x0,0x0,
0x1,0x0,0x0,0x0,0x2f,0x39,0x1,0x0,
0x0,0x18,0x6,0x2,0x0,0x0,0x0,0x0,
0x44,0x0,0x0,0x0,0x1b,0x0,0x0,0x0,
0xd6,0x0,0x0,0x0,0x0,0x0,0x0,0x0,
0x38,0x0,0x0,0x0,0x0,0x0,0x0,0x0,
0x38,0x0,0x0,0x0,0x0,0x0,0x1,0x0,
0xff,0xff,0xff,0xff,0xa,0x0,0x0,0x0,
0x6,0x2,0xd0,0x2,0x0,0x0,0x0,0x0,
0x0,0x0,0x7,0x0,0x0,0x0,0x0,0x0,
0x0,0x0,0x0,0x0,0x6,0x2,0x0,0x0,
0x1,0x0,0x0,0x0,0x13,0xb3,0x1,0x0,
0x0,0x18,0x7,0x13,0xb4,0x1,0x0,0x0,
0x18,0x8,0x13,0xb5,0x1,0x0,0x0,0x18,
0x9,0xe8,0x3,0x7,0x18,0x6,0x2,0x0,
0x0,0x0,0x0,0x0,0x0,0x0,0x0,0x0,
0x8c,0x0,0x0,0x0,0x92,0x0,0x0,0x0,
0xa3,0x0,0x0,0x0,0x0,0x0,0x0,0x0,
0x38,0x0,0x0,0x0,0x0,0x0,0x0,0x0,
0x38,0x0,0x0,0x0,0x0,0x0,0x7,0x0,
0xff,0xff,0xff,0xff,0xf,0x0,0x0,0x0,
0xf,0x2,0xd0,0x2,0x0,0x0,0x0,0x0,
0x0,0x0,0x7,0x0,0x0,0x0,0x0,0x0,
0x0,0x0,0x0,0x0,0xf,0x2,0x0,0x0,
0x0,0x0,0x0,0x0,0x1,0x0,0x0,0x0,
0xf,0x2,0x0,0x0,0x1,0x0,0x0,0x0,
0x5,0x0,0x0,0x0,0x10,0x2,0x0,0x0,
0x2,0x0,0x0,0x0,0x4f,0x0,0x0,0x0,
0x11,0x2,0x0,0x0,0x4,0x0,0x0,0x0,
0x7b,0x0,0x0,0x0,0x12,0x2,0x0,0x0,
0x5,0x0,0x0,0x0,0x7f,0x0,0x0,0x0,
0x12,0x2,0x0,0x0,0x6,0x0,0x0,0x0,
0x8e,0x0,0x0,0x0,0x13,0x2,0x0,0x0,
0x6,0x0,0x0,0x0,0xca,0x1,0x2,0x7,
0x1,0x2f,0x3a,0x1,0x0,0x0,0x18,0x8,
0x2f,0x3b,0x1,0x0,0x0,0x3d,0x3c,0x1,
0x0,0x0,0x18,0xb,0x2f,0x3d,0x1,0x0,
0x0,0x3d,0x3e,0x1,0x0,0x0,0x18,0xc,
0x2f,0x3f,0x1,0x0,0x0,0x3d,0x40,0x1,
0x0,0x0,0x18,0xd,0x2f,0x41,0x1,0x0,
0x0,0x3d,0x42,0x1,0x0,0x0,0x18,0xe,
0xad,0x43,0x1,0x0,0x0,0x8,0x0,0x0,
0x0,0x4,0x0,0x0,0x0,0xb,0x0,0x0,
0x0,0x18,0x7,0x13,0xe4,0x0,0x0,0x0,
0x18,0xa,0x1a,0x7,0xb,0x13,0x9f,0x1,
0x0,0x0,0x18,0xd,0x2f,0x44,0x1,0x0,
0x0,0x3d,0x45,0x1,0x0,0x0,0x80,0xd,
0x18,0xc,0xb5,0x46,0x1,0x0,0x0,0x3,
0x0,0x0,0x0,0xa,0x0,0x0,0x0,0x16,
0x7,0x50,0xf,0xb5,0x47,0x1,0x0,0x0,
0x0,0x0,0x0,0x0,0x0,0x0,0x0,0x0,
0x18,0x6,0xd4,0x16,0x6,0x2,0x0,0x0,
0x0,0x0,0x0,0x0,0x0,0x0,0x0,0x0,
0x8c,0x0,0x0,0x0,0x91,0x0,0x0,0x0,
0xa3,0x0,0x0,0x0,0x0,0x0,0x0,0x0,
0x38,0x0,0x0,0x0,0x0,0x0,0x0,0x0,
0x38,0x0,0x0,0x0,0x0,0x0,0x7,0x0,
0xff,0xff,0xff,0xff,0x10,0x0,0x0,0x0,
0x17,0x2,0xd0,0x2,0x0,0x0,0x0,0x0,
0x0,0x0,0x7,0x0,0x0,0x0,0x0,0x0,
0x0,0x0,0x0,0x0,0x17,0x2,0x0,0x0,
0x0,0x0,0x0,0x0,0x1,0x0,0x0,0x0,
0x17,0x2,0x0,0x0,0x1,0x0,0x0,0x0,
0x5,0x0,0x0,0x0,0x18,0x2,0x0,0x0,
0x2,0x0,0x0,0x0,0x37,0x0,0x0,0x0,
0x19,0x2,0x0,0x0,0x4,0x0,0x0,0x0,
0x7a,0x0,0x0,0x0,0x1a,0x2,0x0,0x0,
0x5,0x0,0x0,0x0,0x7e,0x0,0x0,0x0,
0x1a,0x2,0x0,0x0,0x6,0x0,0x0,0x0,
0x8d,0x0,0x0,0x0,0x1b,0x2,0x0,0x0,
0x6,0x0,0x0,0x0,0xca,0x1,0x2,0x7,
0x1,0x2f,0x48,0x1,0x0,0x0,0x18,0x8,
0x2f,0x49,0x1,0x0,0x0,0x3d,0x4a,0x1,
0x0,0x0,0x18,0xb,0x2f,0x4b,0x1,0x0,
0x0,0x3d,0x4c,0x1,0x0,0x0,0x18,0xc,
0xad,0x4d,0x1,0x0,0x0,0x8,0x0,0x0,
0x0,0x2,0x0,0x0,0x0,0xb,0x0,0x0,
0x0,0x18,0x7,0x13,0xb9,0x1,0x0,0x0,
0x18,0xa,0x1a,0x7,0xb,0x13,0x9f,0x1,
0x0,0x0,0x18,0xd,0x2f,0x4e,0x1,0x0,
0x0,0x3d,0x4f,0x1,0x0,0x0,0x80,0xd,
0x18,0xe,0x13,0xba,0x1,0x0,0x0,0x80,
0xe,0x18,0xf,0x2f,0x50,0x1,0x0,0x0,
0x3d,0x51,0x1,0x0,0x0,0x80,0xf,0x18,
0xc,0xb5,0x52,0x1,0x0,0x0,0x3,0x0,
0x0,0x0,0xa,0x0,0x0,0x0,0x16,0x7,
0x50,0xf,0xb5,0x53,0x1,0x0,0x0,0x0,
0x0,0x0,0x0,0x0,0x0,0x0,0x0,0x18,
0x6,0xd4,0x16,0x6,0x2,0x0,0x0,0x0,
0x0,0x0,0x0,0x0,0x0,0x0,0x0,0x0,
0x68,0x0,0x0,0x0,0x63,0x0,0x0,0x0,
0xa3,0x0,0x0,0x0,0x0,0x0,0x0,0x0,
0x38,0x0,0x0,0x0,0x0,0x0,0x0,0x0,
0x38,0x0,0x0,0x0,0x0,0x0,0x4,0x0,
0xff,0xff,0xff,0xff,0xf,0x0,0x0,0x0,
0x1f,0x2,0xd0,0x2,0x0,0x0,0x0,0x0,
0x0,0x0,0x7,0x0,0x0,0x0,0x0,0x0,
0x0,0x0,0x0,0x0,0x1f,0x2,0x0,0x0,
0x0,0x0,0x0,0x0,0x1,0x0,0x0,0x0,
0x20,0x2,0x0,0x0,0x3,0x0,0x0,0x0,
0x27,0x0,0x0,0x0,0x21,0x2,0x0,0x0,
0x4,0x0,0x0,0x0,0x5f,0x0,0x0,0x0,
0x22,0x2,0x0,0x0,0x4,0x0,0x0,0x0,
0xca,0x2f,0x54,0x1,0x0,0x0,0x18,0x7,
0x2f,0x55,0x1,0x0,0x0,0x3d,0x56,0x1,
0x0,0x0,0x18,0xa,0xad,0x57,0x1,0x0,
0x0,0x7,0x0,0x0,0x0,0x1,0x0,0x0,
0x0,0xa,0x0,0x0,0x0,0x30,0x35,0x13,
0xbc,0x1,0x0,0x0,0x18,0x9,0x2f,0x58,
0x1,0x0,0x0,0x18,0xc,0xc,0x6e,0xc,
0x18,0xa,0x2f,0x59,0x1,0x0,0x0,0x18,
0xe,0xb5,0x5a,0x1,0x0,0x0,0x1,0x0,
0x0,0x0,0xe,0x0,0x0,0x0,0x18,0xb,
0xb5,0x5b,0x1,0x0,0x0,0x3,0x0,0x0,
0x0,0x9,0x0,0x0,0x0,0x18,0x6,0xd4,
0x16,0x6,0x2,0x0,0x0,0x0,0x0,0x0,
0x0,0x0,0x0,0x0,0x0,0x0,0x0,0x0,
0x50,0x0,0x0,0x0,0x14,0x0,0x0,0x0,
0xa3,0x0,0x0,0x0,0x0,0x0,0x0,0x0,
0x38,0x0,0x0,0x0,0x0,0x0,0x0,0x0,
0x38,0x0,0x0,0x0,0x0,0x0,0x2,0x0,
0xff,0xff,0xff,0xff,0x9,0x0,0x0,0x0,
0x26,0x2,0xd0,0x2,0x0,0x0,0x0,0x0,
0x0,0x0,0x7,0x0,0x0,0x0,0x0,0x0,
0x0,0x0,0x0,0x0,0x26,0x2,0x0,0x0,
0x0,0x0,0x0,0x0,0x1,0x0,0x0,0x0,
0x26,0x2,0x0,0x0,0x1,0x0,0x0,0x0,
0xca,0xb5,0x5c,0x1,0x0,0x0,0x0,0x0,
0x0,0x0,0x0,0x0,0x0,0x0,0x18,0x6,
0xd4,0x16,0x6,0x2,0x0,0x0,0x0,0x0,
0x44,0x0,0x0,0x0,0x2f,0x0,0x0,0x0,
0x19,0x0,0x0,0x0,0x0,0x0,0x0,0x0,
0x38,0x0,0x0,0x0,0x0,0x0,0x0,0x0,
0x38,0x0,0x0,0x0,0x0,0x0,0x1,0x0,
0xff,0xff,0xff,0xff,0xb,0x0,0x0,0x0,
0x2b,0x2,0xd0,0x2,0x0,0x0,0x0,0x0,
0x0,0x0,0x7,0x0,0x0,0x0,0x0,0x0,
0x0,0x0,0x0,0x0,0x2b,0x2,0x0,0x0,
0x1,0x0,0x0,0x0,0x13,0xb1,0x1,0x0,
0x0,0x18,0x9,0xb5,0x5d,0x1,0x0,0x0,
0x1,0x0,0x0,0x0,0x9,0x0,0x0,0x0,
0x18,0x7,0x2f,0x5e,0x1,0x0,0x0,0x18,
0xa,0xb5,0x5f,0x1,0x0,0x0,0x1,0x0,
0x0,0x0,0xa,0x0,0x0,0x0,0x80,0x7,
0x18,0x6,0x2,0x0,0x0,0x0,0x0,0x0,
0x44,0x0,0x0,0x0,0x8,0x0,0x0,0x0,
0xd6,0x0,0x0,0x0,0x0,0x0,0x0,0x0,
0x38,0x0,0x0,0x0,0x0,0x0,0x0,0x0,
0x38,0x0,0x0,0x0,0x0,0x0,0x1,0x0,
0xff,0xff,0xff,0xff,0x7,0x0,0x0,0x0,
0x36,0x2,0x50,0x2,0x0,0x0,0x0,0x0,
0x0,0x0,0x7,0x0,0x0,0x0,0x0,0x0,
0x0,0x0,0x0,0x0,0x36,0x2,0x0,0x0,
0x1,0x0,0x0,0x0,0x2f,0x60,0x1,0x0,
0x0,0x18,0x6,0x2,0x0,0x0,0x0,0x0,
0x44,0x0,0x0,0x0,0x12,0x0,0x0,0x0,
0x9d,0x0,0x0,0x0,0x0,0x0,0x0,0x0,
0x38,0x0,0x0,0x0,0x0,0x0,0x0,0x0,
0x38,0x0,0x0,0x0,0x0,0x0,0x1,0x0,
0xff,0xff,0xff,0xff,0x7,0x0,0x0,0x0,
0x39,0x2,0x90,0x2,0x0,0x0,0x0,0x0,
0x0,0x0,0x7,0x0,0x0,0x0,0x0,0x0,
0x0,0x0,0x0,0x0,0x39,0x2,0x0,0x0,
0x1,0x0,0x0,0x0,0x2f,0x61,0x1,0x0,
0x0,0x3d,0x62,0x1,0x0,0x0,0x3d,0x63,
0x1,0x0,0x0,0x18,0x6,0x2,0x0,0x0,
0x0,0x0,0x0,0x0,0x0,0x0,0x0,0x0,
0x44,0x0,0x0,0x0,0x17,0x0,0x0,0x0,
0x19,0x0,0x0,0x0,0x0,0x0,0x0,0x0,
0x38,0x0,0x0,0x0,0x0,0x0,0x0,0x0,
0x38,0x0,0x0,0x0,0x0,0x0,0x1,0x0,
0xff,0xff,0xff,0xff,0xa,0x0,0x0,0x0,
0x3a,0x2,0x90,0x2,0x0,0x0,0x0,0x0,
0x0,0x0,0x7,0x0,0x0,0x0,0x0,0x0,
0x0,0x0,0x0,0x0,0x3a,0x2,0x0,0x0,
0x1,0x0,0x0,0x0,0x2f,0x64,0x1,0x0,
0x0,0x18,0x9,0xb5,0x65,0x1,0x0,0x0,
0x1,0x0,0x0,0x0,0x9,0x0,0x0,0x0,
0x18,0x6,0x2,0x0,0x0,0x0,0x0,0x0,
0x8c,0x0,0x0,0x0,0xb0,0x0,0x0,0x0,
0xa3,0x0,0x0,0x0,0x0,0x0,0x0,0x0,
0x38,0x0,0x0,0x0,0x0,0x0,0x0,0x0,
0x38,0x0,0x0,0x0,0x0,0x0,0x7,0x0,
0xff,0xff,0xff,0xff,0x11,0x0,0x0,0x0,
0x3b,0x2,0x90,0x2,0x0,0x0,0x0,0x0,
0x0,0x0,0x7,0x0,0x0,0x0,0x0,0x0,
0x0,0x0,0x0,0x0,0x3b,0x2,0x0,0x0,
0x0,0x0,0x0,0x0,0x1,0x0,0x0,0x0,
0x3c,0x2,0x0,0x0,0x3,0x0,0x0,0x0,
0x8,0x0,0x0,0x0,0x3d,0x2,0x0,0x0,
0x5,0x0,0x0,0x0,0x22,0x0,0x0,0x0,
0x3e,0x2,0x0,0x0,0x7,0x0,0x0,0x0,
0x3c,0x0,0x0,0x0,0x3f,0x2,0x0,0x0,
0x9,0x0,0x0,0x0,0x56,0x0,0x0,0x0,
0x40,0x2,0x0,0x0,0xa,0x0,0x0,0x0,
0xac,0x0,0x0,0x0,0x41,0x2,0x0,0x0,
0xa,0x0,0x0,0x0,0xca,0x2f,0x66,0x1,
0x0,0x0,0x30,0x35,0x2f,0x67,0x1,0x0,
0x0,0x18,0x7,0x2f,0x68,0x1,0x0,0x0,
0x3d,0x69,0x1,0x0,0x0,0x43,0x6a,0x1,
0x0,0x0,0x7,0x0,0x0,0x0,0x2f,0x6b,
0x1,0x0,0x0,0x18,0x7,0x2f,0x6c,0x1,
0x0,0x0,0x3d,0x6d,0x1,0x0,0x0,0x43,
0x6e,0x1,0x0,0x0,0x7,0x0,0x0,0x0,
0x2f,0x6f,0x1,0x0,0x0,0x18,0x7,0x2f,
0x70,0x1,0x0,0x0,0x3d,0x71,0x1,0x0,
0x0,0x43,0x72,0x1,0x0,0x0,0x7,0x0,
0x0,0x0,0x2f,0x73,0x1,0x0,0x0,0x18,
0x7,0x2f,0x74,0x1,0x0,0x0,0x18,0x8,
0x14,0x15,0xb,0x2f,0x75,0x1,0x0,0x0,
0x18,0xd,0x2f,0x76,0x1,0x0,0x0,0x3d,
0x77,0x1,0x0,0x0,0x18,0x10,0xad,0x78,
0x1,0x0,0x0,0xd,0x0,0x0,0x0,0x1,
0x0,0x0,0x0,0x10,0x0,0x0,0x0,0x18,
0xc,0xad,0x79,0x1,0x0,0x0,0x8,0x0,
0x0,0x0,0x2,0x0,0x0,0x0,0xb,0x0,
0x0,0x0,0x18,0x8,0x43,0x7a,0x1,0x0,
0x0,0x7,0x0,0x0,0x0,0x1a,0x8,0x6,
0xd4,0x16,0x6,0x2,0x0,0x0,0x0,0x0,
0x44,0x0,0x0,0x0,0xd,0x0,0x0,0x0,
0x9d,0x0,0x0,0x0,0x0,0x0,0x0,0x0,
0x38,0x0,0x0,0x0,0x0,0x0,0x0,0x0,
0x38,0x0,0x0,0x0,0x0,0x0,0x1,0x0,
0xff,0xff,0xff,0xff,0x7,0x0,0x0,0x0,
0x4b,0x2,0xd0,0x1,0x0,0x0,0x0,0x0,
0x0,0x0,0x7,0x0,0x0,0x0,0x0,0x0,
0x0,0x0,0x0,0x0,0x4b,0x2,0x0,0x0,
0x1,0x0,0x0,0x0,0x2f,0x7b,0x1,0x0,
0x0,0x3d,0x7c,0x1,0x0,0x0,0x18,0x6,
0x2,0x0,0x0,0x0,0x0,0x0,0x0,0x0,
0x44,0x0,0x0,0x0,0x8,0x0,0x0,0x0,
0x70,0x0,0x0,0x0,0x0,0x0,0x0,0x0,
0x38,0x0,0x0,0x0,0x0,0x0,0x0,0x0,
0x38,0x0,0x0,0x0,0x0,0x0,0x1,0x0,
0xff,0xff,0xff,0xff,0x7,0x0,0x0,0x0,
0x52,0x2,0x50,0x2,0x0,0x0,0x0,0x0,
0x0,0x0,0x7,0x0,0x0,0x0,0x0,0x0,
0x0,0x0,0x0,0x0,0x52,0x2,0x0,0x0,
0x1,0x0,0x0,0x0,0x2f,0x7d,0x1,0x0,
0x0,0x18,0x6,0x2,0x0,0x0,0x0,0x0,
0x44,0x0,0x0,0x0,0x2f,0x0,0x0,0x0,
0x19,0x0,0x0,0x0,0x0,0x0,0x0,0x0,
0x38,0x0,0x0,0x0,0x0,0x0,0x0,0x0,
0x38,0x0,0x0,0x0,0x0,0x0,0x1,0x0,
0xff,0xff,0xff,0xff,0xd,0x0,0x0,0x0,
0x5c,0x2,0xe0,0x4,0x0,0x0,0x0,0x0,
0x0,0x0,0x7,0x0,0x0,0x0,0x0,0x0,
0x0,0x0,0x0,0x0,0x5c,0x2,0x0,0x0,
0x1,0x0,0x0,0x0,0x2f,0x7e,0x1,0x0,
0x0,0x18,0x7,0x2f,0x7f,0x1,0x0,0x0,
0x18,0xc,0xb8,0xc,0x0,0x0,0x18,0xa,
0x13,0x49,0x1,0x0,0x0,0x18,0xb,0xad,
0x80,0x1,0x0,0x0,0x7,0x0,0x0,0x0,
0x2,0x0,0x0,0x0,0xa,0x0,0x0,0x0,
0x18,0x6,0x2,0x0,0x0,0x0,0x0,0x0,
0x44,0x0,0x0,0x0,0x22,0x0,0x0,0x0,
0xd6,0x0,0x0,0x0,0x0,0x0,0x0,0x0,
0x38,0x0,0x0,0x0,0x0,0x0,0x0,0x0,
0x38,0x0,0x0,0x0,0x0,0x0,0x1,0x0,
0xff,0xff,0xff,0xff,0xb,0x0,0x0,0x0,
0x60,0x2,0xa0,0x4,0x0,0x0,0x0,0x0,
0x0,0x0,0x7,0x0,0x0,0x0,0x0,0x0,
0x0,0x0,0x0,0x0,0x60,0x2,0x0,0x0,
0x1,0x0,0x0,0x0,0x13,0xc0,0x1,0x0,
0x0,0x18,0x7,0x13,0xc1,0x1,0x0,0x0,
0x18,0x8,0x13,0xc2,0x1,0x0,0x0,0x18,
0x9,0x13,0xc3,0x1,0x0,0x0,0x18,0xa,
0xe8,0x4,0x7,0x18,0x6,0x2,0x0,0x0,
0x0,0x0,0x0,0x0,0x0,0x0,0x0,0x0,
0xb0,0x0,0x0,0x0,0x9f,0x0,0x0,0x0,
0xa3,0x0,0x0,0x0,0x0,0x0,0x0,0x0,
0x38,0x0,0x0,0x0,0x0,0x0,0x0,0x0,
0x38,0x0,0x0,0x0,0x0,0x0,0xa,0x0,
0xff,0xff,0xff,0xff,0x12,0x0,0x0,0x0,
0x6b,0x2,0xd0,0x2,0x0,0x0,0x0,0x0,
0x0,0x0,0x7,0x0,0x0,0x0,0x0,0x0,
0x0,0x0,0x0,0x0,0x6b,0x2,0x0,0x0,
0x0,0x0,0x0,0x0,0x1,0x0,0x0,0x0,
0x6b,0x2,0x0,0x0,0x1,0x0,0x0,0x0,
0x5,0x0,0x0,0x0,0x6c,0x2,0x0,0x0,
0x2,0x0,0x0,0x0,0xc,0x0,0x0,0x0,
0x6d,0x2,0x0,0x0,0x2,0x0,0x0,0x0,
0x27,0x0,0x0,0x0,0x6e,0x2,0x0,0x0,
0x2,0x0,0x0,0x0,0x42,0x0,0x0,0x0,
0x6f,0x2,0x0,0x0,0x2,0x0,0x0,0x0,
0x4e,0x0,0x0,0x0,0x70,0x2,0x0,0x0,
0x2,0x0,0x0,0x0,0x5a,0x0,0x0,0x0,
0x6c,0x2,0x0,0x0,0x2,0x0,0x0,0x0,
0x6d,0x0,0x0,0x0,0x72,0x2,0x0,0x0,
0x3,0x0,0x0,0x0,0x9b,0x0,0x0,0x0,
0x73,0x2,0x0,0x0,0x3,0x0,0x0,0x0,
0xca,0x1,0x2,0x7,0x1,0x2f,0x81,0x1,
0x0,0x0,0x18,0x8,0x2f,0x82,0x1,0x0,
0x0,0x3d,0x83,0x1,0x0,0x0,0x18,0x11,
0xb5,0x84,0x1,0x0,0x0,0x1,0x0,0x0,
0x0,0x11,0x0,0x0,0x0,0x18,0xb,0x2f,
0x85,0x1,0x0,0x0,0x3d,0x86,0x1,0x0,
0x0,0x18,0x11,0xb5,0x87,0x1,0x0,0x0,
0x1,0x0,0x0,0x0,0x11,0x0,0x0,0x0,
0x18,0xc,0x2f,0x88,0x1,0x0,0x0,0x3d,
0x89,0x1,0x0,0x0,0x18,0xd,0x2f,0x8a,
0x1,0x0,0x0,0x3d,0x8b,0x1,0x0,0x0,
0x18,0xe,0xad,0x8c,0x1,0x0,0x0,0x8,
0x0,0x0,0x0,0x4,0x0,0x0,0x0,0xb,
0x0,0x0,0x0,0x18,0x7,0x13,0xc5,0x1,
0x0,0x0,0x18,0xa,0x1a,0x7,0xb,0x13,
0xc6,0x1,0x0,0x0,0x18,0xd,0x2f,0x8d,
0x1,0x0,0x0,0x3d,0x8e,0x1,0x0,0x0,
0x80,0xd,0x18,0xc,0xb5,0x8f,0x1,0x0,
0x0,0x3,0x0,0x0,0x0,0xa,0x0,0x0,
0x0,0x18,0x6,0xd4,0x16,0x6,0x2,0x0,
0x0,0x0,0x0,0x0,0x0,0x0,0x0,0x0,
0x68,0x0,0x0,0x0,0x83,0x0,0x0,0x0,
0xa3,0x0,0x0,0x0,0x0,0x0,0x0,0x0,
0x38,0x0,0x0,0x0,0x0,0x0,0x0,0x0,
0x38,0x0,0x0,0x0,0x0,0x0,0x4,0x0,
0xff,0xff,0xff,0xff,0xf,0x0,0x0,0x0,
0x77,0x2,0xd0,0x2,0x0,0x0,0x0,0x0,
0x0,0x0,0x7,0x0,0x0,0x0,0x0,0x0,
0x0,0x0,0x0,0x0,0x77,0x2,0x0,0x0,
0x0,0x0,0x0,0x0,0x1,0x0,0x0,0x0,
0x78,0x2,0x0,0x0,0x3,0x0,0x0,0x0,
0x51,0x0,0x0,0x0,0x79,0x2,0x0,0x0,
0x4,0x0,0x0,0x0,0x7f,0x0,0x0,0x0,
0x7a,0x2,0x0,0x0,0x4,0x0,0x0,0x0,
0xca,0x2f,0x90,0x1,0x0,0x0,0x18,0x7,
0x2f,0x91,0x1,0x0,0x0,0x3d,0x92,0x1,
0x0,0x0,0x18,0xe,0xb5,0x93,0x1,0x0,
0x0,0x1,0x0,0x0,0x0,0xe,0x0,0x0,
0x0,0x18,0xa,0x2f,0x94,0x1,0x0,0x0,
0x3d,0x95,0x1,0x0,0x0,0x18,0xe,0xb5,
0x96,0x1,0x0,0x0,0x1,0x0,0x0,0x0,
0xe,0x0,0x0,0x0,0x18,0xb,0xad,0x97,
0x1,0x0,0x0,0x7,0x0,0x0,0x0,0x2,
0x0,0x0,0x0,0xa,0x0,0x0,0x0,0x30,
0x30,0x13,0xc8,0x1,0x0,0x0,0x18,0x9,
0x14,0x18,0xa,0x13,0x61,0x1,0x0,0x0,
0x18,0xc,0x2f,0x98,0x1,0x0,0x0,0x3d,
0x99,0x1,0x0,0x0,0x80,0xc,0x18,0xb,
0xb5,0x9a,0x1,0x0,0x0,0x3,0x0,0x0,
0x0,0x9,0x0,0x0,0x0,0x18,0x6,0xd4,
0x16,0x6,0x2,0x0,0x0,0x0,0x0,0x0,
0x0,0x0,0x0,0x0,0x0,0x0,0x0,0x0,
0x68,0x0,0x0,0x0,0x9e,0x0,0x0,0x0,
0xa3,0x0,0x0,0x0,0x0,0x0,0x0,0x0,
0x38,0x0,0x0,0x0,0x0,0x0,0x0,0x0,
0x38,0x0,0x0,0x0,0x0,0x0,0x4,0x0,
0xff,0xff,0xff,0xff,0x10,0x0,0x0,0x0,
0x7e,0x2,0xd0,0x2,0x0,0x0,0x0,0x0,
0x0,0x0,0x7,0x0,0x0,0x0,0x0,0x0,
0x0,0x0,0x0,0x0,0x7e,0x2,0x0,0x0,
0x0,0x0,0x0,0x0,0x1,0x0,0x0,0x0,
0x7f,0x2,0x0,0x0,0x3,0x0,0x0,0x0,
0x6c,0x0,0x0,0x0,0x80,0x2,0x0,0x0,
0x4,0x0,0x0,0x0,0x9a,0x0,0x0,0x0,
0x81,0x2,0x0,0x0,0x4,0x0,0x0,0x0,
0xca,0x2f,0x9b,0x1,0x0,0x0,0x18,0x7,
0x2f,0x9c,0x1,0x0,0x0,0x3d,0x9d,0x1,
0x0,0x0,0x18,0xf,0xb5,0x9e,0x1,0x0,
0x0,0x1,0x0,0x0,0x0,0xf,0x0,0x0,
0x0,0x18,0xa,0x2f,0x9f,0x1,0x0,0x0,
0x3d,0xa0,0x1,0x0,0x0,0x18,0xf,0xb5,
0xa1,0x1,0x0,0x0,0x1,0x0,0x0,0x0,
0xf,0x0,0x0,0x0,0x18,0xb,0x2f,0xa2,
0x1,0x0,0x0,0x3d,0xa3,0x1,0x0,0x0,
0x18,0xf,0xb5,0xa4,0x1,0x0,0x0,0x1,
0x0,0x0,0x0,0xf,0x0,0x0,0x0,0x18,
0xc,0xad,0xa5,0x1,0x0,0x0,0x7,0x0,
0x0,0x0,0x3,0x0,0x0,0x0,0xa,0x0,
0x0,0x0,0x30,0x30,0x13,0xca,0x1,0x0,
0x0,0x18,0x9,0x14,0x18,0xa,0x13,0x61,
0x1,0x0,0x0,0x18,0xc,0x2f,0xa6,0x1,
0x0,0x0,0x3d,0xa7,0x1,0x0,0x0,0x80,
0xc,0x18,0xb,0xb5,0xa8,0x1,0x0,0x0,
0x3,0x0,0x0,0x0,0x9,0x0,0x0,0x0,
0x18,0x6,0xd4,0x16,0x6,0x2,0x0,0x0,
0x0,0x0,0x0,0x0,0x0,0x0,0x0,0x0,
0x44,0x0,0x0,0x0,0x8,0x0,0x0,0x0,
0xd6,0x0,0x0,0x0,0x0,0x0,0x0,0x0,
0x38,0x0,0x0,0x0,0x0,0x0,0x0,0x0,
0x38,0x0,0x0,0x0,0x0,0x0,0x1,0x0,
0xff,0xff,0xff,0xff,0x7,0x0,0x0,0x0,
0x8f,0x2,0x50,0x2,0x0,0x0,0x0,0x0,
0x0,0x0,0x7,0x0,0x0,0x0,0x0,0x0,
0x0,0x0,0x0,0x0,0x8f,0x2,0x0,0x0,
0x1,0x0,0x0,0x0,0x2f,0xa9,0x1,0x0,
0x0,0x18,0x6,0x2,0x0,0x0,0x0,0x0,
0x44,0x0,0x0,0x0,0x12,0x0,0x0,0x0,
0x9d,0x0,0x0,0x0,0x0,0x0,0x0,0x0,
0x38,0x0,0x0,0x0,0x0,0x0,0x0,0x0,
0x38,0x0,0x0,0x0,0x0,0x0,0x1,0x0,
0xff,0xff,0xff,0xff,0x7,0x0,0x0,0x0,
0x92,0x2,0x90,0x2,0x0,0x0,0x0,0x0,
0x0,0x0,0x7,0x0,0x0,0x0,0x0,0x0,
0x0,0x0,0x0,0x0,0x92,0x2,0x0,0x0,
0x1,0x0,0x0,0x0,0x2f,0xaa,0x1,0x0,
0x0,0x3d,0xab,0x1,0x0,0x0,0x3d,0xac,
0x1,0x0,0x0,0x18,0x6,0x2,0x0,0x0,
0x0,0x0,0x0,0x0,0x0,0x0,0x0,0x0,
0x44,0x0,0x0,0x0,0x17,0x0,0x0,0x0,
0x19,0x0,0x0,0x0,0x0,0x0,0x0,0x0,
0x38,0x0,0x0,0x0,0x0,0x0,0x0,0x0,
0x38,0x0,0x0,0x0,0x0,0x0,0x1,0x0,
0xff,0xff,0xff,0xff,0xa,0x0,0x0,0x0,
0x93,0x2,0x90,0x2,0x0,0x0,0x0,0x0,
0x0,0x0,0x7,0x0,0x0,0x0,0x0,0x0,
0x0,0x0,0x0,0x0,0x93,0x2,0x0,0x0,
0x1,0x0,0x0,0x0,0x2f,0xad,0x1,0x0,
0x0,0x18,0x9,0xb5,0xae,0x1,0x0,0x0,
0x1,0x0,0x0,0x0,0x9,0x0,0x0,0x0,
0x18,0x6,0x2,0x0,0x0,0x0,0x0,0x0,
0x44,0x0,0x0,0x0,0xd,0x0,0x0,0x0,
0x9d,0x0,0x0,0x0,0x0,0x0,0x0,0x0,
0x38,0x0,0x0,0x0,0x0,0x0,0x0,0x0,
0x38,0x0,0x0,0x0,0x0,0x0,0x1,0x0,
0xff,0xff,0xff,0xff,0x7,0x0,0x0,0x0,
0x9d,0x2,0xd0,0x1,0x0,0x0,0x0,0x0,
0x0,0x0,0x7,0x0,0x0,0x0,0x0,0x0,
0x0,0x0,0x0,0x0,0x9d,0x2,0x0,0x0,
0x1,0x0,0x0,0x0,0x2f,0xaf,0x1,0x0,
0x0,0x3d,0xb0,0x1,0x0,0x0,0x18,0x6,
0x2,0x0,0x0,0x0,0x0,0x0,0x0,0x0,
0x44,0x0,0x0,0x0,0x8,0x0,0x0,0x0,
0x70,0x0,0x0,0x0,0x0,0x0,0x0,0x0,
0x38,0x0,0x0,0x0,0x0,0x0,0x0,0x0,
0x38,0x0,0x0,0x0,0x0,0x0,0x1,0x0,
0xff,0xff,0xff,0xff,0x7,0x0,0x0,0x0,
0xa4,0x2,0x50,0x2,0x0,0x0,0x0,0x0,
0x0,0x0,0x7,0x0,0x0,0x0,0x0,0x0,
0x0,0x0,0x0,0x0,0xa4,0x2,0x0,0x0,
0x1,0x0,0x0,0x0,0x2f,0xb1,0x1,0x0,
0x0,0x18,0x6,0x2,0x0,0x0,0x0,0x0,
0x44,0x0,0x0,0x0,0xd,0x0,0x0,0x0,
0x0,0x1,0x0,0x0,0x0,0x0,0x0,0x0,
0x38,0x0,0x0,0x0,0x0,0x0,0x0,0x0,
0x38,0x0,0x0,0x0,0x0,0x0,0x1,0x0,
0xff,0xff,0xff,0xff,0x7,0x0,0x0,0x0,
0xac,0x2,0xd0,0x5,0x0,0x0,0x0,0x0,
0x0,0x0,0x7,0x0,0x0,0x0,0x0,0x0,
0x0,0x0,0x0,0x0,0xac,0x2,0x0,0x0,
0x1,0x0,0x0,0x0,0x2f,0xb2,0x1,0x0,
0x0,0x3d,0xb3,0x1,0x0,0x0,0x18,0x6,
0x2,0x0,0x0,0x0,0x0,0x0,0x0,0x0,
0x80,0x0,0x0,0x0,0x8a,0x0,0x0,0x0,
0xa3,0x0,0x0,0x0,0x0,0x0,0x0,0x0,
0x38,0x0,0x0,0x0,0x0,0x0,0x0,0x0,
0x38,0x0,0x0,0x0,0x0,0x0,0x6,0x0,
0xff,0xff,0xff,0xff,0x11,0x0,0x0,0x0,
0xaf,0x2,0xd0,0x2,0x0,0x0,0x0,0x0,
0x0,0x0,0x7,0x0,0x0,0x0,0x0,0x0,
0x0,0x0,0x0,0x0,0xaf,0x2,0x0,0x0,
0x0,0x0,0x0,0x0,0x1,0x0,0x0,0x0,
0xaf,0x2,0x0,0x0,0x1,0x0,0x0,0x0,
0x5,0x0,0x0,0x0,0xb0,0x2,0x0,0x0,
0x2,0x0,0x0,0x0,0x37,0x0,0x0,0x0,
0xb1,0x2,0x0,0x0,0x4,0x0,0x0,0x0,
0x39,0x0,0x0,0x0,0xb2,0x2,0x0,0x0,
0x5,0x0,0x0,0x0,0x86,0x0,0x0,0x0,
0xb3,0x2,0x0,0x0,0x5,0x0,0x0,0x0,
0xca,0x1,0x2,0x7,0x1,0x2f,0xb4,0x1,
0x0,0x0,0x18,0x8,0x2f,0xb5,0x1,0x0,
0x0,0x3d,0xb6,0x1,0x0,0x0,0x18,0xb,
0x2f,0xb7,0x1,0x0,0x0,0x3d,0xb8,0x1,
0x0,0x0,0x18,0xc,0xad,0xb9,0x1,0x0,
0x0,0x8,0x0,0x0,0x0,0x2,0x0,0x0,
0x0,0xb,0x0,0x0,0x0,0x18,0x7,0x30,
0x28,0x13,0xce,0x1,0x0,0x0,0x18,0xa,
0x1a,0x7,0xb,0x16,0x7,0x50,0x24,0x13,
0xcf,0x1,0x0,0x0,0x18,0xd,0x2f,0xba,
0x1,0x0,0x0,0x3d,0xbb,0x1,0x0,0x0,
0x18,0x10,0xb5,0xbc,0x1,0x0,0x0,0x1,
0x0,0x0,0x0,0x10,0x0,0x0,0x0,0x80,
0xd,0x4c,0xa,0x2f,0xbd,0x1,0x0,0x0,
0x3d,0xbe,0x1,0x0,0x0,0x18,0xc,0xb5,
0xbf,0x1,0x0,0x0,0x3,0x0,0x0,0x0,
0xa,0x0,0x0,0x0,0x18,0x6,0xd4,0x16,
0x6,0x2,0x0,0x0,0x0,0x0,0x0,0x0,
0x0,0x0,0x0,0x0,0x0,0x0,0x0,0x0,
0x44,0x0,0x0,0x0,0x34,0x0,0x0,0x0,
0x19,0x0,0x0,0x0,0x0,0x0,0x0,0x0,
0x38,0x0,0x0,0x0,0x0,0x0,0x0,0x0,
0x38,0x0,0x0,0x0,0x0,0x0,0x1,0x0,
0xff,0xff,0xff,0xff,0xa,0x0,0x0,0x0,
0xb5,0x2,0x10,0x3,0x0,0x0,0x0,0x0,
0x0,0x0,0x7,0x0,0x0,0x0,0x0,0x0,
0x0,0x0,0x0,0x0,0xb5,0x2,0x0,0x0,
0x1,0x0,0x0,0x0,0x2f,0xc0,0x1,0x0,
0x0,0x50,0x16,0x13,0xd0,0x1,0x0,0x0,
0x18,0x9,0xb5,0xc1,0x1,0x0,0x0,0x1,
0x0,0x0,0x0,0x9,0x0,0x0,0x0,0x4c,
0x14,0x13,0xd1,0x1,0x0,0x0,0x18,0x9,
0xb5,0xc2,0x1,0x0,0x0,0x1,0x0,0x0,
0x0,0x9,0x0,0x0,0x0,0x18,0x6,0x2,
0x0,0x0,0x0,0x0,0x0,0x0,0x0,0x0,
0x8c,0x0,0x0,0x0,0x63,0x0,0x0,0x0,
0xa3,0x0,0x0,0x0,0x0,0x0,0x0,0x0,
0x38,0x0,0x0,0x0,0x0,0x0,0x0,0x0,
0x38,0x0,0x0,0x0,0x0,0x0,0x7,0x0,
0xff,0xff,0xff,0xff,0xe,0x0,0x0,0x0,
0xbd,0x2,0xd0,0x2,0x0,0x0,0x0,0x0,
0x0,0x0,0x7,0x0,0x0,0x0,0x0,0x0,
0x0,0x0,0x0,0x0,0xbd,0x2,0x0,0x0,
0x0,0x0,0x0,0x0,0x1,0x0,0x0,0x0,
0xbd,0x2,0x0,0x0,0x1,0x0,0x0,0x0,
0x5,0x0,0x0,0x0,0xbe,0x2,0x0,0x0,
0x2,0x0,0x0,0x0,0x1f,0x0,0x0,0x0,
0xbf,0x2,0x0,0x0,0x3,0x0,0x0,0x0,
0x26,0x0,0x0,0x0,0xc0,0x2,0x0,0x0,
0x5,0x0,0x0,0x0,0x38,0x0,0x0,0x0,
0xc1,0x2,0x0,0x0,0x6,0x0,0x0,0x0,
0x5f,0x0,0x0,0x0,0xc2,0x2,0x0,0x0,
0x6,0x0,0x0,0x0,0xca,0x1,0x2,0x7,
0x1,0x2f,0xc3,0x1,0x0,0x0,0x18,0x8,
0xad,0xc4,0x1,0x0,0x0,0x8,0x0,0x0,
0x0,0x0,0x0,0x0,0x0,0x0,0x0,0x0,
0x0,0x18,0x7,0x3d,0xc5,0x1,0x0,0x0,
0x50,0x12,0x2f,0xc6,0x1,0x0,0x0,0x18,
0x8,0x16,0x7,0x43,0xc7,0x1,0x0,0x0,
0x8,0x0,0x0,0x0,0x13,0xd3,0x1,0x0,
0x0,0x18,0xa,0x16,0x7,0x3d,0xc8,0x1,
0x0,0x0,0x18,0xd,0x6,0x64,0xd,0x18,
0xb,0x1a,0x7,0xc,0xb5,0xc9,0x1,0x0,
0x0,0x3,0x0,0x0,0x0,0xa,0x0,0x0,
0x0,0x18,0x6,0xd4,0x16,0x6,0x2,0x0,
0x0,0x0,0x0,0x0,0x0,0x0,0x0,0x0,
0x74,0x0,0x0,0x0,0x99,0x0,0x0,0x0,
0xa3,0x0,0x0,0x0,0x0,0x0,0x0,0x0,
0x38,0x0,0x0,0x0,0x0,0x0,0x0,0x0,
0x38,0x0,0x0,0x0,0x0,0x0,0x5,0x0,
0xff,0xff,0xff,0xff,0xd,0x0,0x0,0x0,
0xc6,0x2,0xd0,0x2,0x0,0x0,0x0,0x0,
0x0,0x0,0x7,0x0,0x0,0x0,0x0,0x0,
0x0,0x0,0x0,0x0,0xc6,0x2,0x0,0x0,
0x0,0x0,0x0,0x0,0x1,0x0,0x0,0x0,
0xc7,0x2,0x0,0x0,0x3,0x0,0x0,0x0,
0x35,0x0,0x0,0x0,0xc8,0x2,0x0,0x0,
0x5,0x0,0x0,0x0,0x4b,0x0,0x0,0x0,
0xc9,0x2,0x0,0x0,0x6,0x0,0x0,0x0,
0x95,0x0,0x0,0x0,0xca,0x2,0x0,0x0,
0x6,0x0,0x0,0x0,0xca,0x2f,0xca,0x1,
0x0,0x0,0x18,0x7,0x2f,0xcb,0x1,0x0,
0x0,0x18,0x8,0x2f,0xcc,0x1,0x0,0x0,
0x3d,0xcd,0x1,0x0,0x0,0x18,0xb,0xad,
0xce,0x1,0x0,0x0,0x8,0x0,0x0,0x0,
0x1,0x0,0x0,0x0,0xb,0x0,0x0,0x0,
0x43,0xcf,0x1,0x0,0x0,0x7,0x0,0x0,
0x0,0x2f,0xd0,0x1,0x0,0x0,0x3d,0xd1,
0x1,0x0,0x0,0x3d,0xd2,0x1,0x0,0x0,
0x18,0x7,0x6,0x64,0x7,0x30,0x29,0x13,
0x5,0x1,0x0,0x0,0x18,0x9,0x2f,0xd3,
0x1,0x0,0x0,0x18,0xa,0x2f,0xd4,0x1,
0x0,0x0,0x50,0x1a,0x13,0xa2,0x1,0x0,
0x0,0x18,0xc,0x2f,0xd5,0x1,0x0,0x0,
0x3d,0xd6,0x1,0x0,0x0,0x3d,0xd7,0x1,
0x0,0x0,0x80,0xc,0x4c,0xa,0x2f,0xd8,
0x1,0x0,0x0,0x3d,0xd9,0x1,0x0,0x0,
0x18,0xb,0xb5,0xda,0x1,0x0,0x0,0x3,
0x0,0x0,0x0,0x9,0x0,0x0,0x0,0x18,
0x6,0xd4,0x16,0x6,0x2,0x0,0x0,0x0,
0x0,0x0,0x0,0x0,0x0,0x0,0x0,0x0,
0x8c,0x0,0x0,0x0,0x63,0x0,0x0,0x0,
0xa3,0x0,0x0,0x0,0x0,0x0,0x0,0x0,
0x38,0x0,0x0,0x0,0x0,0x0,0x0,0x0,
0x38,0x0,0x0,0x0,0x0,0x0,0x7,0x0,
0xff,0xff,0xff,0xff,0xe,0x0,0x0,0x0,
0xd3,0x2,0xd0,0x2,0x0,0x0,0x0,0x0,
0x0,0x0,0x7,0x0,0x0,0x0,0x0,0x0,
0x0,0x0,0x0,0x0,0xd3,0x2,0x0,0x0,
0x0,0x0,0x0,0x0,0x1,0x0,0x0,0x0,
0xd3,0x2,0x0,0x0,0x1,0x0,0x0,0x0,
0x5,0x0,0x0,0x0,0xd4,0x2,0x0,0x0,
0x2,0x0,0x0,0x0,0x1f,0x0,0x0,0x0,
0xd5,0x2,0x0,0x0,0x3,0x0,0x0,0x0,
0x26,0x0,0x0,0x0,0xd6,0x2,0x0,0x0,
0x5,0x0,0x0,0x0,0x38,0x0,0x0,0x0,
0xd7,0x2,0x0,0x0,0x6,0x0,0x0,0x0,
0x5f,0x0,0x0,0x0,0xd8,0x2,0x0,0x0,
0x6,0x0,0x0,0x0,0xca,0x1,0x2,0x7,
0x1,0x2f,0xdb,0x1,0x0,0x0,0x18,0x8,
0xad,0xdc,0x1,0x0,0x0,0x8,0x0,0x0,
0x0,0x0,0x0,0x0,0x0,0x0,0x0,0x0,
0x0,0x18,0x7,0x3d,0xdd,0x1,0x0,0x0,
0x50,0x12,0x2f,0xde,0x1,0x0,0x0,0x18,
0x8,0x16,0x7,0x43,0xdf,0x1,0x0,0x0,
0x8,0x0,0x0,0x0,0x13,0xd5,0x1,0x0,
0x0,0x18,0xa,0x16,0x7,0x3d,0xe0,0x1,
0x0,0x0,0x18,0xd,0x6,0x64,0xd,0x18,
0xb,0x1a,0x7,0xc,0xb5,0xe1,0x1,0x0,
0x0,0x3,0x0,0x0,0x0,0xa,0x0,0x0,
0x0,0x18,0x6,0xd4,0x16,0x6,0x2,0x0,
0x0,0x0,0x0,0x0,0x0,0x0,0x0,0x0,
0x74,0x0,0x0,0x0,0x99,0x0,0x0,0x0,
0xa3,0x0,0x0,0x0,0x0,0x0,0x0,0x0,
0x38,0x0,0x0,0x0,0x0,0x0,0x0,0x0,
0x38,0x0,0x0,0x0,0x0,0x0,0x5,0x0,
0xff,0xff,0xff,0xff,0xd,0x0,0x0,0x0,
0xdc,0x2,0xd0,0x2,0x0,0x0,0x0,0x0,
0x0,0x0,0x7,0x0,0x0,0x0,0x0,0x0,
0x0,0x0,0x0,0x0,0xdc,0x2,0x0,0x0,
0x0,0x0,0x0,0x0,0x1,0x0,0x0,0x0,
0xdd,0x2,0x0,0x0,0x3,0x0,0x0,0x0,
0x35,0x0,0x0,0x0,0xde,0x2,0x0,0x0,
0x5,0x0,0x0,0x0,0x4b,0x0,0x0,0x0,
0xdf,0x2,0x0,0x0,0x6,0x0,0x0,0x0,
0x95,0x0,0x0,0x0,0xe0,0x2,0x0,0x0,
0x6,0x0,0x0,0x0,0xca,0x2f,0xe2,0x1,
0x0,0x0,0x18,0x7,0x2f,0xe3,0x1,0x0,
0x0,0x18,0x8,0x2f,0xe4,0x1,0x0,0x0,
0x3d,0xe5,0x1,0x0,0x0,0x18,0xb,0xad,
0xe6,0x1,0x0,0x0,0x8,0x0,0x0,0x0,
0x1,0x0,0x0,0x0,0xb,0x0,0x0,0x0,
0x43,0xe7,0x1,0x0,0x0,0x7,0x0,0x0,
0x0,0x2f,0xe8,0x1,0x0,0x0,0x3d,0xe9,
0x1,0x0,0x0,0x3d,0xea,0x1,0x0,0x0,
0x18,0x7,0x6,0x64,0x7,0x30,0x2a,0x13,
0x8,0x1,0x0,0x0,0x18,0x9,0x2f,0xeb,
0x1,0x0,0x0,0x18,0xa,0x2f,0xec,0x1,
0x0,0x0,0x50,0x1a,0x13,0xa2,0x1,0x0,
0x0,0x18,0xc,0x2f,0xed,0x1,0x0,0x0,
0x3d,0xee,0x1,0x0,0x0,0x3d,0xef,0x1,
0x0,0x0,0x80,0xc,0x4c,0xa,0x2f,0xf0,
0x1,0x0,0x0,0x3d,0xf1,0x1,0x0,0x0,
0x18,0xb,0xb5,0xf2,0x1,0x0,0x0,0x3,
0x0,0x0,0x0,0x9,0x0,0x0,0x0,0x18,
0x6,0xd4,0x16,0x6,0x2,0x0,0x0,0x0,
0x0,0x0,0x0,0x0,0x0,0x0,0x0,0x0,
0x68,0x0,0x0,0x0,0x81,0x0,0x0,0x0,
0xa3,0x0,0x0,0x0,0x0,0x0,0x0,0x0,
0x38,0x0,0x0,0x0,0x0,0x0,0x0,0x0,
0x38,0x0,0x0,0x0,0x0,0x0,0x4,0x0,
0xff,0xff,0xff,0xff,0xe,0x0,0x0,0x0,
0xe7,0x2,0xd0,0x2,0x0,0x0,0x0,0x0,
0x0,0x0,0x7,0x0,0x0,0x0,0x0,0x0,
0x0,0x0,0x0,0x0,0xe7,0x2,0x0,0x0,
0x0,0x0,0x0,0x0,0x1,0x0,0x0,0x0,
0xe8,0x2,0x0,0x0,0x3,0x0,0x0,0x0,
0x33,0x0,0x0,0x0,0xe9,0x2,0x0,0x0,
0x4,0x0,0x0,0x0,0x7d,0x0,0x0,0x0,
0xea,0x2,0x0,0x0,0x4,0x0,0x0,0x0,
0xca,0x2f,0xf3,0x1,0x0,0x0,0x18,0x7,
0x2f,0xf4,0x1,0x0,0x0,0x3d,0xf5,0x1,
0x0,0x0,0x18,0xa,0x2f,0xf6,0x1,0x0,
0x0,0x3d,0xf7,0x1,0x0,0x0,0x18,0xb,
0xad,0xf8,0x1,0x0,0x0,0x7,0x0,0x0,
0x0,0x2,0x0,0x0,0x0,0xa,0x0,0x0,
0x0,0x30,0x2b,0x13,0x9,0x1,0x0,0x0,
0x18,0x9,0x2f,0xf9,0x1,0x0,0x0,0x18,
0xc,0x6,0x66,0xc,0x18,0xa,0x2f,0xfa,
0x1,0x0,0x0,0x18,0xc,0x6,0x66,0xc,
0x50,0x10,0x13,0xd7,0x1,0x0,0x0,0x18,
0xd,0x2f,0xfb,0x1,0x0,0x0,0x80,0xd,
0x4c,0xa,0x2f,0xfc,0x1,0x0,0x0,0x3d,
0xfd,0x1,0x0,0x0,0x18,0xb,0xb5,0xfe,
0x1,0x0,0x0,0x3,0x0,0x0,0x0,0x9,
0x0,0x0,0x0,0x18,0x6,0xd4,0x16,0x6,
0x2,0x0,0x0,0x0,0x0,0x0,0x0,0x0,
0x0,0x0,0x0,0x0,0x0,0x0,0x0,0x0,
0x44,0x0,0x0,0x0,0x4c,0x0,0x0,0x0,
0x19,0x0,0x0,0x0,0x0,0x0,0x0,0x0,
0x38,0x0,0x0,0x0,0x0,0x0,0x0,0x0,
0x38,0x0,0x0,0x0,0x0,0x0,0x1,0x0,
0xff,0xff,0xff,0xff,0xb,0x0,0x0,0x0,
0xec,0x2,0x10,0x3,0x0,0x0,0x0,0x0,
0x0,0x0,0x7,0x0,0x0,0x0,0x0,0x0,
0x0,0x0,0x0,0x0,0xec,0x2,0x0,0x0,
0x1,0x0,0x0,0x0,0x13,0xd8,0x1,0x0,
0x0,0x18,0x9,0xb5,0xff,0x1,0x0,0x0,
0x1,0x0,0x0,0x0,0x9,0x0,0x0,0x0,
0x18,0x7,0x2f,0x0,0x2,0x0,0x0,0x50,
0x16,0x13,0xd9,0x1,0x0,0x0,0x18,0xa,
0xb5,0x1,0x2,0x0,0x0,0x1,0x0,0x0,
0x0,0xa,0x0,0x0,0x0,0x4c,0x14,0x13,
0xda,0x1,0x0,0x0,0x18,0xa,0xb5,0x2,
0x2,0x0,0x0,0x1,0x0,0x0,0x0,0xa,
0x0,0x0,0x0,0x80,0x7,0x18,0x6,0x2,
0x0,0x0,0x0,0x0,0x0,0x0,0x0,0x0,
0x44,0x0,0x0,0x0,0x4c,0x0,0x0,0x0,
0x19,0x0,0x0,0x0,0x0,0x0,0x0,0x0,
0x38,0x0,0x0,0x0,0x0,0x0,0x0,0x0,
0x38,0x0,0x0,0x0,0x0,0x0,0x1,0x0,
0xff,0xff,0xff,0xff,0xb,0x0,0x0,0x0,
0xed,0x2,0x10,0x3,0x0,0x0,0x0,0x0,
0x0,0x0,0x7,0x0,0x0,0x0,0x0,0x0,
0x0,0x0,0x0,0x0,0xed,0x2,0x0,0x0,
0x1,0x0,0x0,0x0,0x13,0xdb,0x1,0x0,
0x0,0x18,0x9,0xb5,0x3,0x2,0x0,0x0,
0x1,0x0,0x0,0x0,0x9,0x0,0x0,0x0,
0x18,0x7,0x2f,0x4,0x2,0x0,0x0,0x50,
0x16,0x13,0xd9,0x1,0x0,0x0,0x18,0xa,
0xb5,0x5,0x2,0x0,0x0,0x1,0x0,0x0,
0x0,0xa,0x0,0x0,0x0,0x4c,0x14,0x13,
0xda,0x1,0x0,0x0,0x18,0xa,0xb5,0x6,
0x2,0x0,0x0,0x1,0x0,0x0,0x0,0xa,
0x0,0x0,0x0,0x80,0x7,0x18,0x6,0x2,
0x0,0x0,0x0,0x0,0x0,0x0,0x0,0x0,
0x44,0x0,0x0,0x0,0x51,0x0,0x0,0x0,
0x19,0x0,0x0,0x0,0x0,0x0,0x0,0x0,
0x38,0x0,0x0,0x0,0x0,0x0,0x0,0x0,
0x38,0x0,0x0,0x0,0x0,0x0,0x1,0x0,
0xff,0xff,0xff,0xff,0xc,0x0,0x0,0x0,
0xee,0x2,0x10,0x3,0x0,0x0,0x0,0x0,
0x0,0x0,0x7,0x0,0x0,0x0,0x0,0x0,
0x0,0x0,0x0,0x0,0xee,0x2,0x0,0x0,
0x1,0x0,0x0,0x0,0x13,0xdc,0x1,0x0,
0x0,0x18,0x9,0xb5,0x7,0x2,0x0,0x0,
0x1,0x0,0x0,0x0,0x9,0x0,0x0,0x0,
0x18,0x7,0x2f,0x8,0x2,0x0,0x0,0x18,
0x8,0x6,0x66,0x8,0x50,0x16,0x2f,0x9,
0x2,0x0,0x0,0x18,0xb,0xb5,0xa,0x2,
0x0,0x0,0x1,0x0,0x0,0x0,0xb,0x0,
0x0,0x0,0x4c,0x14,0x13,0xdd,0x1,0x0,
0x0,0x18,0xb,0xb5,0xb,0x2,0x0,0x0,
0x1,0x0,0x0,0x0,0xb,0x0,0x0,0x0,
0x80,0x7,0x18,0x6,0x2,0x0,0x0,0x0,
0x0,0x0,0x0,0x0,0x0,0x0,0x0,0x0,
0x44,0x0,0x0,0x0,0x8,0x0,0x0,0x0,
0x70,0x0,0x0,0x0,0x0,0x0,0x0,0x0,
0x38,0x0,0x0,0x0,0x0,0x0,0x0,0x0,
0x38,0x0,0x0,0x0,0x0,0x0,0x1,0x0,
0xff,0xff,0xff,0xff,0x7,0x0,0x0,0x0,
0xfb,0x2,0x50,0x2,0x0,0x0,0x0,0x0,
0x0,0x0,0x7,0x0,0x0,0x0,0x0,0x0,
0x0,0x0,0x0,0x0,0xfb,0x2,0x0,0x0,
0x1,0x0,0x0,0x0,0x2f,0xc,0x2,0x0,
0x0,0x18,0x6,0x2,0x0,0x0,0x0,0x0,
0x8c,0x0,0x0,0x0,0x7a,0x0,0x0,0x0,
0xa3,0x0,0x0,0x0,0x0,0x0,0x0,0x0,
0x38,0x0,0x0,0x0,0x0,0x0,0x0,0x0,
0x38,0x0,0x0,0x0,0x0,0x0,0x7,0x0,
0xff,0xff,0xff,0xff,0xe,0x0,0x0,0x0,
0x4,0x3,0xd0,0x2,0x0,0x0,0x0,0x0,
0x0,0x0,0x7,0x0,0x0,0x0,0x0,0x0,
0x0,0x0,0x0,0x0,0x4,0x3,0x0,0x0,
0x0,0x0,0x0,0x0,0x1,0x0,0x0,0x0,
0x4,0x3,0x0,0x0,0x1,0x0,0x0,0x0,
0x5,0x0,0x0,0x0,0x5,0x3,0x0,0x0,
0x2,0x0,0x0,0x0,0x37,0x0,0x0,0x0,
0x6,0x3,0x0,0x0,0x4,0x0,0x0,0x0,
0x63,0x0,0x0,0x0,0x7,0x3,0x0,0x0,
0x5,0x0,0x0,0x0,0x67,0x0,0x0,0x0,
0x7,0x3,0x0,0x0,0x6,0x0,0x0,0x0,
0x76,0x0,0x0,0x0,0x8,0x3,0x0,0x0,
0x6,0x0,0x0,0x0,0xca,0x1,0x2,0x7,
0x1,0x2f,0xd,0x2,0x0,0x0,0x18,0x8,
0x2f,0xe,0x2,0x0,0x0,0x3d,0xf,0x2,
0x0,0x0,0x18,0xb,0x2f,0x10,0x2,0x0,
0x0,0x3d,0x11,0x2,0x0,0x0,0x18,0xc,
0xad,0x12,0x2,0x0,0x0,0x8,0x0,0x0,
0x0,0x2,0x0,0x0,0x0,0xb,0x0,0x0,
0x0,0x18,0x7,0x13,0xdf,0x1,0x0,0x0,
0x18,0xa,0x1a,0x7,0xb,0x13,0xa6,0x1,
0x0,0x0,0x18,0xd,0x2f,0x13,0x2,0x0,
0x0,0x3d,0x14,0x2,0x0,0x0,0x80,0xd,
0x18,0xc,0xb5,0x15,0x2,0x0,0x0,0x3,
0x0,0x0,0x0,0xa,0x0,0x0,0x0,0x16,
0x7,0x50,0xf,0xb5,0x16,0x2,0x0,0x0,
0x0,0x0,0x0,0x0,0x0,0x0,0x0,0x0,
0x18,0x6,0xd4,0x16,0x6,0x2,0x0,0x0,
0x0,0x0,0x0,0x0,0x0,0x0,0x0,0x0,
0x8c,0x0,0x0,0x0,0x7a,0x0,0x0,0x0,
0xa3,0x0,0x0,0x0,0x0,0x0,0x0,0x0,
0x38,0x0,0x0,0x0,0x0,0x0,0x0,0x0,
0x38,0x0,0x0,0x0,0x0,0x0,0x7,0x0,
0xff,0xff,0xff,0xff,0xe,0x0,0x0,0x0,
0xc,0x3,0xd0,0x2,0x0,0x0,0x0,0x0,
0x0,0x0,0x7,0x0,0x0,0x0,0x0,0x0,
0x0,0x0,0x0,0x0,0xc,0x3,0x0,0x0,
0x0,0x0,0x0,0x0,0x1,0x0,0x0,0x0,
0xc,0x3,0x0,0x0,0x1,0x0,0x0,0x0,
0x5,0x0,0x0,0x0,0xd,0x3,0x0,0x0,
0x2,0x0,0x0,0x0,0x37,0x0,0x0,0x0,
0xe,0x3,0x0,0x0,0x4,0x0,0x0,0x0,
0x63,0x0,0x0,0x0,0xf,0x3,0x0,0x0,
0x5,0x0,0x0,0x0,0x67,0x0,0x0,0x0,
0xf,0x3,0x0,0x0,0x6,0x0,0x0,0x0,
0x76,0x0,0x0,0x0,0x10,0x3,0x0,0x0,
0x6,0x0,0x0,0x0,0xca,0x1,0x2,0x7,
0x1,0x2f,0x17,0x2,0x0,0x0,0x18,0x8,
0x2f,0x18,0x2,0x0,0x0,0x3d,0x19,0x2,
0x0,0x0,0x18,0xb,0x2f,0x1a,0x2,0x0,
0x0,0x3d,0x1b,0x2,0x0,0x0,0x18,0xc,
0xad,0x1c,0x2,0x0,0x0,0x8,0x0,0x0,
0x0,0x2,0x0,0x0,0x0,0xb,0x0,0x0,
0x0,0x18,0x7,0x13,0xe1,0x1,0x0,0x0,
0x18,0xa,0x1a,0x7,0xb,0x13,0xa6,0x1,
0x0,0x0,0x18,0xd,0x2f,0x1d,0x2,0x0,
0x0,0x3d,0x1e,0x2,0x0,0x0,0x80,0xd,
0x18,0xc,0xb5,0x1f,0x2,0x0,0x0,0x3,
0x0,0x0,0x0,0xa,0x0,0x0,0x0,0x16,
0x7,0x50,0xf,0xb5,0x20,0x2,0x0,0x0,
0x0,0x0,0x0,0x0,0x0,0x0,0x0,0x0,
0x18,0x6,0xd4,0x16,0x6,0x2,0x0,0x0,
0x0,0x0,0x0,0x0,0x0,0x0,0x0,0x0,
0x8c,0x0,0x0,0x0,0x6e,0x0,0x0,0x0,
0xa3,0x0,0x0,0x0,0x0,0x0,0x0,0x0,
0x38,0x0,0x0,0x0,0x0,0x0,0x0,0x0,
0x38,0x0,0x0,0x0,0x0,0x0,0x7,0x0,
0xff,0xff,0xff,0xff,0xe,0x0,0x0,0x0,
0x14,0x3,0xd0,0x2,0x0,0x0,0x0,0x0,
0x0,0x0,0x7,0x0,0x0,0x0,0x0,0x0,
0x0,0x0,0x0,0x0,0x14,0x3,0x0,0x0,
0x0,0x0,0x0,0x0,0x1,0x0,0x0,0x0,
0x14,0x3,0x0,0x0,0x1,0x0,0x0,0x0,
0x5,0x0,0x0,0x0,0x15,0x3,0x0,0x0,
0x2,0x0,0x0,0x0,0x2b,0x0,0x0,0x0,
0x16,0x3,0x0,0x0,0x4,0x0,0x0,0x0,
0x57,0x0,0x0,0x0,0x17,0x3,0x0,0x0,
0x5,0x0,0x0,0x0,0x5b,0x0,0x0,0x0,
0x17,0x3,0x0,0x0,0x6,0x0,0x0,0x0,
0x6a,0x0,0x0,0x0,0x18,0x3,0x0,0x0,
0x6,0x0,0x0,0x0,0xca,0x1,0x2,0x7,
0x1,0x2f,0x21,0x2,0x0,0x0,0x18,0x8,
0x2f,0x22,0x2,0x0,0x0,0x3d,0x23,0x2,
0x0,0x0,0x18,0xb,0xad,0x24,0x2,0x0,
0x0,0x8,0x0,0x0,0x0,0x1,0x0,0x0,
0x0,0xb,0x0,0x0,0x0,0x18,0x7,0x13,
0xe3,0x1,0x0,0x0,0x18,0xa,0x1a,0x7,
0xb,0x13,0xa6,0x1,0x0,0x0,0x18,0xd,
0x2f,0x25,0x2,0x0,0x0,0x3d,0x26,0x2,
0x0,0x0,0x80,0xd,0x18,0xc,0xb5,0x27,
0x2,0x0,0x0,0x3,0x0,0x0,0x0,0xa,
0x0,0x0,0x0,0x16,0x7,0x50,0xf,0xb5,
0x28,0x2,0x0,0x0,0x0,0x0,0x0,0x0,
0x0,0x0,0x0,0x0,0x18,0x6,0xd4,0x16,
0x6,0x2,0x0,0x0,0x0,0x0,0x0,0x0,
0x68,0x0,0x0,0x0,0x63,0x0,0x0,0x0,
0xa3,0x0,0x0,0x0,0x0,0x0,0x0,0x0,
0x38,0x0,0x0,0x0,0x0,0x0,0x0,0x0,
0x38,0x0,0x0,0x0,0x0,0x0,0x4,0x0,
0xff,0xff,0xff,0xff,0xf,0x0,0x0,0x0,
0x1c,0x3,0xd0,0x2,0x0,0x0,0x0,0x0,
0x0,0x0,0x7,0x0,0x0,0x0,0x0,0x0,
0x0,0x0,0x0,0x0,0x1c,0x3,0x0,0x0,
0x0,0x0,0x0,0x0,0x1,0x0,0x0,0x0,
0x1d,0x3,0x0,0x0,0x3,0x0,0x0,0x0,
0x27,0x0,0x0,0x0,0x1e,0x3,0x0,0x0,
0x4,0x0,0x0,0x0,0x5f,0x0,0x0,0x0,
0x1f,0x3,0x0,0x0,0x4,0x0,0x0,0x0,
0xca,0x2f,0x29,0x2,0x0,0x0,0x18,0x7,
0x2f,0x2a,0x2,0x0,0x0,0x3d,0x2b,0x2,
0x0,0x0,0x18,0xa,0xad,0x2c,0x2,0x0,
0x0,0x7,0x0,0x0,0x0,0x1,0x0,0x0,
0x0,0xa,0x0,0x0,0x0,0x30,0x36,0x13,
0xe5,0x1,0x0,0x0,0x18,0x9,0x2f,0x2d,
0x2,0x0,0x0,0x18,0xc,0xc,0x6e,0xc,
0x18,0xa,0x2f,0x2e,0x2,0x0,0x0,0x18,
0xe,0xb5,0x2f,0x2,0x0,0x0,0x1,0x0,
0x0,0x0,0xe,0x0,0x0,0x0,0x18,0xb,
0xb5,0x30,0x2,0x0,0x0,0x3,0x0,0x0,
0x0,0x9,0x0,0x0,0x0,0x18,0x6,0xd4,
0x16,0x6,0x2,0x0,0x0,0x0,0x0,0x0,
0x0,0x0,0x0,0x0,0x0,0x0,0x0,0x0,
0x50,0x0,0x0,0x0,0x14,0x0,0x0,0x0,
0xa3,0x0,0x0,0x0,0x0,0x0,0x0,0x0,
0x38,0x0,0x0,0x0,0x0,0x0,0x0,0x0,
0x38,0x0,0x0,0x0,0x0,0x0,0x2,0x0,
0xff,0xff,0xff,0xff,0x9,0x0,0x0,0x0,
0x23,0x3,0xd0,0x2,0x0,0x0,0x0,0x0,
0x0,0x0,0x7,0x0,0x0,0x0,0x0,0x0,
0x0,0x0,0x0,0x0,0x23,0x3,0x0,0x0,
0x0,0x0,0x0,0x0,0x1,0x0,0x0,0x0,
0x23,0x3,0x0,0x0,0x1,0x0,0x0,0x0,
0xca,0xb5,0x31,0x2,0x0,0x0,0x0,0x0,
0x0,0x0,0x0,0x0,0x0,0x0,0x18,0x6,
0xd4,0x16,0x6,0x2,0x0,0x0,0x0,0x0,
0x44,0x0,0x0,0x0,0x2f,0x0,0x0,0x0,
0x19,0x0,0x0,0x0,0x0,0x0,0x0,0x0,
0x38,0x0,0x0,0x0,0x0,0x0,0x0,0x0,
0x38,0x0,0x0,0x0,0x0,0x0,0x1,0x0,
0xff,0xff,0xff,0xff,0xb,0x0,0x0,0x0,
0x28,0x3,0xd0,0x2,0x0,0x0,0x0,0x0,
0x0,0x0,0x7,0x0,0x0,0x0,0x0,0x0,
0x0,0x0,0x0,0x0,0x28,0x3,0x0,0x0,
0x1,0x0,0x0,0x0,0x13,0xb1,0x1,0x0,
0x0,0x18,0x9,0xb5,0x32,0x2,0x0,0x0,
0x1,0x0,0x0,0x0,0x9,0x0,0x0,0x0,
0x18,0x7,0x2f,0x33,0x2,0x0,0x0,0x18,
0xa,0xb5,0x34,0x2,0x0,0x0,0x1,0x0,
0x0,0x0,0xa,0x0,0x0,0x0,0x80,0x7,
0x18,0x6,0x2,0x0,0x0,0x0,0x0,0x0,
0x44,0x0,0x0,0x0,0x8,0x0,0x0,0x0,
0xd6,0x0,0x0,0x0,0x0,0x0,0x0,0x0,
0x38,0x0,0x0,0x0,0x0,0x0,0x0,0x0,
0x38,0x0,0x0,0x0,0x0,0x0,0x1,0x0,
0xff,0xff,0xff,0xff,0x7,0x0,0x0,0x0,
0x2e,0x3,0x90,0x2,0x0,0x0,0x0,0x0,
0x0,0x0,0x7,0x0,0x0,0x0,0x0,0x0,
0x0,0x0,0x0,0x0,0x2e,0x3,0x0,0x0,
0x1,0x0,0x0,0x0,0x2f,0x35,0x2,0x0,
0x0,0x18,0x6,0x2,0x0,0x0,0x0,0x0,
0x44,0x0,0x0,0x0,0x12,0x0,0x0,0x0,
0x9d,0x0,0x0,0x0,0x0,0x0,0x0,0x0,
0x38,0x0,0x0,0x0,0x0,0x0,0x0,0x0,
0x38,0x0,0x0,0x0,0x0,0x0,0x1,0x0,
0xff,0xff,0xff,0xff,0x7,0x0,0x0,0x0,
0x31,0x3,0xd0,0x2,0x0,0x0,0x0,0x0,
0x0,0x0,0x7,0x0,0x0,0x0,0x0,0x0,
0x0,0x0,0x0,0x0,0x31,0x3,0x0,0x0,
0x1,0x0,0x0,0x0,0x2f,0x36,0x2,0x0,
0x0,0x3d,0x37,0x2,0x0,0x0,0x3d,0x38,
0x2,0x0,0x0,0x18,0x6,0x2,0x0,0x0,
0x0,0x0,0x0,0x0,0x0,0x0,0x0,0x0,
0x44,0x0,0x0,0x0,0x17,0x0,0x0,0x0,
0x19,0x0,0x0,0x0,0x0,0x0,0x0,0x0,
0x38,0x0,0x0,0x0,0x0,0x0,0x0,0x0,
0x38,0x0,0x0,0x0,0x0,0x0,0x1,0x0,
0xff,0xff,0xff,0xff,0xa,0x0,0x0,0x0,
0x32,0x3,0xd0,0x2,0x0,0x0,0x0,0x0,
0x0,0x0,0x7,0x0,0x0,0x0,0x0,0x0,
0x0,0x0,0x0,0x0,0x32,0x3,0x0,0x0,
0x1,0x0,0x0,0x0,0x2f,0x39,0x2,0x0,
0x0,0x18,0x9,0xb5,0x3a,0x2,0x0,0x0,
0x1,0x0,0x0,0x0,0x9,0x0,0x0,0x0,
0x18,0x6,0x2,0x0,0x0,0x0,0x0,0x0,
0x50,0x0,0x0,0x0,0x11,0x0,0x0,0x0,
0xa3,0x0,0x0,0x0,0x0,0x0,0x0,0x0,
0x38,0x0,0x0,0x0,0x0,0x0,0x0,0x0,
0x38,0x0,0x0,0x0,0x0,0x0,0x2,0x0,
0xff,0xff,0xff,0xff,0x8,0x0,0x0,0x0,
0x33,0x3,0xd0,0x2,0x0,0x0,0x0,0x0,
0x0,0x0,0x7,0x0,0x0,0x0,0x0,0x0,
0x0,0x0,0x0,0x0,0x33,0x3,0x0,0x0,
0x0,0x0,0x0,0x0,0x1,0x0,0x0,0x0,
0x33,0x3,0x0,0x0,0x1,0x0,0x0,0x0,
0xca,0x2f,0x3b,0x2,0x0,0x0,0x18,0x7,
0x30,0x36,0x1a,0x7,0x6,0xd4,0x16,0x6,
0x2,0x0,0x0,0x0,0x0,0x0,0x0,0x0,
0x44,0x0,0x0,0x0,0xd,0x0,0x0,0x0,
0x9d,0x0,0x0,0x0,0x0,0x0,0x0,0x0,
0x38,0x0,0x0,0x0,0x0,0x0,0x0,0x0,
0x38,0x0,0x0,0x0,0x0,0x0,0x1,0x0,
0xff,0xff,0xff,0xff,0x7,0x0,0x0,0x0,
0x3e,0x3,0xd0,0x1,0x0,0x0,0x0,0x0,
0x0,0x0,0x7,0x0,0x0,0x0,0x0,0x0,
0x0,0x0,0x0,0x0,0x3e,0x3,0x0,0x0,
0x1,0x0,0x0,0x0,0x2f,0x3c,0x2,0x0,
0x0,0x3d,0x3d,0x2,0x0,0x0,0x18,0x6,
0x2,0x0,0x0,0x0,0x0,0x0,0x0,0x0,
0x44,0x0,0x0,0x0,0x8,0x0,0x0,0x0,
0x70,0x0,0x0,0x0,0x0,0x0,0x0,0x0,
0x38,0x0,0x0,0x0,0x0,0x0,0x0,0x0,
0x38,0x0,0x0,0x0,0x0,0x0,0x1,0x0,
0xff,0xff,0xff,0xff,0x7,0x0,0x0,0x0,
0x45,0x3,0x50,0x2,0x0,0x0,0x0,0x0,
0x0,0x0,0x7,0x0,0x0,0x0,0x0,0x0,
0x0,0x0,0x0,0x0,0x45,0x3,0x0,0x0,
0x1,0x0,0x0,0x0,0x2f,0x3e,0x2,0x0,
0x0,0x18,0x6,0x2,0x0,0x0,0x0,0x0,
0x68,0x0,0x0,0x0,0x6a,0x0,0x0,0x0,
0xa3,0x0,0x0,0x0,0x0,0x0,0x0,0x0,
0x38,0x0,0x0,0x0,0x0,0x0,0x0,0x0,
0x38,0x0,0x0,0x0,0x0,0x0,0x4,0x0,
0xff,0xff,0xff,0xff,0xd,0x0,0x0,0x0,
0x4c,0x3,0x90,0x2,0x0,0x0,0x0,0x0,
0x0,0x0,0x7,0x0,0x0,0x0,0x0,0x0,
0x0,0x0,0x0,0x0,0x4c,0x3,0x0,0x0,
0x0,0x0,0x0,0x0,0x1,0x0,0x0,0x0,
0x4d,0x3,0x0,0x0,0x3,0x0,0x0,0x0,
0x25,0x0,0x0,0x0,0x4e,0x3,0x0,0x0,
0x4,0x0,0x0,0x0,0x66,0x0,0x0,0x0,
0x4f,0x3,0x0,0x0,0x4,0x0,0x0,0x0,
0xca,0x2f,0x3f,0x2,0x0,0x0,0x18,0x7,
0x2f,0x40,0x2,0x0,0x0,0x3d,0x41,0x2,
0x0,0x0,0x18,0xa,0xad,0x42,0x2,0x0,
0x0,0x7,0x0,0x0,0x0,0x1,0x0,0x0,
0x0,0xa,0x0,0x0,0x0,0x13,0xe7,0x1,
0x0,0x0,0x18,0x9,0x2f,0x43,0x2,0x0,
0x0,0x3d,0x44,0x2,0x0,0x0,0x3d,0x45,
0x2,0x0,0x0,0x18,0xc,0x6,0x6c,0xc,
0x18,0xa,0x13,0x9f,0x1,0x0,0x0,0x18,
0xc,0x2f,0x46,0x2,0x0,0x0,0x3d,0x47,
0x2,0x0,0x0,0x80,0xc,0x18,0xb,0xb5,
0x48,0x2,0x0,0x0,0x3,0x0,0x0,0x0,
0x9,0x0,0x0,0x0,0x18,0x6,0xd4,0x16,
0x6,0x2,0x0,0x0,0x0,0x0,0x0,0x0,
0x0,0x0,0x0,0x0,0x0,0x0,0x0,0x0,
0x68,0x0,0x0,0x0,0x57,0x0,0x0,0x0,
0xa3,0x0,0x0,0x0,0x0,0x0,0x0,0x0,
0x38,0x0,0x0,0x0,0x0,0x0,0x0,0x0,
0x38,0x0,0x0,0x0,0x0,0x0,0x4,0x0,
0xff,0xff,0xff,0xff,0xd,0x0,0x0,0x0,
0x53,0x3,0x90,0x2,0x0,0x0,0x0,0x0,
0x0,0x0,0x7,0x0,0x0,0x0,0x0,0x0,
0x0,0x0,0x0,0x0,0x53,0x3,0x0,0x0,
0x0,0x0,0x0,0x0,0x1,0x0,0x0,0x0,
0x54,0x3,0x0,0x0,0x3,0x0,0x0,0x0,
0x25,0x0,0x0,0x0,0x55,0x3,0x0,0x0,
0x4,0x0,0x0,0x0,0x53,0x0,0x0,0x0,
0x56,0x3,0x0,0x0,0x4,0x0,0x0,0x0,
0xca,0x2f,0x49,0x2,0x0,0x0,0x18,0x7,
0x2f,0x4a,0x2,0x0,0x0,0x3d,0x4b,0x2,
0x0,0x0,0x18,0xa,0xad,0x4c,0x2,0x0,
0x0,0x7,0x0,0x0,0x0,0x1,0x0,0x0,
0x0,0xa,0x0,0x0,0x0,0x13,0xea,0x1,
0x0,0x0,0x18,0x9,0x14,0x18,0xa,0x13,
0x9f,0x1,0x0,0x0,0x18,0xc,0x2f,0x4d,
0x2,0x0,0x0,0x3d,0x4e,0x2,0x0,0x0,
0x80,0xc,0x18,0xb,0xb5,0x4f,0x2,0x0,
0x0,0x3,0x0,0x0,0x0,0x9,0x0,0x0,
0x0,0x18,0x6,0xd4,0x16,0x6,0x2,0x0,
0x0,0x0,0x0,0x0,0x0,0x0,0x0,0x0,
0x44,0x0,0x0,0x0,0x8,0x0,0x0,0x0,
0x70,0x0,0x0,0x0,0x0,0x0,0x0,0x0,
0x38,0x0,0x0,0x0,0x0,0x0,0x0,0x0,
0x38,0x0,0x0,0x0,0x0,0x0,0x1,0x0,
0xff,0xff,0xff,0xff,0x7,0x0,0x0,0x0,
0x60,0x3,0x50,0x2,0x0,0x0,0x0,0x0,
0x0,0x0,0x7,0x0,0x0,0x0,0x0,0x0,
0x0,0x0,0x0,0x0,0x60,0x3,0x0,0x0,
0x1,0x0,0x0,0x0,0x2f,0x50,0x2,0x0,
0x0,0x18,0x6,0x2,0x0,0x0,0x0,0x0,
0x74,0x0,0x0,0x0,0x64,0x0,0x0,0x0,
0xa3,0x0,0x0,0x0,0x0,0x0,0x0,0x0,
0x38,0x0,0x0,0x0,0x0,0x0,0x0,0x0,
0x38,0x0,0x0,0x0,0x0,0x0,0x5,0x0,
0xff,0xff,0xff,0xff,0xd,0x0,0x0,0x0,
0x74,0x3,0xd0,0x2,0x0,0x0,0x0,0x0,
0x0,0x0,0x7,0x0,0x0,0x0,0x0,0x0,
0x0,0x0,0x0,0x0,0x74,0x3,0x0,0x0,
0x0,0x0,0x0,0x0,0x1,0x0,0x0,0x0,
0x74,0x3,0x0,0x0,0x1,0x0,0x0,0x0,
0x5,0x0,0x0,0x0,0x75,0x3,0x0,0x0,
0x2,0x0,0x0,0x0,0x2b,0x0,0x0,0x0,
0x76,0x3,0x0,0x0,0x3,0x0,0x0,0x0,
0x60,0x0,0x0,0x0,0x77,0x3,0x0,0x0,
0x3,0x0,0x0,0x0,0xca,0x1,0x2,0x7,
0x1,0x2f,0x51,0x2,0x0,0x0,0x18,0x8,
0x2f,0x52,0x2,0x0,0x0,0x3d,0x53,0x2,
0x0,0x0,0x18,0xb,0xad,0x54,0x2,0x0,
0x0,0x8,0x0,0x0,0x0,0x1,0x0,0x0,
0x0,0xb,0x0,0x0,0x0,0x18,0x7,0x13,
0xec,0x1,0x0,0x0,0x18,0xa,0x1a,0x7,
0xb,0x16,0x7,0x50,0xc,0x2f,0x55,0x2,
0x0,0x0,0x3d,0x56,0x2,0x0,0x0,0x4c,
0xa,0x2f,0x57,0x2,0x0,0x0,0x3d,0x58,
0x2,0x0,0x0,0x18,0xc,0xb5,0x59,0x2,
0x0,0x0,0x3,0x0,0x0,0x0,0xa,0x0,
0x0,0x0,0x18,0x6,0xd4,0x16,0x6,0x2,
0x0,0x0,0x0,0x0,0x0,0x0,0x0,0x0,
0x74,0x0,0x0,0x0,0x64,0x0,0x0,0x0,
0xa3,0x0,0x0,0x0,0x0,0x0,0x0,0x0,
0x38,0x0,0x0,0x0,0x0,0x0,0x0,0x0,
0x38,0x0,0x0,0x0,0x0,0x0,0x5,0x0,
0xff,0xff,0xff,0xff,0xd,0x0,0x0,0x0,
0x7b,0x3,0xd0,0x2,0x0,0x0,0x0,0x0,
0x0,0x0,0x7,0x0,0x0,0x0,0x0,0x0,
0x0,0x0,0x0,0x0,0x7b,0x3,0x0,0x0,
0x0,0x0,0x0,0x0,0x1,0x0,0x0,0x0,
0x7b,0x3,0x0,0x0,0x1,0x0,0x0,0x0,
0x5,0x0,0x0,0x0,0x7c,0x3,0x0,0x0,
0x2,0x0,0x0,0x0,0x2b,0x0,0x0,0x0,
0x7d,0x3,0x0,0x0,0x3,0x0,0x0,0x0,
0x60,0x0,0x0,0x0,0x7e,0x3,0x0,0x0,
0x3,0x0,0x0,0x0,0xca,0x1,0x2,0x7,
0x1,0x2f,0x5a,0x2,0x0,0x0,0x18,0x8,
0x2f,0x5b,0x2,0x0,0x0,0x3d,0x5c,0x2,
0x0,0x0,0x18,0xb,0xad,0x5d,0x2,0x0,
0x0,0x8,0x0,0x0,0x0,0x1,0x0,0x0,
0x0,0xb,0x0,0x0,0x0,0x18,0x7,0x13,
0xee,0x1,0x0,0x0,0x18,0xa,0x1a,0x7,
0xb,0x16,0x7,0x50,0xc,0x2f,0x5e,0x2,
0x0,0x0,0x3d,0x5f,0x2,0x0,0x0,0x4c,
0xa,0x2f,0x60,0x2,0x0,0x0,0x3d,0x61,
0x2,0x0,0x0,0x18,0xc,0xb5,0x62,0x2,
0x0,0x0,0x3,0x0,0x0,0x0,0xa,0x0,
0x0,0x0,0x18,0x6,0xd4,0x16,0x6,0x2,
0x0,0x0,0x0,0x0,0x0,0x0,0x0,0x0,
0x74,0x0,0x0,0x0,0x9a,0x0,0x0,0x0,
0xa3,0x0,0x0,0x0,0x0,0x0,0x0,0x0,
0x38,0x0,0x0,0x0,0x0,0x0,0x0,0x0,
0x38,0x0,0x0,0x0,0x0,0x0,0x5,0x0,
0xff,0xff,0xff,0xff,0x11,0x0,0x0,0x0,
0x82,0x3,0xd0,0x2,0x0,0x0,0x0,0x0,
0x0,0x0,0x7,0x0,0x0,0x0,0x0,0x0,
0x0,0x0,0x0,0x0,0x82,0x3,0x0,0x0,
0x0,0x0,0x0,0x0,0x1,0x0,0x0,0x0,
0x82,0x3,0x0,0x0,0x1,0x0,0x0,0x0,
0x5,0x0,0x0,0x0,0x83,0x3,0x0,0x0,
0x2,0x0,0x0,0x0,0x61,0x0,0x0,0x0,
0x84,0x3,0x0,0x0,0x3,0x0,0x0,0x0,
0x96,0x0,0x0,0x0,0x85,0x3,0x0,0x0,
0x3,0x0,0x0,0x0,0xca,0x1,0x2,0x7,
0x1,0x2f,0x63,0x2,0x0,0x0,0x18,0x8,
0x2f,0x64,0x2,0x0,0x0,0x3d,0x65,0x2,
0x0,0x0,0x18,0xb,0x2f,0x66,0x2,0x0,
0x0,0x3d,0x67,0x2,0x0,0x0,0x18,0x10,
0xb5,0x68,0x2,0x0,0x0,0x1,0x0,0x0,
0x0,0x10,0x0,0x0,0x0,0x18,0xc,0x2f,
0x69,0x2,0x0,0x0,0x3d,0x6a,0x2,0x0,
0x0,0x18,0x10,0xb5,0x6b,0x2,0x0,0x0,
0x1,0x0,0x0,0x0,0x10,0x0,0x0,0x0,
0x18,0xd,0xad,0x6c,0x2,0x0,0x0,0x8,
0x0,0x0,0x0,0x3,0x0,0x0,0x0,0xb,
0x0,0x0,0x0,0x18,0x7,0x13,0xf0,0x1,
0x0,0x0,0x18,0xa,0x1a,0x7,0xb,0x16,
0x7,0x50,0xc,0x2f,0x6d,0x2,0x0,0x0,
0x3d,0x6e,0x2,0x0,0x0,0x4c,0xa,0x2f,
0x6f,0x2,0x0,0x0,0x3d,0x70,0x2,0x0,
0x0,0x18,0xc,0xb5,0x71,0x2,0x0,0x0,
0x3,0x0,0x0,0x0,0xa,0x0,0x0,0x0,
0x18,0x6,0xd4,0x16,0x6,0x2,0x0,0x0,
0x0,0x0,0x0,0x0,0x0,0x0,0x0,0x0,
0x44,0x0,0x0,0x0,0xd,0x0,0x0,0x0,
0x9d,0x0,0x0,0x0,0x0,0x0,0x0,0x0,
0x38,0x0,0x0,0x0,0x0,0x0,0x0,0x0,
0x38,0x0,0x0,0x0,0x0,0x0,0x1,0x0,
0xff,0xff,0xff,0xff,0x7,0x0,0x0,0x0,
0x91,0x3,0xd0,0x1,0x0,0x0,0x0,0x0,
0x0,0x0,0x7,0x0,0x0,0x0,0x0,0x0,
0x0,0x0,0x0,0x0,0x91,0x3,0x0,0x0,
0x1,0x0,0x0,0x0,0x2f,0x72,0x2,0x0,
0x0,0x3d,0x73,0x2,0x0,0x0,0x18,0x6,
0x2,0x0,0x0,0x0,0x0,0x0,0x0,0x0,
0x44,0x0,0x0,0x0,0x8,0x0,0x0,0x0,
0x70,0x0,0x0,0x0,0x0,0x0,0x0,0x0,
0x38,0x0,0x0,0x0,0x0,0x0,0x0,0x0,
0x38,0x0,0x0,0x0,0x0,0x0,0x1,0x0,
0xff,0xff,0xff,0xff,0x7,0x0,0x0,0x0,
0x98,0x3,0x50,0x2,0x0,0x0,0x0,0x0,
0x0,0x0,0x7,0x0,0x0,0x0,0x0,0x0,
0x0,0x0,0x0,0x0,0x98,0x3,0x0,0x0,
0x1,0x0,0x0,0x0,0x2f,0x74,0x2,0x0,
0x0,0x18,0x6,0x2,0x0,0x0,0x0,0x0,
0x80,0x0,0x0,0x0,0xc1,0x0,0x0,0x0,
0xa3,0x0,0x0,0x0,0x0,0x0,0x0,0x0,
0x38,0x0,0x0,0x0,0x0,0x0,0x0,0x0,
0x38,0x0,0x0,0x0,0x0,0x0,0x6,0x0,
0xff,0xff,0xff,0xff,0x12,0x0,0x0,0x0,
0xad,0x3,0xd0,0x2,0x0,0x0,0x0,0x0,
0x0,0x0,0x7,0x0,0x0,0x0,0x0,0x0,
0x0,0x0,0x0,0x0,0xad,0x3,0x0,0x0,
0x0,0x0,0x0,0x0,0x1,0x0,0x0,0x0,
0xad,0x3,0x0,0x0,0x1,0x0,0x0,0x0,
0x5,0x0,0x0,0x0,0xae,0x3,0x0,0x0,
0x2,0x0,0x0,0x0,0x6d,0x0,0x0,0x0,
0xaf,0x3,0x0,0x0,0x4,0x0,0x0,0x0,
0x8a,0x0,0x0,0x0,0xb0,0x3,0x0,0x0,
0x5,0x0,0x0,0x0,0xbd,0x0,0x0,0x0,
0xb1,0x3,0x0,0x0,0x5,0x0,0x0,0x0,
0xca,0x1,0x2,0x7,0x1,0x2f,0x75,0x2,
0x0,0x0,0x18,0x8,0x2f,0x76,0x2,0x0,
0x0,0x3d,0x77,0x2,0x0,0x0,0x18,0x11,
0xb5,0x78,0x2,0x0,0x0,0x1,0x0,0x0,
0x0,0x11,0x0,0x0,0x0,0x18,0xb,0x2f,
0x79,0x2,0x0,0x0,0x3d,0x7a,0x2,0x0,
0x0,0x18,0x11,0xb5,0x7b,0x2,0x0,0x0,
0x1,0x0,0x0,0x0,0x11,0x0,0x0,0x0,
0x18,0xc,0x2f,0x7c,0x2,0x0,0x0,0x3d,
0x7d,0x2,0x0,0x0,0x18,0xd,0x2f,0x7e,
0x2,0x0,0x0,0x3d,0x7f,0x2,0x0,0x0,
0x18,0xe,0xad,0x80,0x2,0x0,0x0,0x8,
0x0,0x0,0x0,0x4,0x0,0x0,0x0,0xb,
0x0,0x0,0x0,0x18,0x7,0x2f,0x81,0x2,
0x0,0x0,0x18,0x8,0xb5,0x82,0x2,0x0,
0x0,0x1,0x0,0x0,0x0,0x7,0x0,0x0,
0x0,0x43,0x83,0x2,0x0,0x0,0x8,0x0,
0x0,0x0,0x13,0x28,0x1,0x0,0x0,0x18,
0xa,0x14,0x18,0xb,0x13,0xa2,0x1,0x0,
0x0,0x18,0xd,0x2f,0x84,0x2,0x0,0x0,
0x3d,0x85,0x2,0x0,0x0,0x3d,0x86,0x2,
0x0,0x0,0x80,0xd,0x18,0xc,0xb5,0x87,
0x2,0x0,0x0,0x3,0x0,0x0,0x0,0xa,
0x0,0x0,0x0,0x18,0x6,0xd4,0x16,0x6,
0x2,0x0,0x0,0x0,0x0,0x0,0x0,0x0,
0x0,0x0,0x0,0x0,0x0,0x0,0x0,0x0,
0x80,0x0,0x0,0x0,0xb5,0x0,0x0,0x0,
0xa3,0x0,0x0,0x0,0x0,0x0,0x0,0x0,
0x38,0x0,0x0,0x0,0x0,0x0,0x0,0x0,
0x38,0x0,0x0,0x0,0x0,0x0,0x6,0x0,
0xff,0xff,0xff,0xff,0x11,0x0,0x0,0x0,
0xb5,0x3,0xd0,0x2,0x0,0x0,0x0,0x0,
0x0,0x0,0x7,0x0,0x0,0x0,0x0,0x0,
0x0,0x0,0x0,0x0,0xb5,0x3,0x0,0x0,
0x0,0x0,0x0,0x0,0x1,0x0,0x0,0x0,
0xb5,0x3,0x0,0x0,0x1,0x0,0x0,0x0,
0x5,0x0,0x0,0x0,0xb6,0x3,0x0,0x0,
0x2,0x0,0x0,0x0,0x61,0x0,0x0,0x0,
0xb7,0x3,0x0,0x0,0x4,0x0,0x0,0x0,
0x7e,0x0,0x0,0x0,0xb8,0x3,0x0,0x0,
0x5,0x0,0x0,0x0,0xb1,0x0,0x0,0x0,
0xb9,0x3,0x0,0x0,0x5,0x0,0x0,0x0,
0xca,0x1,0x2,0x7,0x1,0x2f,0x88,0x2,
0x0,0x0,0x18,0x8,0x2f,0x89,0x2,0x0,
0x0,0x3d,0x8a,0x2,0x0,0x0,0x18,0x10,
0xb5,0x8b,0x2,0x0,0x0,0x1,0x0,0x0,
0x0,0x10,0x0,0x0,0x0,0x18,0xb,0x2f,
0x8c,0x2,0x0,0x0,0x3d,0x8d,0x2,0x0,
0x0,0x18,0x10,0xb5,0x8e,0x2,0x0,0x0,
0x1,0x0,0x0,0x0,0x10,0x0,0x0,0x0,
0x18,0xc,0x2f,0x8f,0x2,0x0,0x0,0x3d,
0x90,0x2,0x0,0x0,0x18,0xd,0xad,0x91,
0x2,0x0,0x0,0x8,0x0,0x0,0x0,0x3,
0x0,0x0,0x0,0xb,0x0,0x0,0x0,0x18,
0x7,0x2f,0x92,0x2,0x0,0x0,0x18,0x8,
0xb5,0x93,0x2,0x0,0x0,0x1,0x0,0x0,
0x0,0x7,0x0,0x0,0x0,0x43,0x94,0x2,
0x0,0x0,0x8,0x0,0x0,0x0,0x13,0x29,
0x1,0x0,0x0,0x18,0xa,0x14,0x18,0xb,
0x13,0xa2,0x1,0x0,0x0,0x18,0xd,0x2f,
0x95,0x2,0x0,0x0,0x3d,0x96,0x2,0x0,
0x0,0x3d,0x97,0x2,0x0,0x0,0x80,0xd,
0x18,0xc,0xb5,0x98,0x2,0x0,0x0,0x3,
0x0,0x0,0x0,0xa,0x0,0x0,0x0,0x18,
0x6,0xd4,0x16,0x6,0x2,0x0,0x0,0x0,
0x0,0x0,0x0,0x0,0x0,0x0,0x0,0x0,
0x80,0x0,0x0,0x0,0xa9,0x0,0x0,0x0,
0xa3,0x0,0x0,0x0,0x0,0x0,0x0,0x0,
0x38,0x0,0x0,0x0,0x0,0x0,0x0,0x0,
0x38,0x0,0x0,0x0,0x0,0x0,0x6,0x0,
0xff,0xff,0xff,0xff,0x10,0x0,0x0,0x0,
0xbd,0x3,0xd0,0x2,0x0,0x0,0x0,0x0,
0x0,0x0,0x7,0x0,0x0,0x0,0x0,0x0,
0x0,0x0,0x0,0x0,0xbd,0x3,0x0,0x0,
0x0,0x0,0x0,0x0,0x1,0x0,0x0,0x0,
0xbd,0x3,0x0,0x0,0x1,0x0,0x0,0x0,
0x5,0x0,0x0,0x0,0xbe,0x3,0x0,0x0,
0x2,0x0,0x0,0x0,0x55,0x0,0x0,0x0,
0xbf,0x3,0x0,0x0,0x4,0x0,0x0,0x0,
0x72,0x0,0x0,0x0,0xc0,0x3,0x0,0x0,
0x5,0x0,0x0,0x0,0xa5,0x0,0x0,0x0,
0xc1,0x3,0x0,0x0,0x5,0x0,0x0,0x0,
0xca,0x1,0x2,0x7,0x1,0x2f,0x99,0x2,
0x0,0x0,0x18,0x8,0x2f,0x9a,0x2,0x0,
0x0,0x3d,0x9b,0x2,0x0,0x0,0x18,0xf,
0xb5,0x9c,0x2,0x0,0x0,0x1,0x0,0x0,
0x0,0xf,0x0,0x0,0x0,0x18,0xb,0x2f,
0x9d,0x2,0x0,0x0,0x3d,0x9e,0x2,0x0,
0x0,0x18,0xf,0xb5,0x9f,0x2,0x0,0x0,
0x1,0x0,0x0,0x0,0xf,0x0,0x0,0x0,
0x18,0xc,0xad,0xa0,0x2,0x0,0x0,0x8,
0x0,0x0,0x0,0x2,0x0,0x0,0x0,0xb,
0x0,0x0,0x0,0x18,0x7,0x2f,0xa1,0x2,
0x0,0x0,0x18,0x8,0xb5,0xa2,0x2,0x0,
0x0,0x1,0x0,0x0,0x0,0x7,0x0,0x0,
0x0,0x43,0xa3,0x2,0x0,0x0,0x8,0x0,
0x0,0x0,0x13,0x2a,0x1,0x0,0x0,0x18,
0xa,0x14,0x18,0xb,0x13,0xa2,0x1,0x0,
0x0,0x18,0xd,0x2f,0xa4,0x2,0x0,0x0,
0x3d,0xa5,0x2,0x0,0x0,0x3d,0xa6,0x2,
0x0,0x0,0x80,0xd,0x18,0xc,0xb5,0xa7,
0x2,0x0,0x0,0x3,0x0,0x0,0x0,0xa,
0x0,0x0,0x0,0x18,0x6,0xd4,0x16,0x6,
0x2,0x0,0x0,0x0,0x0,0x0,0x0,0x0,
0x0,0x0,0x0,0x0,0x0,0x0,0x0,0x0,
0x44,0x0,0x0,0x0,0xd,0x0,0x0,0x0,
0xaa,0x0,0x0,0x0,0x0,0x0,0x0,0x0,
0x38,0x0,0x0,0x0,0x0,0x0,0x0,0x0,
0x38,0x0,0x0,0x0,0x0,0x0,0x1,0x0,
0xff,0xff,0xff,0xff,0x7,0x0,0x0,0x0,
0xcb,0x3,0x90,0x2,0x0,0x0,0x0,0x0,
0x0,0x0,0x7,0x0,0x0,0x0,0x0,0x0,
0x0,0x0,0x0,0x0,0xcb,0x3,0x0,0x0,
0x1,0x0,0x0,0x0,0x2f,0xa8,0x2,0x0,
0x0,0x3d,0xa9,0x2,0x0,0x0,0x18,0x6,
0x2,0x0,0x0,0x0,0x0,0x0,0x0,0x0,
0x44,0x0,0x0,0x0,0x8,0x0,0x0,0x0,
0x70,0x0,0x0,0x0,0x0,0x0,0x0,0x0,
0x38,0x0,0x0,0x0,0x0,0x0,0x0,0x0,
0x38,0x0,0x0,0x0,0x0,0x0,0x1,0x0,
0xff,0xff,0xff,0xff,0x7,0x0,0x0,0x0,
0xdc,0x3,0x10,0x1,0x0,0x0,0x0,0x0,
0x0,0x0,0x7,0x0,0x0,0x0,0x0,0x0,
0x0,0x0,0x0,0x0,0xdc,0x3,0x0,0x0,
0x1,0x0,0x0,0x0,0x2f,0xaa,0x2,0x0,
0x0,0x18,0x6,0x2,0x0,0x0,0x0,0x0,
0x50,0x0,0x0,0x0,0x1c,0x0,0x0,0x0,
0xa3,0x0,0x0,0x0,0x0,0x0,0x0,0x0,
0x38,0x0,0x0,0x0,0x0,0x0,0x0,0x0,
0x38,0x0,0x0,0x0,0x0,0x0,0x2,0x0,
0xff,0xff,0xff,0xff,0x9,0x0,0x0,0x0,
0xe4,0x3,0x90,0x1,0x0,0x0,0x0,0x0,
0x0,0x0,0x7,0x0,0x0,0x0,0x0,0x0,
0x0,0x0,0x0,0x0,0xe4,0x3,0x0,0x0,
0x0,0x0,0x0,0x0,0x1,0x0,0x0,0x0,
0xe4,0x3,0x0,0x0,0x1,0x0,0x0,0x0,
0xca,0x2f,0xab,0x2,0x0,0x0,0x18,0x7,
0x12,0x0,0x18,0x8,0x43,0xac,0x2,0x0,
0x0,0x7,0x0,0x0,0x0,0x1a,0x8,0x6,
0xd4,0x16,0x6,0x2,0x0,0x0,0x0,0x0,
0x50,0x0,0x0,0x0,0x57,0x0,0x0,0x0,
0xa3,0x0,0x0,0x0,0x0,0x0,0x0,0x0,
0x38,0x0,0x0,0x0,0x0,0x0,0x0,0x0,
0x38,0x0,0x0,0x0,0x0,0x0,0x2,0x0,
0xff,0xff,0xff,0xff,0xf,0x0,0x0,0x0,
0xe8,0x3,0x90,0x1,0x0,0x0,0x0,0x0,
0x0,0x0,0x7,0x0,0x0,0x0,0x0,0x0,
0x0,0x0,0x0,0x0,0xe8,0x3,0x0,0x0,
0x0,0x0,0x0,0x0,0x1,0x0,0x0,0x0,
0xe8,0x3,0x0,0x0,0x1,0x0,0x0,0x0,
0xca,0x13,0xf5,0x1,0x0,0x0,0x18,0xa,
0x2f,0xad,0x2,0x0,0x0,0x3d,0xae,0x2,
0x0,0x0,0x80,0xa,0x18,0xb,0x13,0xf6,
0x1,0x0,0x0,0x80,0xb,0x18,0xc,0x2f,
0xaf,0x2,0x0,0x0,0x3d,0xb0,0x2,0x0,
0x0,0x80,0xc,0x18,0xd,0x13,0xf7,0x1,
0x0,0x0,0x80,0xd,0x18,0xe,0x2f,0xb1,
0x2,0x0,0x0,0x3d,0xb2,0x2,0x0,0x0,
0x80,0xe,0x18,0x9,0xb5,0xb3,0x2,0x0,
0x0,0x1,0x0,0x0,0x0,0x9,0x0,0x0,
0x0,0x18,0x6,0xd4,0x16,0x6,0x2,0x0,
0x44,0x0,0x0,0x0,0xd,0x0,0x0,0x0,
0xaa,0x0,0x0,0x0,0x0,0x0,0x0,0x0,
0x38,0x0,0x0,0x0,0x0,0x0,0x0,0x0,
0x38,0x0,0x0,0x0,0x0,0x0,0x1,0x0,
0xff,0xff,0xff,0xff,0x7,0x0,0x0,0x0,
0xf2,0x3,0x50,0x1,0x0,0x0,0x0,0x0,
0x0,0x0,0x7,0x0,0x0,0x0,0x0,0x0,
0x0,0x0,0x0,0x0,0xf2,0x3,0x0,0x0,
0x1,0x0,0x0,0x0,0x2f,0xb4,0x2,0x0,
0x0,0x3d,0xb5,0x2,0x0,0x0,0x18,0x6,
0x2,0x0,0x0,0x0,0x0,0x0,0x0,0x0,
0x1,0x0,0x0,0x0,0x10,0x0,0x0,0x0,
0x1,0x0,0x0,0x0,0x0,0x0,0x0,0x0,
0x50,0x1,0x0,0x0,0x0,0x0,0x0,0x0,
0x0,0x0,0x0,0x0,0x10,0x0,0x0,0x0,
0x0,0x0,0x0,0x0,0x0,0x0,0x0,0x0,
0x0,0x0,0x0,0x0,0x10,0x0,0x0,0x0,
0x0,0x0,0x0,0x0,0x0,0x0,0x0,0x0,
0x0,0x0,0x0,0x0,0x10,0x0,0x0,0x0,
0x0,0x0,0x0,0x0,0x0,0x0,0x0,0x0,
0x0,0x0,0x0,0x0,0x10,0x0,0x0,0x0,
0x0,0x0,0x0,0x0,0x0,0x0,0x0,0x0,
0x0,0x0,0x0,0x0,0x10,0x0,0x0,0x0,
0x0,0x0,0x0,0x0,0x0,0x0,0x0,0x0,
0x0,0x0,0x0,0x0,0x10,0x0,0x0,0x0,
0x0,0x0,0x0,0x0,0x0,0x0,0x0,0x0,
0x0,0x0,0x0,0x0,0x10,0x0,0x0,0x0,
0x0,0x0,0x0,0x0,0x0,0x0,0x0,0x0,
0x0,0x0,0x0,0x0,0x10,0x0,0x0,0x0,
0x0,0x0,0x0,0x0,0x0,0x0,0x0,0x0,
0x0,0x0,0x0,0x0,0x10,0x0,0x0,0x0,
0x0,0x0,0x0,0x0,0x0,0x0,0x0,0x0,
0x0,0x0,0x0,0x0,0x10,0x0,0x0,0x0,
0x0,0x0,0x0,0x0,0x0,0x0,0x0,0x0,
0x0,0x0,0x0,0x0,0x10,0x0,0x0,0x0,
0x0,0x0,0x0,0x0,0x0,0x0,0x0,0x0,
0x0,0x0,0x0,0x0,0x10,0x0,0x0,0x0,
0x0,0x0,0x0,0x0,0x0,0x0,0x0,0x0,
0x0,0x0,0x0,0x0,0x10,0x0,0x0,0x0,
0x0,0x0,0x0,0x0,0x0,0x0,0x0,0x0,
0x0,0x0,0x0,0x0,0x10,0x0,0x0,0x0,
0x0,0x0,0x0,0x0,0x0,0x0,0x0,0x0,
0x0,0x0,0x0,0x0,0x10,0x0,0x0,0x0,
0x0,0x0,0x0,0x0,0x0,0x0,0x0,0x0,
0x0,0x0,0x0,0x0,0x10,0x0,0x0,0x0,
0x0,0x0,0x0,0x0,0x0,0x0,0x0,0x0,
0x0,0x0,0x0,0x0,0x10,0x0,0x0,0x0,
0x0,0x0,0x0,0x0,0x0,0x0,0x0,0x0,
0x0,0x0,0x0,0x0,0x10,0x0,0x0,0x0,
0x0,0x0,0x0,0x0,0x0,0x0,0x0,0x0,
0x0,0x0,0x0,0x0,0x10,0x0,0x0,0x0,
0x0,0x0,0x0,0x0,0x0,0x0,0x0,0x0,
0x0,0x0,0x0,0x0,0x10,0x0,0x0,0x0,
0x0,0x0,0x0,0x0,0x0,0x0,0x0,0x0,
0x0,0x0,0x0,0x0,0x10,0x0,0x0,0x0,
0x0,0x0,0x0,0x0,0x0,0x0,0x0,0x0,
0x0,0x0,0x0,0x0,0x10,0x0,0x0,0x0,
0x0,0x0,0x0,0x0,0x0,0x0,0x0,0x0,
0x0,0x0,0x0,0x0,0x10,0x0,0x0,0x0,
0x0,0x0,0x0,0x0,0x0,0x0,0x0,0x0,
0x0,0x0,0x0,0x0,0x10,0x0,0x0,0x0,
0x0,0x0,0x0,0x0,0x0,0x0,0x0,0x0,
0x0,0x0,0x0,0x0,0x10,0x0,0x0,0x0,
0x0,0x0,0x0,0x0,0x0,0x0,0x0,0x0,
0x0,0x0,0x0,0x0,0x10,0x0,0x0,0x0,
0x0,0x0,0x0,0x0,0x0,0x0,0x0,0x0,
0x0,0x0,0x0,0x0,0x10,0x0,0x0,0x0,
0x0,0x0,0x0,0x0,0x0,0x0,0x0,0x0,
0x0,0x0,0x0,0x0,0x10,0x0,0x0,0x0,
0x0,0x0,0x0,0x0,0x0,0x0,0x0,0x0,
0x0,0x0,0x0,0x0,0x10,0x0,0x0,0x0,
0x0,0x0,0x0,0x0,0x0,0x0,0x0,0x0,
0x0,0x0,0x0,0x0,0x10,0x0,0x0,0x0,
0x0,0x0,0x0,0x0,0x0,0x0,0x0,0x0,
0x0,0x0,0x0,0x0,0x10,0x0,0x0,0x0,
0x0,0x0,0x0,0x0,0x0,0x0,0x0,0x0,
0x0,0x0,0x0,0x0,0x10,0x0,0x0,0x0,
0x0,0x0,0x0,0x0,0x0,0x0,0x0,0x0,
0x0,0x0,0x0,0x0,0x10,0x0,0x0,0x0,
0x0,0x0,0x0,0x0,0x0,0x0,0x0,0x0,
0x0,0x0,0x0,0x0,0x10,0x0,0x0,0x0,
0x0,0x0,0x0,0x0,0x0,0x0,0x0,0x0,
0x0,0x0,0x0,0x0,0x10,0x0,0x0,0x0,
0x0,0x0,0x0,0x0,0x0,0x0,0x0,0x0,
0x0,0x0,0x0,0x0,0x10,0x0,0x0,0x0,
0x0,0x0,0x0,0x0,0x0,0x0,0x0,0x0,
0x0,0x0,0x0,0x0,0x10,0x0,0x0,0x0,
0x0,0x0,0x0,0x0,0x0,0x0,0x0,0x0,
0x0,0x0,0x0,0x0,0x10,0x0,0x0,0x0,
0x0,0x0,0x0,0x0,0x0,0x0,0x0,0x0,
0x0,0x0,0x0,0x0,0x10,0x0,0x0,0x0,
0x0,0x0,0x0,0x0,0x0,0x0,0x0,0x0,
0x0,0x0,0x0,0x0,0x10,0x0,0x0,0x0,
0x0,0x0,0x0,0x0,0x0,0x0,0x0,0x0,
0x0,0x0,0x0,0x0,0x10,0x0,0x0,0x0,
0x0,0x0,0x0,0x0,0x0,0x0,0x0,0x0,
0x0,0x0,0x0,0x0,0x10,0x0,0x0,0x0,
0x0,0x0,0x0,0x0,0x0,0x0,0x0,0x0,
0x0,0x0,0x0,0x0,0x10,0x0,0x0,0x0,
0x0,0x0,0x0,0x0,0x0,0x0,0x0,0x0,
0x0,0x0,0x0,0x0,0x10,0x0,0x0,0x0,
0x0,0x0,0x0,0x0,0x0,0x0,0x0,0x0,
0x0,0x0,0x0,0x0,0x10,0x0,0x0,0x0,
0x0,0x0,0x0,0x0,0x0,0x0,0x0,0x0,
0x0,0x0,0x0,0x0,0x10,0x0,0x0,0x0,
0x0,0x0,0x0,0x0,0x0,0x0,0x0,0x0,
0x30,0x7c,0x0,0x0,0x38,0x7c,0x0,0x0,
0x50,0x7c,0x0,0x0,0x78,0x7c,0x0,0x0,
0xa0,0x7c,0x0,0x0,0xc8,0x7c,0x0,0x0,
0xd8,0x7c,0x0,0x0,0xe8,0x7c,0x0,0x0,
0x0,0x7d,0x0,0x0,0x18,0x7d,0x0,0x0,
0x28,0x7d,0x0,0x0,0x68,0x7d,0x0,0x0,
0x88,0x7d,0x0,0x0,0x98,0x7d,0x0,0x0,
0xb8,0x7d,0x0,0x0,0xf8,0x7d,0x0,0x0,
0x10,0x7e,0x0,0x0,0x28,0x7e,0x0,0x0,
0x58,0x7e,0x0,0x0,0x78,0x7e,0x0,0x0,
0xb0,0x7e,0x0,0x0,0xc0,0x7e,0x0,0x0,
0xf0,0x7e,0x0,0x0,0x10,0x7f,0x0,0x0,
0x50,0x7f,0x0,0x0,0x60,0x7f,0x0,0x0,
0x90,0x7f,0x0,0x0,0xa8,0x7f,0x0,0x0,
0xd8,0x7f,0x0,0x0,0xf8,0x7f,0x0,0x0,
0x30,0x80,0x0,0x0,0x48,0x80,0x0,0x0,
0x60,0x80,0x0,0x0,0x88,0x80,0x0,0x0,
0xa0,0x80,0x0,0x0,0xc0,0x80,0x0,0x0,
0x0,0x81,0x0,0x0,0x20,0x81,0x0,0x0,
0x60,0x81,0x0,0x0,0x80,0x81,0x0,0x0,
0x98,0x81,0x0,0x0,0xb8,0x81,0x0,0x0,
0xd8,0x81,0x0,0x0,0xf8,0x81,0x0,0x0,
0x20,0x82,0x0,0x0,0x40,0x82,0x0,0x0,
0x80,0x82,0x0,0x0,0xa0,0x82,0x0,0x0,
0xe0,0x82,0x0,0x0,0x8,0x83,0x0,0x0,
0x50,0x83,0x0,0x0,0x68,0x83,0x0,0x0,
0xa0,0x83,0x0,0x0,0xc8,0x83,0x0,0x0,
0xf0,0x83,0x0,0x0,0x18,0x84,0x0,0x0,
0x30,0x84,0x0,0x0,0x48,0x84,0x0,0x0,
0x68,0x84,0x0,0x0,0x80,0x84,0x0,0x0,
0x90,0x84,0x0,0x0,0xa0,0x84,0x0,0x0,
0xb8,0x84,0x0,0x0,0xe0,0x84,0x0,0x0,
0x0,0x85,0x0,0x0,0x18,0x85,0x0,0x0,
0x38,0x85,0x0,0x0,0x50,0x85,0x0,0x0,
0x60,0x85,0x0,0x0,0x88,0x85,0x0,0x0,
0xa0,0x85,0x0,0x0,0xc8,0x85,0x0,0x0,
0xe0,0x85,0x0,0x0,0x8,0x86,0x0,0x0,
0x20,0x86,0x0,0x0,0x48,0x86,0x0,0x0,
0x60,0x86,0x0,0x0,0x88,0x86,0x0,0x0,
0xb0,0x86,0x0,0x0,0xd0,0x86,0x0,0x0,
0xe8,0x86,0x0,0x0,0x8,0x87,0x0,0x0,
0x48,0x87,0x0,0x0,0x68,0x87,0x0,0x0,
0x80,0x87,0x0,0x0,0xb0,0x87,0x0,0x0,
0xe0,0x87,0x0,0x0,0x8,0x88,0x0,0x0,
0x20,0x88,0x0,0x0,0x38,0x88,0x0,0x0,
0x68,0x88,0x0,0x0,0xa8,0x88,0x0,0x0,
0xe0,0x88,0x0,0x0,0xf8,0x88,0x0,0x0,
0x20,0x89,0x0,0x0,0x48,0x89,0x0,0x0,
0x68,0x89,0x0,0x0,0x98,0x89,0x0,0x0,
0xc8,0x89,0x0,0x0,0x0,0x8a,0x0,0x0,
0x20,0x8a,0x0,0x0,0x30,0x8a,0x0,0x0,
0x58,0x8a,0x0,0x0,0x80,0x8a,0x0,0x0,
0xb8,0x8a,0x0,0x0,0xe8,0x8a,0x0,0x0,
0x10,0x8b,0x0,0x0,0x28,0x8b,0x0,0x0,
0x50,0x8b,0x0,0x0,0x78,0x8b,0x0,0x0,
0x90,0x8b,0x0,0x0,0xa8,0x8b,0x0,0x0,
0xb8,0x8b,0x0,0x0,0xe8,0x8b,0x0,0x0,
0x8,0x8c,0x0,0x0,0x48,0x8c,0x0,0x0,
0x60,0x8c,0x0,0x0,0x78,0x8c,0x0,0x0,
0xa0,0x8c,0x0,0x0,0xb0,0x8c,0x0,0x0,
0xd0,0x8c,0x0,0x0,0xf0,0x8c,0x0,0x0,
0x8,0x8d,0x0,0x0,0x20,0x8d,0x0,0x0,
0x38,0x8d,0x0,0x0,0x48,0x8d,0x0,0x0,
0x60,0x8d,0x0,0x0,0x80,0x8d,0x0,0x0,
0x98,0x8d,0x0,0x0,0xb8,0x8d,0x0,0x0,
0xd8,0x8d,0x0,0x0,0xe8,0x8d,0x0,0x0,
0xf8,0x8d,0x0,0x0,0x8,0x8e,0x0,0x0,
0x18,0x8e,0x0,0x0,0x28,0x8e,0x0,0x0,
0x38,0x8e,0x0,0x0,0x68,0x8e,0x0,0x0,
0x78,0x8e,0x0,0x0,0x98,0x8e,0x0,0x0,
0xc8,0x8e,0x0,0x0,0xe0,0x8e,0x0,0x0,
0xf0,0x8e,0x0,0x0,0x8,0x8f,0x0,0x0,
0x18,0x8f,0x0,0x0,0x30,0x8f,0x0,0x0,
0x40,0x8f,0x0,0x0,0x50,0x8f,0x0,0x0,
0x60,0x8f,0x0,0x0,0x70,0x8f,0x0,0x0,
0x80,0x8f,0x0,0x0,0x90,0x8f,0x0,0x0,
0xb0,0x8f,0x0,0x0,0xd0,0x8f,0x0,0x0,
0xf0,0x8f,0x0,0x0,0x30,0x90,0x0,0x0,
0x50,0x90,0x0,0x0,0x60,0x90,0x0,0x0,
0x90,0x90,0x0,0x0,0xa0,0x90,0x0,0x0,
0xb8,0x90,0x0,0x0,0xd0,0x90,0x0,0x0,
0xe0,0x90,0x0,0x0,0xf8,0x90,0x0,0x0,
0x30,0x91,0x0,0x0,0x40,0x91,0x0,0x0,
0x50,0x91,0x0,0x0,0x60,0x91,0x0,0x0,
0x70,0x91,0x0,0x0,0x80,0x91,0x0,0x0,
0x98,0x91,0x0,0x0,0xd0,0x91,0x0,0x0,
0xc8,0x92,0x0,0x0,0xe0,0x92,0x0,0x0,
0xf0,0x92,0x0,0x0,0x8,0x93,0x0,0x0,
0x20,0x93,0x0,0x0,0x30,0x93,0x0,0x0,
0x40,0x93,0x0,0x0,0x50,0x93,0x0,0x0,
0x70,0x93,0x0,0x0,0x80,0x93,0x0,0x0,
0xa8,0x93,0x0,0x0,0xc0,0x93,0x0,0x0,
0xd0,0x93,0x0,0x0,0xe0,0x93,0x0,0x0,
0xf8,0x93,0x0,0x0,0x10,0x94,0x0,0x0,
0x38,0x94,0x0,0x0,0xa8,0x94,0x0,0x0,
0xc0,0x94,0x0,0x0,0xd0,0x94,0x0,0x0,
0xf8,0x94,0x0,0x0,0x8,0x95,0x0,0x0,
0x18,0x95,0x0,0x0,0x38,0x95,0x0,0x0,
0x48,0x95,0x0,0x0,0x58,0x95,0x0,0x0,
0x80,0x95,0x0,0x0,0x98,0x95,0x0,0x0,
0xa8,0x95,0x0,0x0,0xd0,0x95,0x0,0x0,
0xe0,0x95,0x0,0x0,0xf0,0x95,0x0,0x0,
0x18,0x96,0x0,0x0,0x28,0x96,0x0,0x0,
0x38,0x96,0x0,0x0,0x48,0x96,0x0,0x0,
0x58,0x96,0x0,0x0,0x70,0x96,0x0,0x0,
0x80,0x96,0x0,0x0,0x90,0x96,0x0,0x0,
0xa0,0x96,0x0,0x0,0xb8,0x96,0x0,0x0,
0xc8,0x96,0x0,0x0,0xf8,0x96,0x0,0x0,
0x18,0x97,0x0,0x0,0x30,0x97,0x0,0x0,
0x48,0x97,0x0,0x0,0x60,0x97,0x0,0x0,
0x70,0x97,0x0,0x0,0x90,0x97,0x0,0x0,
0xa0,0x97,0x0,0x0,0xb0,0x97,0x0,0x0,
0xc8,0x97,0x0,0x0,0xe0,0x97,0x0,0x0,
0xf0,0x97,0x0,0x0,0x8,0x98,0x0,0x0,
0x28,0x98,0x0,0x0,0x40,0x98,0x0,0x0,
0x50,0x98,0x0,0x0,0x68,0x98,0x0,0x0,
0x78,0x98,0x0,0x0,0x88,0x98,0x0,0x0,
0x98,0x98,0x0,0x0,0xc8,0x98,0x0,0x0,
0xd0,0x98,0x0,0x0,0xe0,0x98,0x0,0x0,
0x10,0x99,0x0,0x0,0x40,0x99,0x0,0x0,
0x68,0x99,0x0,0x0,0x78,0x99,0x0,0x0,
0xa0,0x99,0x0,0x0,0xd0,0x99,0x0,0x0,
0xe0,0x99,0x0,0x0,0x0,0x9a,0x0,0x0,
0x30,0x9a,0x0,0x0,0x40,0x9a,0x0,0x0,
0x50,0x9a,0x0,0x0,0x60,0x9a,0x0,0x0,
0x70,0x9a,0x0,0x0,0x90,0x9a,0x0,0x0,
0xa0,0x9a,0x0,0x0,0xb8,0x9a,0x0,0x0,
0xd0,0x9a,0x0,0x0,0xf0,0x9a,0x0,0x0,
0x8,0x9b,0x0,0x0,0x40,0x9b,0x0,0x0,
0x50,0x9b,0x0,0x0,0x60,0x9b,0x0,0x0,
0x80,0x9b,0x0,0x0,0x90,0x9b,0x0,0x0,
0xa8,0x9b,0x0,0x0,0xb8,0x9b,0x0,0x0,
0xd8,0x9b,0x0,0x0,0xf0,0x9b,0x0,0x0,
0x0,0x9c,0x0,0x0,0x20,0x9c,0x0,0x0,
0x40,0x9c,0x0,0x0,0x58,0x9c,0x0,0x0,
0x80,0x9c,0x0,0x0,0x90,0x9c,0x0,0x0,
0xa0,0x9c,0x0,0x0,0xb0,0x9c,0x0,0x0,
0xc0,0x9c,0x0,0x0,0xe0,0x9c,0x0,0x0,
0x0,0x9d,0x0,0x0,0x28,0x9d,0x0,0x0,
0x40,0x9d,0x0,0x0,0x50,0x9d,0x0,0x0,
0x70,0x9d,0x0,0x0,0xa8,0x9d,0x0,0x0,
0xc8,0x9d,0x0,0x0,0xe0,0x9d,0x0,0x0,
0xf0,0x9d,0x0,0x0,0x0,0x9e,0x0,0x0,
0x10,0x9e,0x0,0x0,0x20,0x9e,0x0,0x0,
0x40,0x9e,0x0,0x0,0x60,0x9e,0x0,0x0,
0x70,0x9e,0x0,0x0,0x90,0x9e,0x0,0x0,
0xb0,0x9e,0x0,0x0,0xd8,0x9e,0x0,0x0,
0xe8,0x9e,0x0,0x0,0x10,0x9f,0x0,0x0,
0x20,0x9f,0x0,0x0,0x30,0x9f,0x0,0x0,
0x40,0x9f,0x0,0x0,0x50,0x9f,0x0,0x0,
0x70,0x9f,0x0,0x0,0x88,0x9f,0x0,0x0,
0xa8,0x9f,0x0,0x0,0xb8,0x9f,0x0,0x0,
0xc8,0x9f,0x0,0x0,0xe0,0x9f,0x0,0x0,
0xf8,0x9f,0x0,0x0,0x8,0xa0,0x0,0x0,
0x18,0xa0,0x0,0x0,0x40,0xa0,0x0,0x0,
0x50,0xa0,0x0,0x0,0x68,0xa0,0x0,0x0,
0x80,0xa0,0x0,0x0,0x90,0xa0,0x0,0x0,
0xa0,0xa0,0x0,0x0,0xa8,0xa0,0x0,0x0,
0xb8,0xa0,0x0,0x0,0xc0,0xa0,0x0,0x0,
0xe8,0xa0,0x0,0x0,0x0,0xa1,0x0,0x0,
0x18,0xa1,0x0,0x0,0x28,0xa1,0x0,0x0,
0x40,0xa1,0x0,0x0,0x50,0xa1,0x0,0x0,
0x60,0xa1,0x0,0x0,0x70,0xa1,0x0,0x0,
0x88,0xa1,0x0,0x0,0x98,0xa1,0x0,0x0,
0xc0,0xa1,0x0,0x0,0xd8,0xa1,0x0,0x0,
0x8,0xa2,0x0,0x0,0x20,0xa2,0x0,0x0,
0x40,0xa2,0x0,0x0,0x50,0xa2,0x0,0x0,
0x60,0xa2,0x0,0x0,0x70,0xa2,0x0,0x0,
0x88,0xa2,0x0,0x0,0x90,0xa2,0x0,0x0,
0xa8,0xa2,0x0,0x0,0xb8,0xa2,0x0,0x0,
0xc0,0xa2,0x0,0x0,0xe0,0xa2,0x0,0x0,
0x0,0xa3,0x0,0x0,0x18,0xa3,0x0,0x0,
0x28,0xa3,0x0,0x0,0x38,0xa3,0x0,0x0,
0x58,0xa3,0x0,0x0,0x70,0xa3,0x0,0x0,
0x88,0xa3,0x0,0x0,0xa0,0xa3,0x0,0x0,
0xc0,0xa3,0x0,0x0,0xe0,0xa3,0x0,0x0,
0x0,0xa4,0x0,0x0,0x18,0xa4,0x0,0x0,
0x28,0xa4,0x0,0x0,0x48,0xa4,0x0,0x0,
0x60,0xa4,0x0,0x0,0x88,0xa4,0x0,0x0,
0x98,0xa4,0x0,0x0,0xb0,0xa4,0x0,0x0,
0xc8,0xa4,0x0,0x0,0xe0,0xa4,0x0,0x0,
0xf8,0xa4,0x0,0x0,0x10,0xa5,0x0,0x0,
0x28,0xa5,0x0,0x0,0x40,0xa5,0x0,0x0,
0x58,0xa5,0x0,0x0,0x80,0xa5,0x0,0x0,
0x98,0xa5,0x0,0x0,0xb8,0xa5,0x0,0x0,
0xd0,0xa5,0x0,0x0,0xe8,0xa5,0x0,0x0,
0xf8,0xa5,0x0,0x0,0x10,0xa6,0x0,0x0,
0x28,0xa6,0x0,0x0,0x40,0xa6,0x0,0x0,
0x50,0xa6,0x0,0x0,0x68,0xa6,0x0,0x0,
0x78,0xa6,0x0,0x0,0x90,0xa6,0x0,0x0,
0xa8,0xa6,0x0,0x0,0xc0,0xa6,0x0,0x0,
0xe0,0xa6,0x0,0x0,0xf8,0xa6,0x0,0x0,
0x18,0xa7,0x0,0x0,0x28,0xa7,0x0,0x0,
0x48,0xa7,0x0,0x0,0x68,0xa7,0x0,0x0,
0x88,0xa7,0x0,0x0,0xa8,0xa7,0x0,0x0,
0xc0,0xa7,0x0,0x0,0xe0,0xa7,0x0,0x0,
0x0,0xa8,0x0,0x0,0x20,0xa8,0x0,0x0,
0x40,0xa8,0x0,0x0,0x60,0xa8,0x0,0x0,
0x78,0xa8,0x0,0x0,0x88,0xa8,0x0,0x0,
0x98,0xa8,0x0,0x0,0xa8,0xa8,0x0,0x0,
0xb8,0xa8,0x0,0x0,0xc8,0xa8,0x0,0x0,
0xd8,0xa8,0x0,0x0,0xf8,0xa8,0x0,0x0,
0x0,0xa9,0x0,0x0,0x18,0xa9,0x0,0x0,
0x30,0xa9,0x0,0x0,0x48,0xa9,0x0,0x0,
0x68,0xa9,0x0,0x0,0x80,0xa9,0x0,0x0,
0x90,0xa9,0x0,0x0,0xb0,0xa9,0x0,0x0,
0xc8,0xa9,0x0,0x0,0xe0,0xa9,0x0,0x0,
0x8,0xaa,0x0,0x0,0x28,0xaa,0x0,0x0,
0x38,0xaa,0x0,0x0,0x58,0xaa,0x0,0x0,
0x70,0xaa,0x0,0x0,0x80,0xaa,0x0,0x0,
0xa0,0xaa,0x0,0x0,0xb8,0xaa,0x0,0x0,
0xc8,0xaa,0x0,0x0,0xd8,0xaa,0x0,0x0,
0xf8,0xaa,0x0,0x0,0x8,0xab,0x0,0x0,
0x28,0xab,0x0,0x0,0x38,0xab,0x0,0x0,
0x48,0xab,0x0,0x0,0x58,0xab,0x0,0x0,
0x78,0xab,0x0,0x0,0x90,0xab,0x0,0x0,
0xc0,0xab,0x0,0x0,0xd8,0xab,0x0,0x0,
0xf0,0xab,0x0,0x0,0x0,0xac,0x0,0x0,
0x18,0xac,0x0,0x0,0x30,0xac,0x0,0x0,
0x50,0xac,0x0,0x0,0x78,0xac,0x0,0x0,
0x98,0xac,0x0,0x0,0xc8,0xac,0x0,0x0,
0xe0,0xac,0x0,0x0,0xf0,0xac,0x0,0x0,
0x10,0xad,0x0,0x0,0x20,0xad,0x0,0x0,
0x30,0xad,0x0,0x0,0x40,0xad,0x0,0x0,
0x60,0xad,0x0,0x0,0x78,0xad,0x0,0x0,
0x88,0xad,0x0,0x0,0x98,0xad,0x0,0x0,
0xb0,0xad,0x0,0x0,0xe0,0xad,0x0,0x0,
0xf8,0xad,0x0,0x0,0x10,0xae,0x0,0x0,
0x40,0xae,0x0,0x0,0x58,0xae,0x0,0x0,
0x98,0xae,0x0,0x0,0xb0,0xae,0x0,0x0,
0xc8,0xae,0x0,0x0,0xe0,0xae,0x0,0x0,
0x8,0xaf,0x0,0x0,0x20,0xaf,0x0,0x0,
0x38,0xaf,0x0,0x0,0x48,0xaf,0x0,0x0,
0x58,0xaf,0x0,0x0,0x80,0xaf,0x0,0x0,
0x98,0xaf,0x0,0x0,0xc8,0xaf,0x0,0x0,
0xe0,0xaf,0x0,0x0,0x10,0xb0,0x0,0x0,
0x20,0xb0,0x0,0x0,0x30,0xb0,0x0,0x0,
0x40,0xb0,0x0,0x0,0x50,0xb0,0x0,0x0,
0x60,0xb0,0x0,0x0,0x70,0xb0,0x0,0x0,
0x80,0xb0,0x0,0x0,0xa8,0xb0,0x0,0x0,
0xc0,0xb0,0x0,0x0,0xf0,0xb0,0x0,0x0,
0x8,0xb1,0x0,0x0,0x48,0xb1,0x0,0x0,
0x60,0xb1,0x0,0x0,0x98,0xb1,0x0,0x0,
0xb0,0xb1,0x0,0x0,0xd8,0xb1,0x0,0x0,
0x0,0xb2,0x0,0x0,0x20,0xb2,0x0,0x0,
0x48,0xb2,0x0,0x0,0x78,0xb2,0x0,0x0,
0xa0,0xb2,0x0,0x0,0xb8,0xb2,0x0,0x0,
0xe0,0xb2,0x0,0x0,0xf8,0xb2,0x0,0x0,
0x38,0xb3,0x0,0x0,0x50,0xb3,0x0,0x0,
0x80,0xb3,0x0,0x0,0xa0,0xb3,0x0,0x0,
0xc0,0xb3,0x0,0x0,0xe8,0xb3,0x0,0x0,
0x0,0xb4,0x0,0x0,0x18,0xb4,0x0,0x0,
0x0,0x0,0x0,0x0,0x0,0x0,0x0,0x0,
0x7,0x0,0x0,0x0,0x51,0x0,0x74,0x0,
0x51,0x0,0x75,0x0,0x69,0x0,0x63,0x0,
0x6b,0x0,0x0,0x0,0x0,0x0,0x0,0x0,
0x10,0x0,0x0,0x0,0x51,0x0,0x74,0x0,
0x51,0x0,0x75,0x0,0x69,0x0,0x63,0x0,
0x6b,0x0,0x2e,0x0,0x43,0x0,0x6f,0x0,
0x6e,0x0,0x74,0x0,0x72,0x0,0x6f,0x0,
0x6c,0x0,0x73,0x0,0x0,0x0,0x0,0x0,
0xf,0x0,0x0,0x0,0x51,0x0,0x74,0x0,
0x51,0x0,0x75,0x0,0x69,0x0,0x63,0x0,
0x6b,0x0,0x2e,0x0,0x4c,0x0,0x61,0x0,
0x79,0x0,0x6f,0x0,0x75,0x0,0x74,0x0,
0x73,0x0,0x0,0x0,0x0,0x0,0x0,0x0,
0x11,0x0,0x0,0x0,0x41,0x0,0x70,0x0,
0x70,0x0,0x6c,0x0,0x69,0x0,0x63,0x0,
0x61,0x0,0x74,0x0,0x69,0x0,0x6f,0x0,
0x6e,0x0,0x57,0x0,0x69,0x0,0x6e,0x0,
0x64,0x0,0x6f,0x0,0x77,0x0,0x0,0x0,
0x3,0x0,0x0,0x0,0x77,0x0,0x69,0x0,
0x6e,0x0,0x0,0x0,0x0,0x0,0x0,0x0,
0x5,0x0,0x0,0x0,0x77,0x0,0x69,0x0,
0x64,0x0,0x74,0x0,0x68,0x0,0x0,0x0,
0x6,0x0,0x0,0x0,0x68,0x0,0x65,0x0,
0x69,0x0,0x67,0x0,0x68,0x0,0x74,0x0,
0x0,0x0,0x0,0x0,0x0,0x0,0x0,0x0,
0x7,0x0,0x0,0x0,0x76,0x0,0x69,0x0,
0x73,0x0,0x69,0x0,0x62,0x0,0x6c,0x0,
0x65,0x0,0x0,0x0,0x0,0x0,0x0,0x0,
0x5,0x0,0x0,0x0,0x74,0x0,0x69,0x0,
0x74,0x0,0x6c,0x0,0x65,0x0,0x0,0x0,
0x1c,0x0,0x0,0x0,0x41,0x0,0x74,0x0,
0x74,0x0,0x65,0x0,0x6e,0x0,0x64,0x0,
0x61,0x0,0x6e,0x0,0x63,0x0,0x65,0x0,
0x53,0x0,0x65,0x0,0x72,0x0,0x76,0x0,
0x65,0x0,0x72,0x0,0x20,0x0,0x2d,0x0,
0x20,0x0,0x51,0x0,0x4d,0x0,0x4c,0x0,
0x20,0x0,0x4b,0x6d,0xd5,0x8b,0xe5,0x5d,
0x5c,0x4f,0xf0,0x53,0x0,0x0,0x0,0x0,
0xb,0x0,0x0,0x0,0x6c,0x0,0x6f,0x0,
0x63,0x0,0x6b,0x0,0x65,0x0,0x64,0x0,
0x54,0x0,0x68,0x0,0x65,0x0,0x6d,0x0,
0x65,0x0,0x0,0x0,0x0,0x0,0x0,0x0,
0x5,0x0,0x0,0x0,0x6c,0x0,0x69,0x0,
0x67,0x0,0x68,0x0,0x74,0x0,0x0,0x0,
0xb,0x0,0x0,0x0,0x69,0x0,0x73,0x0,
0x44,0x0,0x61,0x0,0x72,0x0,0x6b,0x0,
0x54,0x0,0x68,0x0,0x65,0x0,0x6d,0x0,
0x65,0x0,0x0,0x0,0x0,0x0,0x0,0x0,
0x1a,0x0,0x0,0x0,0x65,0x0,0x78,0x0,
0x70,0x0,0x72,0x0,0x65,0x0,0x73,0x0,
0x73,0x0,0x69,0x0,0x6f,0x0,0x6e,0x0,
0x20,0x0,0x66,0x0,0x6f,0x0,0x72,0x0,
0x20,0x0,0x69,0x0,0x73,0x0,0x44,0x0,
0x61,0x0,0x72,0x0,0x6b,0x0,0x54,0x0,
0x68,0x0,0x65,0x0,0x6d,0x0,0x65,0x0,
0x0,0x0,0x0,0x0,0x0,0x0,0x0,0x0,
0x7,0x0,0x0,0x0,0x70,0x0,0x61,0x0,
0x6c,0x0,0x65,0x0,0x74,0x0,0x74,0x0,
0x65,0x0,0x0,0x0,0x0,0x0,0x0,0x0,
0x6,0x0,0x0,0x0,0x77,0x0,0x69,0x0,
0x6e,0x0,0x64,0x0,0x6f,0x0,0x77,0x0,
0x0,0x0,0x0,0x0,0x0,0x0,0x0,0x0,
0x15,0x0,0x0,0x0,0x65,0x0,0x78,0x0,
0x70,0x0,0x72,0x0,0x65,0x0,0x73,0x0,
0x73,0x0,0x69,0x0,0x6f,0x0,0x6e,0x0,
0x20,0x0,0x66,0x0,0x6f,0x0,0x72,0x0,
0x20,0x0,0x77,0x0,0x69,0x0,0x6e,0x0,
0x64,0x0,0x6f,0x0,0x77,0x0,0x0,0x0,
0xa,0x0,0x0,0x0,0x77,0x0,0x69,0x0,
0x6e,0x0,0x64,0x0,0x6f,0x0,0x77,0x0,
0x54,0x0,0x65,0x0,0x78,0x0,0x74,0x0,
0x0,0x0,0x0,0x0,0x0,0x0,0x0,0x0,
0x19,0x0,0x0,0x0,0x65,0x0,0x78,0x0,
0x70,0x0,0x72,0x0,0x65,0x0,0x73,0x0,
0x73,0x0,0x69,0x0,0x6f,0x0,0x6e,0x0,
0x20,0x0,0x66,0x0,0x6f,0x0,0x72,0x0,
0x20,0x0,0x77,0x0,0x69,0x0,0x6e,0x0,
0x64,0x0,0x6f,0x0,0x77,0x0,0x54,0x0,
0x65,0x0,0x78,0x0,0x74,0x0,0x0,0x0,
0x4,0x0,0x0,0x0,0x62,0x0,0x61,0x0,
0x73,0x0,0x65,0x0,0x0,0x0,0x0,0x0,
0x13,0x0,0x0,0x0,0x65,0x0,0x78,0x0,
0x70,0x0,0x72,0x0,0x65,0x0,0x73,0x0,
0x73,0x0,0x69,0x0,0x6f,0x0,0x6e,0x0,
0x20,0x0,0x66,0x0,0x6f,0x0,0x72,0x0,
0x20,0x0,0x62,0x0,0x61,0x0,0x73,0x0,
0x65,0x0,0x0,0x0,0x0,0x0,0x0,0x0,
0xd,0x0,0x0,0x0,0x61,0x0,0x6c,0x0,
0x74,0x0,0x65,0x0,0x72,0x0,0x6e,0x0,
0x61,0x0,0x74,0x0,0x65,0x0,0x42,0x0,
0x61,0x0,0x73,0x0,0x65,0x0,0x0,0x0,
0x1c,0x0,0x0,0x0,0x65,0x0,0x78,0x0,
0x70,0x0,0x72,0x0,0x65,0x0,0x73,0x0,
0x73,0x0,0x69,0x0,0x6f,0x0,0x6e,0x0,
0x20,0x0,0x66,0x0,0x6f,0x0,0x72,0x0,
0x20,0x0,0x61,0x0,0x6c,0x0,0x74,0x0,
0x65,0x0,0x72,0x0,0x6e,0x0,0x61,0x0,
0x74,0x0,0x65,0x0,0x42,0x0,0x61,0x0,
0x73,0x0,0x65,0x0,0x0,0x0,0x0,0x0,
0x4,0x0,0x0,0x0,0x74,0x0,0x65,0x0,
0x78,0x0,0x74,0x0,0x0,0x0,0x0,0x0,
0x13,0x0,0x0,0x0,0x65,0x0,0x78,0x0,
0x70,0x0,0x72,0x0,0x65,0x0,0x73,0x0,
0x73,0x0,0x69,0x0,0x6f,0x0,0x6e,0x0,
0x20,0x0,0x66,0x0,0x6f,0x0,0x72,0x0,
0x20,0x0,0x74,0x0,0x65,0x0,0x78,0x0,
0x74,0x0,0x0,0x0,0x0,0x0,0x0,0x0,
0x6,0x0,0x0,0x0,0x62,0x0,0x75,0x0,
0x74,0x0,0x74,0x0,0x6f,0x0,0x6e,0x0,
0x0,0x0,0x0,0x0,0x0,0x0,0x0,0x0,
0x15,0x0,0x0,0x0,0x65,0x0,0x78,0x0,
0x70,0x0,0x72,0x0,0x65,0x0,0x73,0x0,
0x73,0x0,0x69,0x0,0x6f,0x0,0x6e,0x0,
0x20,0x0,0x66,0x0,0x6f,0x0,0x72,0x0,
0x20,0x0,0x62,0x0,0x75,0x0,0x74,0x0,
0x74,0x0,0x6f,0x0,0x6e,0x0,0x0,0x0,
0xa,0x0,0x0,0x0,0x62,0x0,0x75,0x0,
0x74,0x0,0x74,0x0,0x6f,0x0,0x6e,0x0,
0x54,0x0,0x65,0x0,0x78,0x0,0x74,0x0,
0x0,0x0,0x0,0x0,0x0,0x0,0x0,0x0,
0x19,0x0,0x0,0x0,0x65,0x0,0x78,0x0,
0x70,0x0,0x72,0x0,0x65,0x0,0x73,0x0,
0x73,0x0,0x69,0x0,0x6f,0x0,0x6e,0x0,
0x20,0x0,0x66,0x0,0x6f,0x0,0x72,0x0,
0x20,0x0,0x62,0x0,0x75,0x0,0x74,0x0,
0x74,0x0,0x6f,0x0,0x6e,0x0,0x54,0x0,
0x65,0x0,0x78,0x0,0x74,0x0,0x0,0x0,
0x9,0x0,0x0,0x0,0x68,0x0,0x69,0x0,
0x67,0x0,0x68,0x0,0x6c,0x0,0x69,0x0,
0x67,0x0,0x68,0x0,0x74,0x0,0x0,0x0,
0x7,0x0,0x0,0x0,0x23,0x0,0x32,0x0,
0x44,0x0,0x37,0x0,0x46,0x0,0x46,0x0,
0x39,0x0,0x0,0x0,0x0,0x0,0x0,0x0,
0xf,0x0,0x0,0x0,0x68,0x0,0x69,0x0,
0x67,0x0,0x68,0x0,0x6c,0x0,0x69,0x0,
0x67,0x0,0x68,0x0,0x74,0x0,0x65,0x0,
0x64,0x0,0x54,0x0,0x65,0x0,0x78,0x0,
0x74,0x0,0x0,0x0,0x0,0x0,0x0,0x0,
0x7,0x0,0x0,0x0,0x23,0x0,0x46,0x0,
0x46,0x0,0x46,0x0,0x46,0x0,0x46,0x0,
0x46,0x0,0x0,0x0,0x0,0x0,0x0,0x0,
0xb,0x0,0x0,0x0,0x74,0x0,0x6f,0x0,
0x6f,0x0,0x6c,0x0,0x54,0x0,0x69,0x0,
0x70,0x0,0x42,0x0,0x61,0x0,0x73,0x0,
0x65,0x0,0x0,0x0,0x0,0x0,0x0,0x0,
0x1a,0x0,0x0,0x0,0x65,0x0,0x78,0x0,
0x70,0x0,0x72,0x0,0x65,0x0,0x73,0x0,
0x73,0x0,0x69,0x0,0x6f,0x0,0x6e,0x0,
0x20,0x0,0x66,0x0,0x6f,0x0,0x72,0x0,
0x20,0x0,0x74,0x0,0x6f,0x0,0x6f,0x0,
0x6c,0x0,0x54,0x0,0x69,0x0,0x70,0x0,
0x42,0x0,0x61,0x0,0x73,0x0,0x65,0x0,
0x0,0x0,0x0,0x0,0x0,0x0,0x0,0x0,
0xb,0x0,0x0,0x0,0x74,0x0,0x6f,0x0,
0x6f,0x0,0x6c,0x0,0x54,0x0,0x69,0x0,
0x70,0x0,0x54,0x0,0x65,0x0,0x78,0x0,
0x74,0x0,0x0,0x0,0x0,0x0,0x0,0x0,
0x1a,0x0,0x0,0x0,0x65,0x0,0x78,0x0,
0x70,0x0,0x72,0x0,0x65,0x0,0x73,0x0,
0x73,0x0,0x69,0x0,0x6f,0x0,0x6e,0x0,
0x20,0x0,0x66,0x0,0x6f,0x0,0x72,0x0,
0x20,0x0,0x74,0x0,0x6f,0x0,0x6f,0x0,
0x6c,0x0,0x54,0x0,0x69,0x0,0x70,0x0,
0x54,0x0,0x65,0x0,0x78,0x0,0x74,0x0,
0x0,0x0,0x0,0x0,0x0,0x0,0x0,0x0,
0xa,0x0,0x0,0x0,0x6c,0x0,0x61,0x0,
0x73,0x0,0x74,0x0,0x41,0x0,0x63,0x0,
0x74,0x0,0x69,0x0,0x6f,0x0,0x6e,0x0,
0x0,0x0,0x0,0x0,0x0,0x0,0x0,0x0,
0x9,0x0,0x0,0x0,0x6c,0x0,0x61,0x0,
0x73,0x0,0x74,0x0,0x45,0x0,0x72,0x0,
0x72,0x0,0x6f,0x0,0x72,0x0,0x0,0x0,
0xc,0x0,0x0,0x0,0x66,0x0,0x61,0x0,
0x63,0x0,0x65,0x0,0x45,0x0,0x6e,0x0,
0x67,0x0,0x69,0x0,0x6e,0x0,0x65,0x0,
0x4f,0x0,0x6b,0x0,0x0,0x0,0x0,0x0,
0xa,0x0,0x0,0x0,0x66,0x0,0x65,0x0,
0x61,0x0,0x74,0x0,0x75,0x0,0x72,0x0,
0x65,0x0,0x31,0x0,0x4f,0x0,0x6b,0x0,
0x0,0x0,0x0,0x0,0x0,0x0,0x0,0x0,
0xa,0x0,0x0,0x0,0x66,0x0,0x65,0x0,
0x61,0x0,0x74,0x0,0x75,0x0,0x72,0x0,
0x65,0x0,0x32,0x0,0x4f,0x0,0x6b,0x0,
0x0,0x0,0x0,0x0,0x0,0x0,0x0,0x0,
0xf,0x0,0x0,0x0,0x73,0x0,0x69,0x0,
0x6d,0x0,0x69,0x0,0x6c,0x0,0x61,0x0,
0x72,0x0,0x69,0x0,0x74,0x0,0x79,0x0,
0x56,0x0,0x61,0x0,0x6c,0x0,0x75,0x0,
0x65,0x0,0x0,0x0,0x0,0x0,0x0,0x0,
0xb,0x0,0x0,0x0,0x70,0x0,0x65,0x0,
0x72,0x0,0x73,0x0,0x6f,0x0,0x6e,0x0,
0x4d,0x0,0x6f,0x0,0x64,0x0,0x65,0x0,
0x6c,0x0,0x0,0x0,0x0,0x0,0x0,0x0,
0x1a,0x0,0x0,0x0,0x65,0x0,0x78,0x0,
0x70,0x0,0x72,0x0,0x65,0x0,0x73,0x0,
0x73,0x0,0x69,0x0,0x6f,0x0,0x6e,0x0,
0x20,0x0,0x66,0x0,0x6f,0x0,0x72,0x0,
0x20,0x0,0x70,0x0,0x65,0x0,0x72,0x0,
0x73,0x0,0x6f,0x0,0x6e,0x0,0x4d,0x0,
0x6f,0x0,0x64,0x0,0x65,0x0,0x6c,0x0,
0x0,0x0,0x0,0x0,0x0,0x0,0x0,0x0,
0xb,0x0,0x0,0x0,0x64,0x0,0x65,0x0,
0x76,0x0,0x69,0x0,0x63,0x0,0x65,0x0,
0x4d,0x0,0x6f,0x0,0x64,0x0,0x65,0x0,
0x6c,0x0,0x0,0x0,0x0,0x0,0x0,0x0,
0x1a,0x0,0x0,0x0,0x65,0x0,0x78,0x0,
0x70,0x0,0x72,0x0,0x65,0x0,0x73,0x0,
0x73,0x0,0x69,0x0,0x6f,0x0,0x6e,0x0,
0x20,0x0,0x66,0x0,0x6f,0x0,0x72,0x0,
0x20,0x0,0x64,0x0,0x65,0x0,0x76,0x0,
0x69,0x0,0x63,0x0,0x65,0x0,0x4d,0x0,
0x6f,0x0,0x64,0x0,0x65,0x0,0x6c,0x0,
0x0,0x0,0x0,0x0,0x0,0x0,0x0,0x0,
0xf,0x0,0x0,0x0,0x61,0x0,0x74,0x0,
0x74,0x0,0x65,0x0,0x6e,0x0,0x64,0x0,
0x61,0x0,0x6e,0x0,0x63,0x0,0x65,0x0,
0x4d,0x0,0x6f,0x0,0x64,0x0,0x65,0x0,
0x6c,0x0,0x0,0x0,0x0,0x0,0x0,0x0,
0x1e,0x0,0x0,0x0,0x65,0x0,0x78,0x0,
0x70,0x0,0x72,0x0,0x65,0x0,0x73,0x0,
0x73,0x0,0x69,0x0,0x6f,0x0,0x6e,0x0,
0x20,0x0,0x66,0x0,0x6f,0x0,0x72,0x0,
0x20,0x0,0x61,0x0,0x74,0x0,0x74,0x0,
0x65,0x0,0x6e,0x0,0x64,0x0,0x61,0x0,
0x6e,0x0,0x63,0x0,0x65,0x0,0x4d,0x0,
0x6f,0x0,0x64,0x0,0x65,0x0,0x6c,0x0,
0x0,0x0,0x0,0x0,0x0,0x0,0x0,0x0,
0x9,0x0,0x0,0x0,0x66,0x0,0x61,0x0,
0x63,0x0,0x65,0x0,0x4d,0x0,0x6f,0x0,
0x64,0x0,0x65,0x0,0x6c,0x0,0x0,0x0,
0x18,0x0,0x0,0x0,0x65,0x0,0x78,0x0,
0x70,0x0,0x72,0x0,0x65,0x0,0x73,0x0,
0x73,0x0,0x69,0x0,0x6f,0x0,0x6e,0x0,
0x20,0x0,0x66,0x0,0x6f,0x0,0x72,0x0,
0x20,0x0,0x66,0x0,0x61,0x0,0x63,0x0,
0x65,0x0,0x4d,0x0,0x6f,0x0,0x64,0x0,
0x65,0x0,0x6c,0x0,0x0,0x0,0x0,0x0,
0xe,0x0,0x0,0x0,0x73,0x0,0x65,0x0,
0x6c,0x0,0x65,0x0,0x63,0x0,0x74,0x0,
0x65,0x0,0x64,0x0,0x50,0x0,0x65,0x0,
0x72,0x0,0x73,0x0,0x6f,0x0,0x6e,0x0,
0x0,0x0,0x0,0x0,0x0,0x0,0x0,0x0,
0xe,0x0,0x0,0x0,0x73,0x0,0x65,0x0,
0x6c,0x0,0x65,0x0,0x63,0x0,0x74,0x0,
0x65,0x0,0x64,0x0,0x44,0x0,0x65,0x0,
0x76,0x0,0x69,0x0,0x63,0x0,0x65,0x0,
0x0,0x0,0x0,0x0,0x0,0x0,0x0,0x0,
0x10,0x0,0x0,0x0,0x73,0x0,0x65,0x0,
0x6c,0x0,0x65,0x0,0x63,0x0,0x74,0x0,
0x65,0x0,0x64,0x0,0x46,0x0,0x61,0x0,
0x63,0x0,0x65,0x0,0x44,0x0,0x61,0x0,
0x74,0x0,0x61,0x0,0x0,0x0,0x0,0x0,
0x9,0x0,0x0,0x0,0x61,0x0,0x70,0x0,
0x70,0x0,0x65,0x0,0x6e,0x0,0x64,0x0,
0x4c,0x0,0x6f,0x0,0x67,0x0,0x0,0x0,
0x7,0x0,0x0,0x0,0x6d,0x0,0x65,0x0,
0x73,0x0,0x73,0x0,0x61,0x0,0x67,0x0,
0x65,0x0,0x0,0x0,0x0,0x0,0x0,0x0,
0xd,0x0,0x0,0x0,0x72,0x0,0x65,0x0,
0x6d,0x0,0x65,0x0,0x6d,0x0,0x62,0x0,
0x65,0x0,0x72,0x0,0x45,0x0,0x72,0x0,
0x72,0x0,0x6f,0x0,0x72,0x0,0x0,0x0,
0x9,0x0,0x0,0x0,0x6c,0x0,0x6f,0x0,
0x67,0x0,0x52,0x0,0x65,0x0,0x73,0x0,
0x75,0x0,0x6c,0x0,0x74,0x0,0x0,0x0,
0x4,0x0,0x0,0x0,0x6e,0x0,0x61,0x0,
0x6d,0x0,0x65,0x0,0x0,0x0,0x0,0x0,
0x2,0x0,0x0,0x0,0x6f,0x0,0x6b,0x0,
0x0,0x0,0x0,0x0,0x0,0x0,0x0,0x0,
0x6,0x0,0x0,0x0,0x64,0x0,0x65,0x0,
0x74,0x0,0x61,0x0,0x69,0x0,0x6c,0x0,
0x0,0x0,0x0,0x0,0x0,0x0,0x0,0x0,
0xe,0x0,0x0,0x0,0x70,0x0,0x61,0x0,
0x72,0x0,0x73,0x0,0x65,0x0,0x49,0x0,
0x6e,0x0,0x74,0x0,0x4f,0x0,0x72,0x0,
0x5a,0x0,0x65,0x0,0x72,0x0,0x6f,0x0,
0x0,0x0,0x0,0x0,0x0,0x0,0x0,0x0,
0xd,0x0,0x0,0x0,0x70,0x0,0x61,0x0,
0x72,0x0,0x73,0x0,0x65,0x0,0x44,0x0,
0x61,0x0,0x74,0x0,0x65,0x0,0x54,0x0,
0x69,0x0,0x6d,0x0,0x65,0x0,0x0,0x0,
0x9,0x0,0x0,0x0,0x70,0x0,0x61,0x0,
0x72,0x0,0x73,0x0,0x65,0x0,0x44,0x0,
0x61,0x0,0x74,0x0,0x65,0x0,0x0,0x0,
0xa,0x0,0x0,0x0,0x6d,0x0,0x61,0x0,
0x73,0x0,0x6b,0x0,0x53,0x0,0x65,0x0,
0x63,0x0,0x72,0x0,0x65,0x0,0x74,0x0,
0x0,0x0,0x0,0x0,0x0,0x0,0x0,0x0,
0x8,0x0,0x0,0x0,0x6a,0x0,0x73,0x0,
0x6f,0x0,0x6e,0x0,0x54,0x0,0x65,0x0,
0x78,0x0,0x74,0x0,0x0,0x0,0x0,0x0,
0x5,0x0,0x0,0x0,0x76,0x0,0x61,0x0,
0x6c,0x0,0x75,0x0,0x65,0x0,0x0,0x0,
0xe,0x0,0x0,0x0,0x64,0x0,0x65,0x0,
0x73,0x0,0x63,0x0,0x72,0x0,0x69,0x0,
0x62,0x0,0x65,0x0,0x50,0x0,0x65,0x0,
0x72,0x0,0x73,0x0,0x6f,0x0,0x6e,0x0,
0x0,0x0,0x0,0x0,0x0,0x0,0x0,0x0,
0x6,0x0,0x0,0x0,0x70,0x0,0x65,0x0,
0x72,0x0,0x73,0x0,0x6f,0x0,0x6e,0x0,
0x0,0x0,0x0,0x0,0x0,0x0,0x0,0x0,
0xe,0x0,0x0,0x0,0x64,0x0,0x65,0x0,
0x73,0x0,0x63,0x0,0x72,0x0,0x69,0x0,
0x62,0x0,0x65,0x0,0x44,0x0,0x65,0x0,
0x76,0x0,0x69,0x0,0x63,0x0,0x65,0x0,
0x0,0x0,0x0,0x0,0x0,0x0,0x0,0x0,
0x6,0x0,0x0,0x0,0x64,0x0,0x65,0x0,
0x76,0x0,0x69,0x0,0x63,0x0,0x65,0x0,
0x0,0x0,0x0,0x0,0x0,0x0,0x0,0x0,
0xe,0x0,0x0,0x0,0x64,0x0,0x65,0x0,
0x73,0x0,0x63,0x0,0x72,0x0,0x69,0x0,
0x62,0x0,0x65,0x0,0x52,0x0,0x65,0x0,
0x63,0x0,0x6f,0x0,0x72,0x0,0x64,0x0,
0x0,0x0,0x0,0x0,0x0,0x0,0x0,0x0,
0x6,0x0,0x0,0x0,0x72,0x0,0x65,0x0,
0x63,0x0,0x6f,0x0,0x72,0x0,0x64,0x0,
0x0,0x0,0x0,0x0,0x0,0x0,0x0,0x0,
0x10,0x0,0x0,0x0,0x64,0x0,0x65,0x0,
0x73,0x0,0x63,0x0,0x72,0x0,0x69,0x0,
0x62,0x0,0x65,0x0,0x46,0x0,0x61,0x0,
0x63,0x0,0x65,0x0,0x44,0x0,0x61,0x0,
0x74,0x0,0x61,0x0,0x0,0x0,0x0,0x0,
0x8,0x0,0x0,0x0,0x66,0x0,0x61,0x0,
0x63,0x0,0x65,0x0,0x44,0x0,0x61,0x0,
0x74,0x0,0x61,0x0,0x0,0x0,0x0,0x0,
0xe,0x0,0x0,0x0,0x72,0x0,0x65,0x0,
0x66,0x0,0x72,0x0,0x65,0x0,0x73,0x0,
0x68,0x0,0x50,0x0,0x65,0x0,0x72,0x0,
0x73,0x0,0x6f,0x0,0x6e,0x0,0x73,0x0,
0x0,0x0,0x0,0x0,0x0,0x0,0x0,0x0,
0xe,0x0,0x0,0x0,0x72,0x0,0x65,0x0,
0x66,0x0,0x72,0x0,0x65,0x0,0x73,0x0,
0x68,0x0,0x44,0x0,0x65,0x0,0x76,0x0,
0x69,0x0,0x63,0x0,0x65,0x0,0x73,0x0,
0x0,0x0,0x0,0x0,0x0,0x0,0x0,0x0,
0xc,0x0,0x0,0x0,0x72,0x0,0x65,0x0,
0x66,0x0,0x72,0x0,0x65,0x0,0x73,0x0,
0x68,0x0,0x46,0x0,0x61,0x0,0x63,0x0,
0x65,0x0,0x73,0x0,0x0,0x0,0x0,0x0,
0x9,0x0,0x0,0x0,0x43,0x0,0x6f,0x0,
0x6d,0x0,0x70,0x0,0x6f,0x0,0x6e,0x0,
0x65,0x0,0x6e,0x0,0x74,0x0,0x0,0x0,
0xb,0x0,0x0,0x0,0x6f,0x0,0x6e,0x0,
0x43,0x0,0x6f,0x0,0x6d,0x0,0x70,0x0,
0x6c,0x0,0x65,0x0,0x74,0x0,0x65,0x0,
0x64,0x0,0x0,0x0,0x0,0x0,0x0,0x0,
0x1a,0x0,0x0,0x0,0x65,0x0,0x78,0x0,
0x70,0x0,0x72,0x0,0x65,0x0,0x73,0x0,
0x73,0x0,0x69,0x0,0x6f,0x0,0x6e,0x0,
0x20,0x0,0x66,0x0,0x6f,0x0,0x72,0x0,
0x20,0x0,0x6f,0x0,0x6e,0x0,0x43,0x0,
0x6f,0x0,0x6d,0x0,0x70,0x0,0x6c,0x0,
0x65,0x0,0x74,0x0,0x65,0x0,0x64,0x0,
0x0,0x0,0x0,0x0,0x0,0x0,0x0,0x0,
0xb,0x0,0x0,0x0,0x43,0x0,0x6f,0x0,
0x6e,0x0,0x6e,0x0,0x65,0x0,0x63,0x0,
0x74,0x0,0x69,0x0,0x6f,0x0,0x6e,0x0,
0x73,0x0,0x0,0x0,0x0,0x0,0x0,0x0,
0x6,0x0,0x0,0x0,0x74,0x0,0x61,0x0,
0x72,0x0,0x67,0x0,0x65,0x0,0x74,0x0,
0x0,0x0,0x0,0x0,0x0,0x0,0x0,0x0,
0x15,0x0,0x0,0x0,0x65,0x0,0x78,0x0,
0x70,0x0,0x72,0x0,0x65,0x0,0x73,0x0,
0x73,0x0,0x69,0x0,0x6f,0x0,0x6e,0x0,
0x20,0x0,0x66,0x0,0x6f,0x0,0x72,0x0,
0x20,0x0,0x74,0x0,0x61,0x0,0x72,0x0,
0x67,0x0,0x65,0x0,0x74,0x0,0x0,0x0,
0x12,0x0,0x0,0x0,0x6f,0x0,0x6e,0x0,
0x4c,0x0,0x61,0x0,0x73,0x0,0x74,0x0,
0x45,0x0,0x72,0x0,0x72,0x0,0x6f,0x0,
0x72,0x0,0x43,0x0,0x68,0x0,0x61,0x0,
0x6e,0x0,0x67,0x0,0x65,0x0,0x64,0x0,
0x0,0x0,0x0,0x0,0x0,0x0,0x0,0x0,
0x11,0x0,0x0,0x0,0x6f,0x0,0x6e,0x0,
0x43,0x0,0x6c,0x0,0x69,0x0,0x65,0x0,
0x6e,0x0,0x74,0x0,0x43,0x0,0x6f,0x0,
0x6e,0x0,0x6e,0x0,0x65,0x0,0x63,0x0,
0x74,0x0,0x65,0x0,0x64,0x0,0x0,0x0,
0x8,0x0,0x0,0x0,0x64,0x0,0x65,0x0,
0x76,0x0,0x69,0x0,0x63,0x0,0x65,0x0,
0x49,0x0,0x64,0x0,0x0,0x0,0x0,0x0,
0x9,0x0,0x0,0x0,0x69,0x0,0x70,0x0,
0x41,0x0,0x64,0x0,0x64,0x0,0x72,0x0,
0x65,0x0,0x73,0x0,0x73,0x0,0x0,0x0,
0x14,0x0,0x0,0x0,0x6f,0x0,0x6e,0x0,
0x43,0x0,0x6c,0x0,0x69,0x0,0x65,0x0,
0x6e,0x0,0x74,0x0,0x44,0x0,0x69,0x0,
0x73,0x0,0x63,0x0,0x6f,0x0,0x6e,0x0,
0x6e,0x0,0x65,0x0,0x63,0x0,0x74,0x0,
0x65,0x0,0x64,0x0,0x0,0x0,0x0,0x0,
0x1a,0x0,0x0,0x0,0x6f,0x0,0x6e,0x0,
0x41,0x0,0x74,0x0,0x74,0x0,0x65,0x0,
0x6e,0x0,0x64,0x0,0x61,0x0,0x6e,0x0,
0x63,0x0,0x65,0x0,0x52,0x0,0x65,0x0,
0x63,0x0,0x6f,0x0,0x72,0x0,0x64,0x0,
0x52,0x0,0x65,0x0,0x63,0x0,0x65,0x0,
0x69,0x0,0x76,0x0,0x65,0x0,0x64,0x0,
0x0,0x0,0x0,0x0,0x0,0x0,0x0,0x0,
0x16,0x0,0x0,0x0,0x6f,0x0,0x6e,0x0,
0x44,0x0,0x65,0x0,0x76,0x0,0x69,0x0,
0x63,0x0,0x65,0x0,0x53,0x0,0x74,0x0,
0x61,0x0,0x74,0x0,0x75,0x0,0x73,0x0,
0x52,0x0,0x65,0x0,0x63,0x0,0x65,0x0,
0x69,0x0,0x76,0x0,0x65,0x0,0x64,0x0,
0x0,0x0,0x0,0x0,0x0,0x0,0x0,0x0,
0x6,0x0,0x0,0x0,0x73,0x0,0x74,0x0,
0x61,0x0,0x74,0x0,0x75,0x0,0x73,0x0,
0x0,0x0,0x0,0x0,0x0,0x0,0x0,0x0,
0xf,0x0,0x0,0x0,0x6f,0x0,0x6e,0x0,
0x53,0x0,0x79,0x0,0x6e,0x0,0x63,0x0,
0x52,0x0,0x65,0x0,0x71,0x0,0x75,0x0,
0x65,0x0,0x73,0x0,0x74,0x0,0x65,0x0,
0x64,0x0,0x0,0x0,0x0,0x0,0x0,0x0,
0xf,0x0,0x0,0x0,0x6f,0x0,0x6e,0x0,
0x45,0x0,0x72,0x0,0x72,0x0,0x6f,0x0,
0x72,0x0,0x4f,0x0,0x63,0x0,0x63,0x0,
0x75,0x0,0x72,0x0,0x72,0x0,0x65,0x0,
0x64,0x0,0x0,0x0,0x0,0x0,0x0,0x0,
0xb,0x0,0x0,0x0,0x65,0x0,0x72,0x0,
0x72,0x0,0x6f,0x0,0x72,0x0,0x53,0x0,
0x74,0x0,0x72,0x0,0x69,0x0,0x6e,0x0,
0x67,0x0,0x0,0x0,0x0,0x0,0x0,0x0,
0x12,0x0,0x0,0x0,0x6f,0x0,0x6e,0x0,
0x49,0x0,0x73,0x0,0x52,0x0,0x75,0x0,
0x6e,0x0,0x6e,0x0,0x69,0x0,0x6e,0x0,
0x67,0x0,0x43,0x0,0x68,0x0,0x61,0x0,
0x6e,0x0,0x67,0x0,0x65,0x0,0x64,0x0,
0x0,0x0,0x0,0x0,0x0,0x0,0x0,0x0,
0x14,0x0,0x0,0x0,0x6f,0x0,0x6e,0x0,
0x43,0x0,0x6c,0x0,0x69,0x0,0x65,0x0,
0x6e,0x0,0x74,0x0,0x43,0x0,0x6f,0x0,
0x75,0x0,0x6e,0x0,0x74,0x0,0x43,0x0,
0x68,0x0,0x61,0x0,0x6e,0x0,0x67,0x0,
0x65,0x0,0x64,0x0,0x0,0x0,0x0,0x0,
0x18,0x0,0x0,0x0,0x6f,0x0,0x6e,0x0,
0x43,0x0,0x6f,0x0,0x6e,0x0,0x6e,0x0,
0x65,0x0,0x63,0x0,0x74,0x0,0x69,0x0,
0x6f,0x0,0x6e,0x0,0x53,0x0,0x74,0x0,
0x61,0x0,0x74,0x0,0x65,0x0,0x43,0x0,
0x68,0x0,0x61,0x0,0x6e,0x0,0x67,0x0,
0x65,0x0,0x64,0x0,0x0,0x0,0x0,0x0,
0xd,0x0,0x0,0x0,0x6f,0x0,0x6e,0x0,
0x50,0x0,0x65,0x0,0x72,0x0,0x73,0x0,
0x6f,0x0,0x6e,0x0,0x41,0x0,0x64,0x0,
0x64,0x0,0x65,0x0,0x64,0x0,0x0,0x0,
0x2,0x0,0x0,0x0,0x69,0x0,0x64,0x0,
0x0,0x0,0x0,0x0,0x0,0x0,0x0,0x0,
0xf,0x0,0x0,0x0,0x6f,0x0,0x6e,0x0,
0x50,0x0,0x65,0x0,0x72,0x0,0x73,0x0,
0x6f,0x0,0x6e,0x0,0x55,0x0,0x70,0x0,
0x64,0x0,0x61,0x0,0x74,0x0,0x65,0x0,
0x64,0x0,0x0,0x0,0x0,0x0,0x0,0x0,
0xf,0x0,0x0,0x0,0x6f,0x0,0x6e,0x0,
0x50,0x0,0x65,0x0,0x72,0x0,0x73,0x0,
0x6f,0x0,0x6e,0x0,0x44,0x0,0x65,0x0,
0x6c,0x0,0x65,0x0,0x74,0x0,0x65,0x0,
0x64,0x0,0x0,0x0,0x0,0x0,0x0,0x0,
0x17,0x0,0x0,0x0,0x6f,0x0,0x6e,0x0,
0x41,0x0,0x74,0x0,0x74,0x0,0x65,0x0,
0x6e,0x0,0x64,0x0,0x61,0x0,0x6e,0x0,
0x63,0x0,0x65,0x0,0x52,0x0,0x65,0x0,
0x63,0x0,0x6f,0x0,0x72,0x0,0x64,0x0,
0x41,0x0,0x64,0x0,0x64,0x0,0x65,0x0,
0x64,0x0,0x0,0x0,0x0,0x0,0x0,0x0,
0x15,0x0,0x0,0x0,0x6f,0x0,0x6e,0x0,
0x44,0x0,0x65,0x0,0x76,0x0,0x69,0x0,
0x63,0x0,0x65,0x0,0x53,0x0,0x74,0x0,
0x61,0x0,0x74,0x0,0x75,0x0,0x73,0x0,
0x43,0x0,0x68,0x0,0x61,0x0,0x6e,0x0,
0x67,0x0,0x65,0x0,0x64,0x0,0x0,0x0,
0xf,0x0,0x0,0x0,0x6f,0x0,0x6e,0x0,
0x46,0x0,0x61,0x0,0x63,0x0,0x65,0x0,
0x44,0x0,0x61,0x0,0x74,0x0,0x61,0x0,
0x41,0x0,0x64,0x0,0x64,0x0,0x65,0x0,
0x64,0x0,0x0,0x0,0x0,0x0,0x0,0x0,
0x8,0x0,0x0,0x0,0x70,0x0,0x65,0x0,
0x72,0x0,0x73,0x0,0x6f,0x0,0x6e,0x0,
0x49,0x0,0x64,0x0,0x0,0x0,0x0,0x0,
0x11,0x0,0x0,0x0,0x6f,0x0,0x6e,0x0,
0x46,0x0,0x61,0x0,0x63,0x0,0x65,0x0,
0x44,0x0,0x61,0x0,0x74,0x0,0x61,0x0,
0x55,0x0,0x70,0x0,0x64,0x0,0x61,0x0,
0x74,0x0,0x65,0x0,0x64,0x0,0x0,0x0,
0x11,0x0,0x0,0x0,0x6f,0x0,0x6e,0x0,
0x46,0x0,0x61,0x0,0x63,0x0,0x65,0x0,
0x44,0x0,0x61,0x0,0x74,0x0,0x61,0x0,
0x44,0x0,0x65,0x0,0x6c,0x0,0x65,0x0,
0x74,0x0,0x65,0x0,0x64,0x0,0x0,0x0,
0x9,0x0,0x0,0x0,0x53,0x0,0x70,0x0,
0x6c,0x0,0x69,0x0,0x74,0x0,0x56,0x0,
0x69,0x0,0x65,0x0,0x77,0x0,0x0,0x0,
0x7,0x0,0x0,0x0,0x61,0x0,0x6e,0x0,
0x63,0x0,0x68,0x0,0x6f,0x0,0x72,0x0,
0x73,0x0,0x0,0x0,0x0,0x0,0x0,0x0,
0x4,0x0,0x0,0x0,0x66,0x0,0x69,0x0,
0x6c,0x0,0x6c,0x0,0x0,0x0,0x0,0x0,
0x13,0x0,0x0,0x0,0x65,0x0,0x78,0x0,
0x70,0x0,0x72,0x0,0x65,0x0,0x73,0x0,
0x73,0x0,0x69,0x0,0x6f,0x0,0x6e,0x0,
0x20,0x0,0x66,0x0,0x6f,0x0,0x72,0x0,
0x20,0x0,0x66,0x0,0x69,0x0,0x6c,0x0,
0x6c,0x0,0x0,0x0,0x0,0x0,0x0,0x0,
0xb,0x0,0x0,0x0,0x6f,0x0,0x72,0x0,
0x69,0x0,0x65,0x0,0x6e,0x0,0x74,0x0,
0x61,0x0,0x74,0x0,0x69,0x0,0x6f,0x0,
0x6e,0x0,0x0,0x0,0x0,0x0,0x0,0x0,
0x1a,0x0,0x0,0x0,0x65,0x0,0x78,0x0,
0x70,0x0,0x72,0x0,0x65,0x0,0x73,0x0,
0x73,0x0,0x69,0x0,0x6f,0x0,0x6e,0x0,
0x20,0x0,0x66,0x0,0x6f,0x0,0x72,0x0,
0x20,0x0,0x6f,0x0,0x72,0x0,0x69,0x0,
0x65,0x0,0x6e,0x0,0x74,0x0,0x61,0x0,
0x74,0x0,0x69,0x0,0x6f,0x0,0x6e,0x0,
0x0,0x0,0x0,0x0,0x0,0x0,0x0,0x0,
0x9,0x0,0x0,0x0,0x52,0x0,0x65,0x0,
0x63,0x0,0x74,0x0,0x61,0x0,0x6e,0x0,
0x67,0x0,0x6c,0x0,0x65,0x0,0x0,0x0,
0x9,0x0,0x0,0x0,0x66,0x0,0x69,0x0,
0x6c,0x0,0x6c,0x0,0x57,0x0,0x69,0x0,
0x64,0x0,0x74,0x0,0x68,0x0,0x0,0x0,
0xe,0x0,0x0,0x0,0x70,0x0,0x72,0x0,
0x65,0x0,0x66,0x0,0x65,0x0,0x72,0x0,
0x72,0x0,0x65,0x0,0x64,0x0,0x57,0x0,
0x69,0x0,0x64,0x0,0x74,0x0,0x68,0x0,
0x0,0x0,0x0,0x0,0x0,0x0,0x0,0x0,
0x5,0x0,0x0,0x0,0x63,0x0,0x6f,0x0,
0x6c,0x0,0x6f,0x0,0x72,0x0,0x0,0x0,
0xb,0x0,0x0,0x0,0x74,0x0,0x72,0x0,
0x61,0x0,0x6e,0x0,0x73,0x0,0x70,0x0,
0x61,0x0,0x72,0x0,0x65,0x0,0x6e,0x0,
0x74,0x0,0x0,0x0,0x0,0x0,0x0,0x0,
0xc,0x0,0x0,0x0,0x43,0x0,0x6f,0x0,
0x6c,0x0,0x75,0x0,0x6d,0x0,0x6e,0x0,
0x4c,0x0,0x61,0x0,0x79,0x0,0x6f,0x0,
0x75,0x0,0x74,0x0,0x0,0x0,0x0,0x0,
0x7,0x0,0x0,0x0,0x6d,0x0,0x61,0x0,
0x72,0x0,0x67,0x0,0x69,0x0,0x6e,0x0,
0x73,0x0,0x0,0x0,0x0,0x0,0x0,0x0,
0x7,0x0,0x0,0x0,0x73,0x0,0x70,0x0,
0x61,0x0,0x63,0x0,0x69,0x0,0x6e,0x0,
0x67,0x0,0x0,0x0,0x0,0x0,0x0,0x0,
0x8,0x0,0x0,0x0,0x47,0x0,0x72,0x0,
0x6f,0x0,0x75,0x0,0x70,0x0,0x42,0x0,
0x6f,0x0,0x78,0x0,0x0,0x0,0x0,0x0,
0x4,0x0,0x0,0x0,0xd0,0x8f,0x4c,0x88,
0xb6,0x72,0x1,0x60,0x0,0x0,0x0,0x0,
0x6,0x0,0x0,0x0,0x4c,0x0,0x61,0x0,
0x79,0x0,0x6f,0x0,0x75,0x0,0x74,0x0,
0x0,0x0,0x0,0x0,0x0,0x0,0x0,0x0,
0xa,0x0,0x0,0x0,0x47,0x0,0x72,0x0,
0x69,0x0,0x64,0x0,0x4c,0x0,0x61,0x0,
0x79,0x0,0x6f,0x0,0x75,0x0,0x74,0x0,
0x0,0x0,0x0,0x0,0x0,0x0,0x0,0x0,
0x7,0x0,0x0,0x0,0x63,0x0,0x6f,0x0,
0x6c,0x0,0x75,0x0,0x6d,0x0,0x6e,0x0,
0x73,0x0,0x0,0x0,0x0,0x0,0x0,0x0,
0xd,0x0,0x0,0x0,0x63,0x0,0x6f,0x0,
0x6c,0x0,0x75,0x0,0x6d,0x0,0x6e,0x0,
0x53,0x0,0x70,0x0,0x61,0x0,0x63,0x0,
0x69,0x0,0x6e,0x0,0x67,0x0,0x0,0x0,
0xa,0x0,0x0,0x0,0x72,0x0,0x6f,0x0,
0x77,0x0,0x53,0x0,0x70,0x0,0x61,0x0,
0x63,0x0,0x69,0x0,0x6e,0x0,0x67,0x0,
0x0,0x0,0x0,0x0,0x0,0x0,0x0,0x0,
0x5,0x0,0x0,0x0,0x4c,0x0,0x61,0x0,
0x62,0x0,0x65,0x0,0x6c,0x0,0x0,0x0,
0x3,0x0,0x0,0x0,0x70,0x65,0x6e,0x63,
0x93,0x5e,0x0,0x0,0x0,0x0,0x0,0x0,
0x3,0x0,0x0,0x0,0x54,0x0,0x43,0x0,
0x50,0x0,0x0,0x0,0x0,0x0,0x0,0x0,
0x3,0x0,0x0,0x0,0xa2,0x5b,0x37,0x62,
0xef,0x7a,0x0,0x0,0x0,0x0,0x0,0x0,
0x4,0x0,0x0,0x0,0x0,0x67,0xe,0x54,
0xcd,0x64,0x5c,0x4f,0x0,0x0,0x0,0x0,
0x5,0x0,0x0,0x0,0x65,0x0,0x6c,0x0,
0x69,0x0,0x64,0x0,0x65,0x0,0x0,0x0,
0x14,0x0,0x0,0x0,0x65,0x0,0x78,0x0,
0x70,0x0,0x72,0x0,0x65,0x0,0x73,0x0,
0x73,0x0,0x69,0x0,0x6f,0x0,0x6e,0x0,
0x20,0x0,0x66,0x0,0x6f,0x0,0x72,0x0,
0x20,0x0,0x65,0x0,0x6c,0x0,0x69,0x0,
0x64,0x0,0x65,0x0,0x0,0x0,0x0,0x0,
0x4,0x0,0x0,0x0,0x0,0x67,0xe,0x54,
0x19,0x95,0xef,0x8b,0x0,0x0,0x0,0x0,
0xa,0x0,0x0,0x0,0x63,0x0,0x6f,0x0,
0x6c,0x0,0x75,0x0,0x6d,0x0,0x6e,0x0,
0x53,0x0,0x70,0x0,0x61,0x0,0x6e,0x0,
0x0,0x0,0x0,0x0,0x0,0x0,0x0,0x0,
0x14,0x0,0x0,0x0,0x65,0x0,0x78,0x0,
0x70,0x0,0x72,0x0,0x65,0x0,0x73,0x0,
0x73,0x0,0x69,0x0,0x6f,0x0,0x6e,0x0,
0x20,0x0,0x66,0x0,0x6f,0x0,0x72,0x0,
0x20,0x0,0x63,0x0,0x6f,0x0,0x6c,0x0,
0x6f,0x0,0x72,0x0,0x0,0x0,0x0,0x0,
0x6,0x0,0x0,0x0,0x54,0x0,0x61,0x0,
0x62,0x0,0x42,0x0,0x61,0x0,0x72,0x0,
0x0,0x0,0x0,0x0,0x0,0x0,0x0,0x0,
0x4,0x0,0x0,0x0,0x74,0x0,0x61,0x0,
0x62,0x0,0x73,0x0,0x0,0x0,0x0,0x0,
0x9,0x0,0x0,0x0,0x54,0x0,0x61,0x0,
0x62,0x0,0x42,0x0,0x75,0x0,0x74,0x0,
0x74,0x0,0x6f,0x0,0x6e,0x0,0x0,0x0,
0x2,0x0,0x0,0x0,0x82,0x69,0xc8,0x89,
0x0,0x0,0x0,0x0,0x0,0x0,0x0,0x0,
0x6,0x0,0x0,0x0,0x54,0x0,0x43,0x0,
0x50,0x0,0x2f,0x0,0x4f,0x53,0xae,0x8b,
0x0,0x0,0x0,0x0,0x0,0x0,0x0,0x0,
0x2,0x0,0x0,0x0,0xba,0x4e,0x58,0x54,
0x0,0x0,0x0,0x0,0x0,0x0,0x0,0x0,
0x2,0x0,0x0,0x0,0xbe,0x8b,0x7,0x59,
0x0,0x0,0x0,0x0,0x0,0x0,0x0,0x0,
0x2,0x0,0x0,0x0,0x3,0x80,0xe4,0x52,
0x0,0x0,0x0,0x0,0x0,0x0,0x0,0x0,
0x2,0x0,0x0,0x0,0xba,0x4e,0x38,0x81,
0x0,0x0,0x0,0x0,0x0,0x0,0x0,0x0,
0x5,0x0,0x0,0x0,0xc,0x54,0x65,0x6b,
0x2f,0x0,0xfc,0x5b,0xfa,0x51,0x0,0x0,
0x4,0x0,0x0,0x0,0xdf,0x7e,0xa1,0x8b,
0x6,0x52,0x90,0x67,0x0,0x0,0x0,0x0,
0xb,0x0,0x0,0x0,0x53,0x0,0x74,0x0,
0x61,0x0,0x63,0x0,0x6b,0x0,0x4c,0x0,
0x61,0x0,0x79,0x0,0x6f,0x0,0x75,0x0,
0x74,0x0,0x0,0x0,0x0,0x0,0x0,0x0,
0xa,0x0,0x0,0x0,0x66,0x0,0x69,0x0,
0x6c,0x0,0x6c,0x0,0x48,0x0,0x65,0x0,
0x69,0x0,0x67,0x0,0x68,0x0,0x74,0x0,
0x0,0x0,0x0,0x0,0x0,0x0,0x0,0x0,
0xc,0x0,0x0,0x0,0x63,0x0,0x75,0x0,
0x72,0x0,0x72,0x0,0x65,0x0,0x6e,0x0,
0x74,0x0,0x49,0x0,0x6e,0x0,0x64,0x0,
0x65,0x0,0x78,0x0,0x0,0x0,0x0,0x0,
0x1b,0x0,0x0,0x0,0x65,0x0,0x78,0x0,
0x70,0x0,0x72,0x0,0x65,0x0,0x73,0x0,
0x73,0x0,0x69,0x0,0x6f,0x0,0x6e,0x0,
0x20,0x0,0x66,0x0,0x6f,0x0,0x72,0x0,
0x20,0x0,0x63,0x0,0x75,0x0,0x72,0x0,
0x72,0x0,0x65,0x0,0x6e,0x0,0x74,0x0,
0x49,0x0,0x6e,0x0,0x64,0x0,0x65,0x0,
0x78,0x0,0x0,0x0,0x0,0x0,0x0,0x0,
0xa,0x0,0x0,0x0,0x53,0x0,0x63,0x0,
0x72,0x0,0x6f,0x0,0x6c,0x0,0x6c,0x0,
0x56,0x0,0x69,0x0,0x65,0x0,0x77,0x0,
0x0,0x0,0x0,0x0,0x0,0x0,0x0,0x0,
0x4,0x0,0x0,0x0,0x63,0x0,0x6c,0x0,
0x69,0x0,0x70,0x0,0x0,0x0,0x0,0x0,
0x14,0x0,0x0,0x0,0x65,0x0,0x78,0x0,
0x70,0x0,0x72,0x0,0x65,0x0,0x73,0x0,
0x73,0x0,0x69,0x0,0x6f,0x0,0x6e,0x0,
0x20,0x0,0x66,0x0,0x6f,0x0,0x72,0x0,
0x20,0x0,0x77,0x0,0x69,0x0,0x64,0x0,
0x74,0x0,0x68,0x0,0x0,0x0,0x0,0x0,
0x4,0x0,0x0,0x0,0xeb,0x5f,0x1f,0x90,
0xcd,0x64,0x5c,0x4f,0x0,0x0,0x0,0x0,
0x9,0x0,0x0,0x0,0x52,0x0,0x6f,0x0,
0x77,0x0,0x4c,0x0,0x61,0x0,0x79,0x0,
0x6f,0x0,0x75,0x0,0x74,0x0,0x0,0x0,
0x6,0x0,0x0,0x0,0x42,0x0,0x75,0x0,
0x74,0x0,0x74,0x0,0x6f,0x0,0x6e,0x0,
0x0,0x0,0x0,0x0,0x0,0x0,0x0,0x0,
0x4,0x0,0x0,0x0,0x37,0x52,0xb0,0x65,
0xba,0x4e,0x58,0x54,0x0,0x0,0x0,0x0,
0x9,0x0,0x0,0x0,0x6f,0x0,0x6e,0x0,
0x43,0x0,0x6c,0x0,0x69,0x0,0x63,0x0,
0x6b,0x0,0x65,0x0,0x64,0x0,0x0,0x0,
0x18,0x0,0x0,0x0,0x65,0x0,0x78,0x0,
0x70,0x0,0x72,0x0,0x65,0x0,0x73,0x0,
0x73,0x0,0x69,0x0,0x6f,0x0,0x6e,0x0,
0x20,0x0,0x66,0x0,0x6f,0x0,0x72,0x0,
0x20,0x0,0x6f,0x0,0x6e,0x0,0x43,0x0,
0x6c,0x0,0x69,0x0,0x63,0x0,0x6b,0x0,
0x65,0x0,0x64,0x0,0x0,0x0,0x0,0x0,
0x4,0x0,0x0,0x0,0x37,0x52,0xb0,0x65,
0xbe,0x8b,0x7,0x59,0x0,0x0,0x0,0x0,
0x5,0x0,0x0,0x0,0x37,0x52,0xb0,0x65,
0xba,0x4e,0x38,0x81,0x93,0x5e,0x0,0x0,
0x4,0x0,0x0,0x0,0x5,0x6e,0x7a,0x7a,
0x19,0x95,0xef,0x8b,0x0,0x0,0x0,0x0,
0x4,0x0,0x0,0x0,0x49,0x0,0x74,0x0,
0x65,0x0,0x6d,0x0,0x0,0x0,0x0,0x0,
0x4,0x0,0x0,0x0,0x4b,0x6d,0xd5,0x8b,
0xf4,0x8b,0xe,0x66,0x0,0x0,0x0,0x0,
0x8,0x0,0x0,0x0,0x77,0x0,0x72,0x0,
0x61,0x0,0x70,0x0,0x4d,0x0,0x6f,0x0,
0x64,0x0,0x65,0x0,0x0,0x0,0x0,0x0,
0x17,0x0,0x0,0x0,0x65,0x0,0x78,0x0,
0x70,0x0,0x72,0x0,0x65,0x0,0x73,0x0,
0x73,0x0,0x69,0x0,0x6f,0x0,0x6e,0x0,
0x20,0x0,0x66,0x0,0x6f,0x0,0x72,0x0,
0x20,0x0,0x77,0x0,0x72,0x0,0x61,0x0,
0x70,0x0,0x4d,0x0,0x6f,0x0,0x64,0x0,
0x65,0x0,0x0,0x0,0x0,0x0,0x0,0x0,
0x78,0x0,0x0,0x0,0x2c,0x67,0x4c,0x75,
0x62,0x97,0x28,0x75,0x8e,0x4e,0x4b,0x62,
0xa8,0x52,0x8c,0x9a,0xc1,0x8b,0x20,0x0,
0x41,0x0,0x74,0x0,0x74,0x0,0x65,0x0,
0x6e,0x0,0x64,0x0,0x61,0x0,0x6e,0x0,
0x63,0x0,0x65,0x0,0x53,0x0,0x65,0x0,
0x72,0x0,0x76,0x0,0x65,0x0,0x72,0x0,
0x20,0x0,0x84,0x76,0x20,0x0,0x54,0x0,
0x43,0x0,0x50,0x0,0x20,0x0,0xd,0x67,
0xa1,0x52,0x1,0x30,0x70,0x65,0x6e,0x63,
0x93,0x5e,0x20,0x0,0x43,0x0,0x52,0x0,
0x55,0x0,0x44,0x0,0x1,0x30,0x3,0x80,
0xe4,0x52,0xb0,0x8b,0x55,0x5f,0x1,0x30,
0xba,0x4e,0x38,0x81,0x79,0x72,0x81,0x5f,
0x1,0x30,0xba,0x4e,0x58,0x54,0xc,0x54,
0x65,0x6b,0x1,0x30,0x43,0x0,0x53,0x0,
0x56,0x0,0x20,0x0,0xfc,0x5b,0xfa,0x51,
0x8c,0x54,0xdf,0x7e,0xa1,0x8b,0x6,0x52,
0x90,0x67,0x2,0x30,0x0,0x97,0x81,0x89,
0x20,0x0,0x4d,0x0,0x79,0x0,0x53,0x0,
0x51,0x0,0x4c,0x0,0x20,0x0,0xef,0x53,
0xde,0x8f,0xa5,0x63,0x1,0x30,0x41,0x0,
0x72,0x0,0x63,0x0,0x46,0x0,0x61,0x0,
0x63,0x0,0x65,0x0,0x20,0x0,0x88,0x63,
0x43,0x67,0x9,0x67,0x48,0x65,0x1,0x30,
0xe5,0x4e,0xca,0x53,0x28,0x57,0xbf,0x7e,
0x3,0x80,0xe4,0x52,0xa2,0x5b,0x37,0x62,
0xef,0x7a,0xf6,0x65,0xc,0xff,0xf9,0x5b,
0x94,0x5e,0x4b,0x6d,0xd5,0x8b,0x4d,0x62,
0x1a,0x4f,0xd4,0x8f,0xde,0x56,0x10,0x62,
0x9f,0x52,0x2,0x30,0x0,0x0,0x0,0x0,
0x6,0x0,0x0,0x0,0x54,0x0,0x43,0x0,
0x50,0x0,0x20,0x0,0xd,0x67,0xa1,0x52,
0x0,0x0,0x0,0x0,0x0,0x0,0x0,0x0,
0x2,0x0,0x0,0x0,0xef,0x7a,0xe3,0x53,
0x0,0x0,0x0,0x0,0x0,0x0,0x0,0x0,
0x9,0x0,0x0,0x0,0x54,0x0,0x65,0x0,
0x78,0x0,0x74,0x0,0x46,0x0,0x69,0x0,
0x65,0x0,0x6c,0x0,0x64,0x0,0x0,0x0,
0x7,0x0,0x0,0x0,0x74,0x0,0x63,0x0,
0x70,0x0,0x50,0x0,0x6f,0x0,0x72,0x0,
0x74,0x0,0x0,0x0,0x0,0x0,0x0,0x0,
0x4,0x0,0x0,0x0,0x38,0x0,0x30,0x0,
0x38,0x0,0x30,0x0,0x0,0x0,0x0,0x0,
0x2,0x0,0x0,0x0,0x2f,0x54,0xa8,0x52,
0x0,0x0,0x0,0x0,0x0,0x0,0x0,0x0,
0x2,0x0,0x0,0x0,0x5c,0x50,0x62,0x6b,
0x0,0x0,0x0,0x0,0x0,0x0,0x0,0x0,
0xa,0x0,0x0,0x0,0x4a,0x0,0x53,0x0,
0x4f,0x0,0x4e,0x0,0x20,0x0,0x55,0x53,
0xd1,0x53,0x2f,0x0,0x7f,0x5e,0xad,0x64,
0x0,0x0,0x0,0x0,0x0,0x0,0x0,0x0,
0x5,0x0,0x0,0x0,0xbe,0x8b,0x7,0x59,
0x20,0x0,0x49,0x0,0x44,0x0,0x0,0x0,
0xf,0x0,0x0,0x0,0x74,0x0,0x63,0x0,
0x70,0x0,0x54,0x0,0x61,0x0,0x72,0x0,
0x67,0x0,0x65,0x0,0x74,0x0,0x44,0x0,
0x65,0x0,0x76,0x0,0x69,0x0,0x63,0x0,
0x65,0x0,0x0,0x0,0x0,0x0,0x0,0x0,
0x6,0x0,0x0,0x0,0x64,0x0,0x65,0x0,
0x76,0x0,0x30,0x0,0x30,0x0,0x31,0x0,
0x0,0x0,0x0,0x0,0x0,0x0,0x0,0x0,
0x5,0x0,0x0,0x0,0xd1,0x53,0x1,0x90,
0x30,0x52,0xbe,0x8b,0x7,0x59,0x0,0x0,
0x2,0x0,0x0,0x0,0x7f,0x5e,0xad,0x64,
0x0,0x0,0x0,0x0,0x0,0x0,0x0,0x0,
0x8,0x0,0x0,0x0,0x54,0x0,0x65,0x0,
0x78,0x0,0x74,0x0,0x41,0x0,0x72,0x0,
0x65,0x0,0x61,0x0,0x0,0x0,0x0,0x0,
0x7,0x0,0x0,0x0,0x74,0x0,0x63,0x0,
0x70,0x0,0x4a,0x0,0x73,0x0,0x6f,0x0,
0x6e,0x0,0x0,0x0,0x0,0x0,0x0,0x0,
0xf,0x0,0x0,0x0,0x70,0x0,0x72,0x0,
0x65,0x0,0x66,0x0,0x65,0x0,0x72,0x0,
0x72,0x0,0x65,0x0,0x64,0x0,0x48,0x0,
0x65,0x0,0x69,0x0,0x67,0x0,0x68,0x0,
0x74,0x0,0x0,0x0,0x0,0x0,0x0,0x0,
0x32,0x0,0x0,0x0,0x7b,0x0,0xa,0x0,
0x20,0x0,0x20,0x0,0x22,0x0,0x74,0x0,
0x79,0x0,0x70,0x0,0x65,0x0,0x22,0x0,
0x3a,0x0,0x20,0x0,0x22,0x0,0x70,0x0,
0x69,0x0,0x6e,0x0,0x67,0x0,0x22,0x0,
0x2c,0x0,0xa,0x0,0x20,0x0,0x20,0x0,
0x22,0x0,0x74,0x0,0x69,0x0,0x6d,0x0,
0x65,0x0,0x73,0x0,0x74,0x0,0x61,0x0,
0x6d,0x0,0x70,0x0,0x22,0x0,0x3a,0x0,
0x20,0x0,0x22,0x0,0x6d,0x0,0x61,0x0,
0x6e,0x0,0x75,0x0,0x61,0x0,0x6c,0x0,
0x2d,0x0,0x74,0x0,0x65,0x0,0x73,0x0,
0x74,0x0,0x22,0x0,0xa,0x0,0x7d,0x0,
0x0,0x0,0x0,0x0,0x0,0x0,0x0,0x0,
0x7,0x0,0x0,0x0,0xba,0x4e,0x58,0x54,
0x20,0x0,0x43,0x0,0x52,0x0,0x55,0x0,
0x44,0x0,0x0,0x0,0x0,0x0,0x0,0x0,
0x2,0x0,0x0,0x0,0x49,0x0,0x44,0x0,
0x0,0x0,0x0,0x0,0x0,0x0,0x0,0x0,
0xf,0x0,0x0,0x0,0x70,0x0,0x6c,0x0,
0x61,0x0,0x63,0x0,0x65,0x0,0x68,0x0,
0x6f,0x0,0x6c,0x0,0x64,0x0,0x65,0x0,
0x72,0x0,0x54,0x0,0x65,0x0,0x78,0x0,
0x74,0x0,0x0,0x0,0x0,0x0,0x0,0x0,
0x3,0x0,0x0,0x0,0xe5,0x67,0xe2,0x8b,
0x28,0x75,0x0,0x0,0x0,0x0,0x0,0x0,
0x2,0x0,0x0,0x0,0xd3,0x59,0xd,0x54,
0x0,0x0,0x0,0x0,0x0,0x0,0x0,0x0,
0xa,0x0,0x0,0x0,0x70,0x0,0x65,0x0,
0x72,0x0,0x73,0x0,0x6f,0x0,0x6e,0x0,
0x4e,0x0,0x61,0x0,0x6d,0x0,0x65,0x0,
0x0,0x0,0x0,0x0,0x0,0x0,0x0,0x0,
0x2,0x0,0x0,0x0,0x20,0x5f,0x9,0x4e,
0x0,0x0,0x0,0x0,0x0,0x0,0x0,0x0,
0x2,0x0,0x0,0x0,0xe5,0x5d,0xf7,0x53,
0x0,0x0,0x0,0x0,0x0,0x0,0x0,0x0,
0x10,0x0,0x0,0x0,0x70,0x0,0x65,0x0,
0x72,0x0,0x73,0x0,0x6f,0x0,0x6e,0x0,
0x45,0x0,0x6d,0x0,0x70,0x0,0x6c,0x0,
0x6f,0x0,0x79,0x0,0x65,0x0,0x65,0x0,
0x49,0x0,0x64,0x0,0x0,0x0,0x0,0x0,
0x6,0x0,0x0,0x0,0x45,0x0,0x4d,0x0,
0x50,0x0,0x30,0x0,0x30,0x0,0x31,0x0,
0x0,0x0,0x0,0x0,0x0,0x0,0x0,0x0,
0x2,0x0,0x0,0x0,0xe8,0x90,0xe8,0x95,
0x0,0x0,0x0,0x0,0x0,0x0,0x0,0x0,
0x10,0x0,0x0,0x0,0x70,0x0,0x65,0x0,
0x72,0x0,0x73,0x0,0x6f,0x0,0x6e,0x0,
0x44,0x0,0x65,0x0,0x70,0x0,0x61,0x0,
0x72,0x0,0x74,0x0,0x6d,0x0,0x65,0x0,
0x6e,0x0,0x74,0x0,0x0,0x0,0x0,0x0,
0x3,0x0,0x0,0x0,0x14,0x78,0xd1,0x53,
0xe8,0x90,0x0,0x0,0x0,0x0,0x0,0x0,
0x2,0x0,0x0,0x0,0x97,0x5c,0x4d,0x4f,
0x0,0x0,0x0,0x0,0x0,0x0,0x0,0x0,
0xe,0x0,0x0,0x0,0x70,0x0,0x65,0x0,
0x72,0x0,0x73,0x0,0x6f,0x0,0x6e,0x0,
0x50,0x0,0x6f,0x0,0x73,0x0,0x69,0x0,
0x74,0x0,0x69,0x0,0x6f,0x0,0x6e,0x0,
0x0,0x0,0x0,0x0,0x0,0x0,0x0,0x0,
0x3,0x0,0x0,0x0,0xe5,0x5d,0xb,0x7a,
0x8,0x5e,0x0,0x0,0x0,0x0,0x0,0x0,
0x2,0x0,0x0,0x0,0xb0,0x65,0x9e,0x58,
0x0,0x0,0x0,0x0,0x0,0x0,0x0,0x0,
0x2,0x0,0x0,0x0,0xee,0x4f,0x39,0x65,
0x0,0x0,0x0,0x0,0x0,0x0,0x0,0x0,
0x2,0x0,0x0,0x0,0x20,0x52,0x64,0x96,
0x0,0x0,0x0,0x0,0x0,0x0,0x0,0x0,
0x7,0x0,0x0,0x0,0x9,0x63,0x20,0x0,
0x49,0x0,0x44,0x0,0x20,0x0,0xe5,0x67,
0xe2,0x8b,0x0,0x0,0x0,0x0,0x0,0x0,
0x5,0x0,0x0,0x0,0x9,0x63,0xe5,0x5d,
0xf7,0x53,0xe5,0x67,0xe2,0x8b,0x0,0x0,
0x4,0x0,0x0,0x0,0xa0,0x52,0x7d,0x8f,
0x68,0x51,0xe8,0x90,0x0,0x0,0x0,0x0,
0x4,0x0,0x0,0x0,0xba,0x4e,0x58,0x54,
0x17,0x52,0x68,0x88,0x0,0x0,0x0,0x0,
0x8,0x0,0x0,0x0,0x4c,0x0,0x69,0x0,
0x73,0x0,0x74,0x0,0x56,0x0,0x69,0x0,
0x65,0x0,0x77,0x0,0x0,0x0,0x0,0x0,
0x5,0x0,0x0,0x0,0x6d,0x0,0x6f,0x0,
0x64,0x0,0x65,0x0,0x6c,0x0,0x0,0x0,
0x14,0x0,0x0,0x0,0x65,0x0,0x78,0x0,
0x70,0x0,0x72,0x0,0x65,0x0,0x73,0x0,
0x73,0x0,0x69,0x0,0x6f,0x0,0x6e,0x0,
0x20,0x0,0x66,0x0,0x6f,0x0,0x72,0x0,
0x20,0x0,0x6d,0x0,0x6f,0x0,0x64,0x0,
0x65,0x0,0x6c,0x0,0x0,0x0,0x0,0x0,
0xc,0x0,0x0,0x0,0x49,0x0,0x74,0x0,
0x65,0x0,0x6d,0x0,0x44,0x0,0x65,0x0,
0x6c,0x0,0x65,0x0,0x67,0x0,0x61,0x0,
0x74,0x0,0x65,0x0,0x0,0x0,0x0,0x0,
0x9,0x0,0x0,0x0,0x6d,0x0,0x6f,0x0,
0x64,0x0,0x65,0x0,0x6c,0x0,0x44,0x0,
0x61,0x0,0x74,0x0,0x61,0x0,0x0,0x0,
0x8,0x0,0x0,0x0,0x64,0x0,0x65,0x0,
0x6c,0x0,0x65,0x0,0x67,0x0,0x61,0x0,
0x74,0x0,0x65,0x0,0x0,0x0,0x0,0x0,
0x7,0x0,0x0,0x0,0xbe,0x8b,0x7,0x59,
0x20,0x0,0x43,0x0,0x52,0x0,0x55,0x0,
0x44,0x0,0x0,0x0,0x0,0x0,0x0,0x0,
0x2,0x0,0x0,0x0,0xd,0x54,0xf0,0x79,
0x0,0x0,0x0,0x0,0x0,0x0,0x0,0x0,
0xa,0x0,0x0,0x0,0x64,0x0,0x65,0x0,
0x76,0x0,0x69,0x0,0x63,0x0,0x65,0x0,
0x4e,0x0,0x61,0x0,0x6d,0x0,0x65,0x0,
0x0,0x0,0x0,0x0,0x0,0x0,0x0,0x0,
0x5,0x0,0x0,0x0,0x0,0x4e,0xf7,0x53,
0x3,0x80,0xe4,0x52,0x3a,0x67,0x0,0x0,
0x2,0x0,0x0,0x0,0x49,0x0,0x50,0x0,
0x0,0x0,0x0,0x0,0x0,0x0,0x0,0x0,
0x8,0x0,0x0,0x0,0x64,0x0,0x65,0x0,
0x76,0x0,0x69,0x0,0x63,0x0,0x65,0x0,
0x49,0x0,0x70,0x0,0x0,0x0,0x0,0x0,
0x9,0x0,0x0,0x0,0x31,0x0,0x32,0x0,
0x37,0x0,0x2e,0x0,0x30,0x0,0x2e,0x0,
0x30,0x0,0x2e,0x0,0x31,0x0,0x0,0x0,
0x2,0x0,0x0,0x0,0xb6,0x72,0x1,0x60,
0x0,0x0,0x0,0x0,0x0,0x0,0x0,0x0,
0x8,0x0,0x0,0x0,0x43,0x0,0x6f,0x0,
0x6d,0x0,0x62,0x0,0x6f,0x0,0x42,0x0,
0x6f,0x0,0x78,0x0,0x0,0x0,0x0,0x0,
0xc,0x0,0x0,0x0,0x64,0x0,0x65,0x0,
0x76,0x0,0x69,0x0,0x63,0x0,0x65,0x0,
0x53,0x0,0x74,0x0,0x61,0x0,0x74,0x0,
0x75,0x0,0x73,0x0,0x0,0x0,0x0,0x0,
0x7,0x0,0x0,0x0,0xb0,0x65,0x9e,0x58,
0x2f,0x0,0xf4,0x66,0xb0,0x65,0xbe,0x8b,
0x7,0x59,0x0,0x0,0x0,0x0,0x0,0x0,
0x4,0x0,0x0,0x0,0xf4,0x66,0xb0,0x65,
0xb6,0x72,0x1,0x60,0x0,0x0,0x0,0x0,
0x9,0x0,0x0,0x0,0x9,0x63,0xbe,0x8b,
0x7,0x59,0x20,0x0,0x49,0x0,0x44,0x0,
0x20,0x0,0xe5,0x67,0xe2,0x8b,0x0,0x0,
0x4,0x0,0x0,0x0,0xbe,0x8b,0x7,0x59,
0x17,0x52,0x68,0x88,0x0,0x0,0x0,0x0,
0x4,0x0,0x0,0x0,0x3,0x80,0xe4,0x52,
0xb0,0x8b,0x55,0x5f,0x0,0x0,0x0,0x0,
0x5,0x0,0x0,0x0,0xba,0x4e,0x58,0x54,
0x20,0x0,0x49,0x0,0x44,0x0,0x0,0x0,
0x12,0x0,0x0,0x0,0x61,0x0,0x74,0x0,
0x74,0x0,0x65,0x0,0x6e,0x0,0x64,0x0,
0x61,0x0,0x6e,0x0,0x63,0x0,0x65,0x0,
0x50,0x0,0x65,0x0,0x72,0x0,0x73,0x0,
0x6f,0x0,0x6e,0x0,0x49,0x0,0x64,0x0,
0x0,0x0,0x0,0x0,0x0,0x0,0x0,0x0,
0x1,0x0,0x0,0x0,0x31,0x0,0x0,0x0,
0x4,0x0,0x0,0x0,0x53,0x62,0x61,0x53,
0xf6,0x65,0xf4,0x95,0x0,0x0,0x0,0x0,
0x13,0x0,0x0,0x0,0x61,0x0,0x74,0x0,
0x74,0x0,0x65,0x0,0x6e,0x0,0x64,0x0,
0x61,0x0,0x6e,0x0,0x63,0x0,0x65,0x0,
0x43,0x0,0x68,0x0,0x65,0x0,0x63,0x0,
0x6b,0x0,0x54,0x0,0x69,0x0,0x6d,0x0,
0x65,0x0,0x0,0x0,0x0,0x0,0x0,0x0,
0x12,0x0,0x0,0x0,0x61,0x0,0x74,0x0,
0x74,0x0,0x65,0x0,0x6e,0x0,0x64,0x0,
0x61,0x0,0x6e,0x0,0x63,0x0,0x65,0x0,
0x44,0x0,0x65,0x0,0x76,0x0,0x69,0x0,
0x63,0x0,0x65,0x0,0x49,0x0,0x64,0x0,
0x0,0x0,0x0,0x0,0x0,0x0,0x0,0x0,
0x10,0x0,0x0,0x0,0x61,0x0,0x74,0x0,
0x74,0x0,0x65,0x0,0x6e,0x0,0x64,0x0,
0x61,0x0,0x6e,0x0,0x63,0x0,0x65,0x0,
0x53,0x0,0x74,0x0,0x61,0x0,0x74,0x0,
0x75,0x0,0x73,0x0,0x0,0x0,0x0,0x0,
0x2,0x0,0x0,0x0,0x0,0x5f,0xcb,0x59,
0x0,0x0,0x0,0x0,0x0,0x0,0x0,0x0,
0xf,0x0,0x0,0x0,0x61,0x0,0x74,0x0,
0x74,0x0,0x65,0x0,0x6e,0x0,0x64,0x0,
0x61,0x0,0x6e,0x0,0x63,0x0,0x65,0x0,
0x53,0x0,0x74,0x0,0x61,0x0,0x72,0x0,
0x74,0x0,0x0,0x0,0x0,0x0,0x0,0x0,
0x13,0x0,0x0,0x0,0x32,0x0,0x30,0x0,
0x32,0x0,0x36,0x0,0x2d,0x0,0x30,0x0,
0x34,0x0,0x2d,0x0,0x30,0x0,0x31,0x0,
0x20,0x0,0x30,0x0,0x30,0x0,0x3a,0x0,
0x30,0x0,0x30,0x0,0x3a,0x0,0x30,0x0,
0x30,0x0,0x0,0x0,0x0,0x0,0x0,0x0,
0x2,0x0,0x0,0x0,0xd3,0x7e,0x5f,0x67,
0x0,0x0,0x0,0x0,0x0,0x0,0x0,0x0,
0xd,0x0,0x0,0x0,0x61,0x0,0x74,0x0,
0x74,0x0,0x65,0x0,0x6e,0x0,0x64,0x0,
0x61,0x0,0x6e,0x0,0x63,0x0,0x65,0x0,
0x45,0x0,0x6e,0x0,0x64,0x0,0x0,0x0,
0x13,0x0,0x0,0x0,0x32,0x0,0x30,0x0,
0x32,0x0,0x36,0x0,0x2d,0x0,0x30,0x0,
0x34,0x0,0x2d,0x0,0x33,0x0,0x30,0x0,
0x20,0x0,0x32,0x0,0x33,0x0,0x3a,0x0,
0x35,0x0,0x39,0x0,0x3a,0x0,0x35,0x0,
0x39,0x0,0x0,0x0,0x0,0x0,0x0,0x0,
0x4,0x0,0x0,0x0,0xb0,0x65,0x9e,0x58,
0xb0,0x8b,0x55,0x5f,0x0,0x0,0x0,0x0,
0x5,0x0,0x0,0x0,0x9,0x63,0xf6,0x65,
0xf4,0x95,0xe5,0x67,0xe2,0x8b,0x0,0x0,
0x5,0x0,0x0,0x0,0x9,0x63,0xba,0x4e,
0x58,0x54,0xe5,0x67,0xe2,0x8b,0x0,0x0,
0x4,0x0,0x0,0x0,0x3,0x80,0xe4,0x52,
0x17,0x52,0x68,0x88,0x0,0x0,0x0,0x0,
0xd,0x0,0x0,0x0,0x41,0x0,0x72,0x0,
0x63,0x0,0x46,0x0,0x61,0x0,0x63,0x0,
0x65,0x0,0x20,0x0,0x15,0x5f,0xce,0x64,
0xe,0x4e,0x79,0x72,0x81,0x5f,0x0,0x0,
0x5,0x0,0x0,0x0,0x41,0x0,0x70,0x0,
0x70,0x0,0x49,0x0,0x64,0x0,0x0,0x0,
0x9,0x0,0x0,0x0,0x66,0x0,0x61,0x0,
0x63,0x0,0x65,0x0,0x41,0x0,0x70,0x0,
0x70,0x0,0x49,0x0,0x64,0x0,0x0,0x0,
0x6,0x0,0x0,0x0,0x53,0x0,0x64,0x0,
0x6b,0x0,0x4b,0x0,0x65,0x0,0x79,0x0,
0x0,0x0,0x0,0x0,0x0,0x0,0x0,0x0,
0xa,0x0,0x0,0x0,0x66,0x0,0x61,0x0,
0x63,0x0,0x65,0x0,0x53,0x0,0x64,0x0,
0x6b,0x0,0x4b,0x0,0x65,0x0,0x79,0x0,
0x0,0x0,0x0,0x0,0x0,0x0,0x0,0x0,
0x8,0x0,0x0,0x0,0x65,0x0,0x63,0x0,
0x68,0x0,0x6f,0x0,0x4d,0x0,0x6f,0x0,
0x64,0x0,0x65,0x0,0x0,0x0,0x0,0x0,
0x17,0x0,0x0,0x0,0x65,0x0,0x78,0x0,
0x70,0x0,0x72,0x0,0x65,0x0,0x73,0x0,
0x73,0x0,0x69,0x0,0x6f,0x0,0x6e,0x0,
0x20,0x0,0x66,0x0,0x6f,0x0,0x72,0x0,
0x20,0x0,0x65,0x0,0x63,0x0,0x68,0x0,
0x6f,0x0,0x4d,0x0,0x6f,0x0,0x64,0x0,
0x65,0x0,0x0,0x0,0x0,0x0,0x0,0x0,
0x3,0x0,0x0,0x0,0x1d,0x52,0xcb,0x59,
0x16,0x53,0x0,0x0,0x0,0x0,0x0,0x0,
0x4,0x0,0x0,0x0,0xfe,0x56,0x47,0x72,
0x20,0x0,0x31,0x0,0x0,0x0,0x0,0x0,
0xa,0x0,0x0,0x0,0x69,0x0,0x6d,0x0,
0x61,0x0,0x67,0x0,0x65,0x0,0x31,0x0,
0x50,0x0,0x61,0x0,0x74,0x0,0x68,0x0,
0x0,0x0,0x0,0x0,0x0,0x0,0x0,0x0,
0x2,0x0,0x0,0x0,0x9,0x90,0xe9,0x62,
0x0,0x0,0x0,0x0,0x0,0x0,0x0,0x0,
0x6,0x0,0x0,0x0,0xd0,0x63,0xd6,0x53,
0x79,0x72,0x81,0x5f,0x20,0x0,0x31,0x0,
0x0,0x0,0x0,0x0,0x0,0x0,0x0,0x0,
0x4,0x0,0x0,0x0,0xfe,0x56,0x47,0x72,
0x20,0x0,0x32,0x0,0x0,0x0,0x0,0x0,
0xa,0x0,0x0,0x0,0x69,0x0,0x6d,0x0,
0x61,0x0,0x67,0x0,0x65,0x0,0x32,0x0,
0x50,0x0,0x61,0x0,0x74,0x0,0x68,0x0,
0x0,0x0,0x0,0x0,0x0,0x0,0x0,0x0,
0x6,0x0,0x0,0x0,0xd0,0x63,0xd6,0x53,
0x79,0x72,0x81,0x5f,0x20,0x0,0x32,0x0,
0x0,0x0,0x0,0x0,0x0,0x0,0x0,0x0,
0x5,0x0,0x0,0x0,0xd4,0x6b,0xf9,0x5b,
0xf8,0x76,0x3c,0x4f,0xa6,0x5e,0x0,0x0,
0xc,0x0,0x0,0x0,0x66,0x0,0x65,0x0,
0x61,0x0,0x74,0x0,0x75,0x0,0x72,0x0,
0x65,0x0,0x31,0x0,0x54,0x0,0x65,0x0,
0x78,0x0,0x74,0x0,0x0,0x0,0x0,0x0,
0xc,0x0,0x0,0x0,0x66,0x0,0x65,0x0,
0x61,0x0,0x74,0x0,0x75,0x0,0x72,0x0,
0x65,0x0,0x32,0x0,0x54,0x0,0x65,0x0,
0x78,0x0,0x74,0x0,0x0,0x0,0x0,0x0,
0x8,0x0,0x0,0x0,0xba,0x4e,0x38,0x81,
0x93,0x5e,0x8,0xff,0x9,0x63,0xe5,0x5d,
0xf7,0x53,0x9,0xff,0x0,0x0,0x0,0x0,
0xe,0x0,0x0,0x0,0x66,0x0,0x61,0x0,
0x63,0x0,0x65,0x0,0x45,0x0,0x6d,0x0,
0x70,0x0,0x6c,0x0,0x6f,0x0,0x79,0x0,
0x65,0x0,0x65,0x0,0x49,0x0,0x64,0x0,
0x0,0x0,0x0,0x0,0x0,0x0,0x0,0x0,
0x5,0x0,0x0,0x0,0xb0,0x65,0x9e,0x58,
0x79,0x72,0x81,0x5f,0x31,0x0,0x0,0x0,
0x5,0x0,0x0,0x0,0xf4,0x66,0xb0,0x65,
0x79,0x72,0x81,0x5f,0x31,0x0,0x0,0x0,
0x2,0x0,0x0,0x0,0xe5,0x67,0xe2,0x8b,
0x0,0x0,0x0,0x0,0x0,0x0,0x0,0x0,
0x4,0x0,0x0,0x0,0xba,0x4e,0x58,0x54,
0xc,0x54,0x65,0x6b,0x0,0x0,0x0,0x0,
0xc,0x0,0x0,0x0,0x73,0x0,0x79,0x0,
0x6e,0x0,0x63,0x0,0x44,0x0,0x65,0x0,
0x76,0x0,0x69,0x0,0x63,0x0,0x65,0x0,
0x49,0x0,0x64,0x0,0x0,0x0,0x0,0x0,
0xd,0x0,0x0,0x0,0x1a,0x90,0xc7,0x8f,
0x20,0x0,0x54,0x0,0x65,0x0,0x73,0x0,
0x74,0x0,0x41,0x0,0x70,0x0,0x69,0x0,
0x20,0x0,0xb,0x4e,0xd1,0x53,0x0,0x0,
0x10,0x0,0x0,0x0,0xf4,0x76,0xa5,0x63,
0x3,0x8c,0x28,0x75,0x20,0x0,0x53,0x0,
0x79,0x0,0x6e,0x0,0x63,0x0,0x4d,0x0,
0x61,0x0,0x6e,0x0,0x61,0x0,0x67,0x0,
0x65,0x0,0x72,0x0,0x0,0x0,0x0,0x0,
0x6,0x0,0x0,0x0,0x43,0x0,0x53,0x0,
0x56,0x0,0x20,0x0,0xfc,0x5b,0xfa,0x51,
0x0,0x0,0x0,0x0,0x0,0x0,0x0,0x0,
0x4,0x0,0x0,0x0,0x87,0x65,0xf6,0x4e,
0xef,0x8d,0x84,0x5f,0x0,0x0,0x0,0x0,
0xa,0x0,0x0,0x0,0x65,0x0,0x78,0x0,
0x70,0x0,0x6f,0x0,0x72,0x0,0x74,0x0,
0x50,0x0,0x61,0x0,0x74,0x0,0x68,0x0,
0x0,0x0,0x0,0x0,0x0,0x0,0x0,0x0,
0x19,0x0,0x0,0x0,0x8b,0x4f,0x82,0x59,
0x1a,0xff,0x45,0x0,0x3a,0x0,0x2f,0x0,
0x74,0x0,0x65,0x0,0x6d,0x0,0x70,0x0,
0x2f,0x0,0x61,0x0,0x74,0x0,0x74,0x0,
0x65,0x0,0x6e,0x0,0x64,0x0,0x61,0x0,
0x6e,0x0,0x63,0x0,0x65,0x0,0x2e,0x0,
0x63,0x0,0x73,0x0,0x76,0x0,0x0,0x0,
0xb,0x0,0x0,0x0,0x65,0x0,0x78,0x0,
0x70,0x0,0x6f,0x0,0x72,0x0,0x74,0x0,
0x53,0x0,0x74,0x0,0x61,0x0,0x72,0x0,
0x74,0x0,0x0,0x0,0x0,0x0,0x0,0x0,
0x9,0x0,0x0,0x0,0x65,0x0,0x78,0x0,
0x70,0x0,0x6f,0x0,0x72,0x0,0x74,0x0,
0x45,0x0,0x6e,0x0,0x64,0x0,0x0,0x0,
0x4,0x0,0x0,0x0,0xfc,0x5b,0xfa,0x51,
0xba,0x4e,0x58,0x54,0x0,0x0,0x0,0x0,
0x4,0x0,0x0,0x0,0xfc,0x5b,0xfa,0x51,
0xbe,0x8b,0x7,0x59,0x0,0x0,0x0,0x0,
0x4,0x0,0x0,0x0,0xfc,0x5b,0xfa,0x51,
0x3,0x80,0xe4,0x52,0x0,0x0,0x0,0x0,
0x4,0x0,0x0,0x0,0x0,0x5f,0xcb,0x59,
0xe5,0x65,0x1f,0x67,0x0,0x0,0x0,0x0,
0xc,0x0,0x0,0x0,0x73,0x0,0x75,0x0,
0x6d,0x0,0x6d,0x0,0x61,0x0,0x72,0x0,
0x79,0x0,0x53,0x0,0x74,0x0,0x61,0x0,
0x72,0x0,0x74,0x0,0x0,0x0,0x0,0x0,
0xa,0x0,0x0,0x0,0x32,0x0,0x30,0x0,
0x32,0x0,0x36,0x0,0x2d,0x0,0x30,0x0,
0x34,0x0,0x2d,0x0,0x30,0x0,0x31,0x0,
0x0,0x0,0x0,0x0,0x0,0x0,0x0,0x0,
0x4,0x0,0x0,0x0,0xd3,0x7e,0x5f,0x67,
0xe5,0x65,0x1f,0x67,0x0,0x0,0x0,0x0,
0xa,0x0,0x0,0x0,0x73,0x0,0x75,0x0,
0x6d,0x0,0x6d,0x0,0x61,0x0,0x72,0x0,
0x79,0x0,0x45,0x0,0x6e,0x0,0x64,0x0,
0x0,0x0,0x0,0x0,0x0,0x0,0x0,0x0,
0xa,0x0,0x0,0x0,0x32,0x0,0x30,0x0,
0x32,0x0,0x36,0x0,0x2d,0x0,0x30,0x0,
0x34,0x0,0x2d,0x0,0x33,0x0,0x30,0x0,
0x0,0x0,0x0,0x0,0x0,0x0,0x0,0x0,
0x11,0x0,0x0,0x0,0x73,0x0,0x75,0x0,
0x6d,0x0,0x6d,0x0,0x61,0x0,0x72,0x0,
0x79,0x0,0x44,0x0,0x65,0x0,0x70,0x0,
0x61,0x0,0x72,0x0,0x74,0x0,0x6d,0x0,
0x65,0x0,0x6e,0x0,0x74,0x0,0x0,0x0,
0x2,0x0,0x0,0x0,0xef,0x53,0x7a,0x7a,
0x0,0x0,0x0,0x0,0x0,0x0,0x0,0x0,
0x11,0x0,0x0,0x0,0x73,0x0,0x75,0x0,
0x6d,0x0,0x6d,0x0,0x61,0x0,0x72,0x0,
0x79,0x0,0x45,0x0,0x6d,0x0,0x70,0x0,
0x6c,0x0,0x6f,0x0,0x79,0x0,0x65,0x0,
0x65,0x0,0x49,0x0,0x64,0x0,0x0,0x0,
0x4,0x0,0x0,0x0,0xe5,0x65,0xa5,0x62,
0xef,0x53,0x7a,0x7a,0x0,0x0,0x0,0x0,
0x4,0x0,0x0,0x0,0xe5,0x65,0xa5,0x62,
0x47,0x6c,0x3b,0x60,0x0,0x0,0x0,0x0,
0x4,0x0,0x0,0x0,0xba,0x4e,0x58,0x54,
0x47,0x6c,0x3b,0x60,0x0,0x0,0x0,0x0,
0x4,0x0,0x0,0x0,0xe8,0x90,0xe8,0x95,
0x47,0x6c,0x3b,0x60,0x0,0x0,0x0,0x0,
0xd,0x0,0x0,0x0,0x73,0x0,0x75,0x0,
0x6d,0x0,0x6d,0x0,0x61,0x0,0x72,0x0,
0x79,0x0,0x4f,0x0,0x75,0x0,0x74,0x0,
0x70,0x0,0x75,0x0,0x74,0x0,0x0,0x0,
0x8,0x0,0x0,0x0,0x72,0x0,0x65,0x0,
0x61,0x0,0x64,0x0,0x4f,0x0,0x6e,0x0,
0x6c,0x0,0x79,0x0,0x0,0x0,0x0,0x0,
0xa,0x0,0x0,0x0,0xdf,0x7e,0xa1,0x8b,
0xd3,0x7e,0x9c,0x67,0x1a,0x4f,0x3e,0x66,
0x3a,0x79,0x28,0x57,0xd9,0x8f,0xcc,0x91,
0x0,0x0,0x0,0x0,0x0,0x0,0x0,0x0,
0x2,0x0,0x0,0x0,0xe5,0x65,0xd7,0x5f,
0x0,0x0,0x0,0x0,0x0,0x0,0x0,0x0,
0x4,0x0,0x0,0x0,0x5,0x6e,0x7a,0x7a,
0xe5,0x65,0xd7,0x5f,0x0,0x0,0x0,0x0,
0x6,0x0,0x0,0x0,0xb0,0x8b,0x55,0x5f,
0xb6,0x72,0x1,0x60,0xeb,0x5f,0x67,0x71,
0x0,0x0,0x0,0x0,0x0,0x0,0x0,0x0,
0x7,0x0,0x0,0x0,0x6c,0x0,0x6f,0x0,
0x67,0x0,0x41,0x0,0x72,0x0,0x65,0x0,
0x61,0x0,0x0,0x0,0x0,0x0,0x0,0x0,
0x4,0x0,0x0,0x0,0x64,0x0,0x61,0x0,
0x72,0x0,0x6b,0x0,0x0,0x0,0x0,0x0,
0x2,0x0,0x0,0x0,0x51,0x0,0x74,0x0,
0x0,0x0,0x0,0x0,0x0,0x0,0x0,0x0,
0xe,0x0,0x0,0x0,0x66,0x0,0x6f,0x0,
0x72,0x0,0x6d,0x0,0x61,0x0,0x74,0x0,
0x44,0x0,0x61,0x0,0x74,0x0,0x65,0x0,
0x54,0x0,0x69,0x0,0x6d,0x0,0x65,0x0,
0x0,0x0,0x0,0x0,0x0,0x0,0x0,0x0,
0x4,0x0,0x0,0x0,0x44,0x0,0x61,0x0,
0x74,0x0,0x65,0x0,0x0,0x0,0x0,0x0,
0x8,0x0,0x0,0x0,0x48,0x0,0x48,0x0,
0x3a,0x0,0x6d,0x0,0x6d,0x0,0x3a,0x0,
0x73,0x0,0x73,0x0,0x0,0x0,0x0,0x0,
0x7,0x0,0x0,0x0,0x63,0x0,0x6f,0x0,
0x6e,0x0,0x73,0x0,0x6f,0x0,0x6c,0x0,
0x65,0x0,0x0,0x0,0x0,0x0,0x0,0x0,
0x3,0x0,0x0,0x0,0x6c,0x0,0x6f,0x0,
0x67,0x0,0x0,0x0,0x0,0x0,0x0,0x0,
0x4,0x0,0x0,0x0,0x5b,0x0,0x55,0x0,
0x49,0x0,0x5d,0x0,0x0,0x0,0x0,0x0,
0x1,0x0,0x0,0x0,0x5b,0x0,0x0,0x0,
0x2,0x0,0x0,0x0,0x5d,0x0,0x20,0x0,
0x0,0x0,0x0,0x0,0x0,0x0,0x0,0x0,
0x1,0x0,0x0,0x0,0xa,0x0,0x0,0x0,
0xe,0x0,0x0,0x0,0x63,0x0,0x75,0x0,
0x72,0x0,0x73,0x0,0x6f,0x0,0x72,0x0,
0x50,0x0,0x6f,0x0,0x73,0x0,0x69,0x0,
0x74,0x0,0x69,0x0,0x6f,0x0,0x6e,0x0,
0x0,0x0,0x0,0x0,0x0,0x0,0x0,0x0,
0x6,0x0,0x0,0x0,0x6c,0x0,0x65,0x0,
0x6e,0x0,0x67,0x0,0x74,0x0,0x68,0x0,
0x0,0x0,0x0,0x0,0x0,0x0,0x0,0x0,
0x7,0x0,0x0,0x0,0x19,0x95,0xef,0x8b,
0x2f,0x0,0xd0,0x63,0x3a,0x79,0x3a,0x0,
0x20,0x0,0x0,0x0,0x0,0x0,0x0,0x0,
0x3,0x0,0x0,0x0,0xcd,0x64,0x5c,0x4f,
0x3d,0x0,0x0,0x0,0x0,0x0,0x0,0x0,
0x6,0x0,0x0,0x0,0x20,0x0,0x7c,0x0,
0x20,0x0,0xd3,0x7e,0x9c,0x67,0x3d,0x0,
0x0,0x0,0x0,0x0,0x0,0x0,0x0,0x0,
0x2,0x0,0x0,0x0,0x10,0x62,0x9f,0x52,
0x0,0x0,0x0,0x0,0x0,0x0,0x0,0x0,
0x2,0x0,0x0,0x0,0x31,0x59,0x25,0x8d,
0x0,0x0,0x0,0x0,0x0,0x0,0x0,0x0,
0x3,0x0,0x0,0x0,0x20,0x0,0x7c,0x0,
0x20,0x0,0x0,0x0,0x0,0x0,0x0,0x0,
0x8,0x0,0x0,0x0,0x70,0x0,0x61,0x0,
0x72,0x0,0x73,0x0,0x65,0x0,0x49,0x0,
0x6e,0x0,0x74,0x0,0x0,0x0,0x0,0x0,
0x5,0x0,0x0,0x0,0x69,0x0,0x73,0x0,
0x4e,0x0,0x61,0x0,0x4e,0x0,0x0,0x0,
0x10,0x0,0x0,0x0,0x66,0x0,0x72,0x0,
0x6f,0x0,0x6d,0x0,0x4c,0x0,0x6f,0x0,
0x63,0x0,0x61,0x0,0x6c,0x0,0x65,0x0,
0x53,0x0,0x74,0x0,0x72,0x0,0x69,0x0,
0x6e,0x0,0x67,0x0,0x0,0x0,0x0,0x0,
0x6,0x0,0x0,0x0,0x6c,0x0,0x6f,0x0,
0x63,0x0,0x61,0x0,0x6c,0x0,0x65,0x0,
0x0,0x0,0x0,0x0,0x0,0x0,0x0,0x0,
0x13,0x0,0x0,0x0,0x79,0x0,0x79,0x0,
0x79,0x0,0x79,0x0,0x2d,0x0,0x4d,0x0,
0x4d,0x0,0x2d,0x0,0x64,0x0,0x64,0x0,
0x20,0x0,0x48,0x0,0x48,0x0,0x3a,0x0,
0x6d,0x0,0x6d,0x0,0x3a,0x0,0x73,0x0,
0x73,0x0,0x0,0x0,0x0,0x0,0x0,0x0,
0x7,0x0,0x0,0x0,0x67,0x0,0x65,0x0,
0x74,0x0,0x54,0x0,0x69,0x0,0x6d,0x0,
0x65,0x0,0x0,0x0,0x0,0x0,0x0,0x0,
0xa,0x0,0x0,0x0,0x79,0x0,0x79,0x0,
0x79,0x0,0x79,0x0,0x2d,0x0,0x4d,0x0,
0x4d,0x0,0x2d,0x0,0x64,0x0,0x64,0x0,
0x0,0x0,0x0,0x0,0x0,0x0,0x0,0x0,
0x4,0x0,0x0,0x0,0x2a,0x0,0x2a,0x0,
0x2a,0x0,0x2a,0x0,0x0,0x0,0x0,0x0,
0x5,0x0,0x0,0x0,0x73,0x0,0x6c,0x0,
0x69,0x0,0x63,0x0,0x65,0x0,0x0,0x0,
0x4,0x0,0x0,0x0,0x4a,0x0,0x53,0x0,
0x4f,0x0,0x4e,0x0,0x0,0x0,0x0,0x0,
0x9,0x0,0x0,0x0,0x73,0x0,0x74,0x0,
0x72,0x0,0x69,0x0,0x6e,0x0,0x67,0x0,
0x69,0x0,0x66,0x0,0x79,0x0,0x0,0x0,
0x1,0x0,0x0,0x0,0x65,0x0,0x0,0x0,
0x6,0x0,0x0,0x0,0x53,0x0,0x74,0x0,
0x72,0x0,0x69,0x0,0x6e,0x0,0x67,0x0,
0x0,0x0,0x0,0x0,0x0,0x0,0x0,0x0,
0x5,0x0,0x0,0x0,0x2a,0x67,0x7e,0x62,
0x30,0x52,0xba,0x4e,0x58,0x54,0x0,0x0,
0x1,0x0,0x0,0x0,0x23,0x0,0x0,0x0,
0xa,0x0,0x0,0x0,0x65,0x0,0x6d,0x0,
0x70,0x0,0x6c,0x0,0x6f,0x0,0x79,0x0,
0x65,0x0,0x65,0x0,0x49,0x0,0x64,0x0,
0x0,0x0,0x0,0x0,0x0,0x0,0x0,0x0,
0xa,0x0,0x0,0x0,0x64,0x0,0x65,0x0,
0x70,0x0,0x61,0x0,0x72,0x0,0x74,0x0,
0x6d,0x0,0x65,0x0,0x6e,0x0,0x74,0x0,
0x0,0x0,0x0,0x0,0x0,0x0,0x0,0x0,
0x8,0x0,0x0,0x0,0x70,0x0,0x6f,0x0,
0x73,0x0,0x69,0x0,0x74,0x0,0x69,0x0,
0x6f,0x0,0x6e,0x0,0x0,0x0,0x0,0x0,
0x5,0x0,0x0,0x0,0x2a,0x67,0x7e,0x62,
0x30,0x52,0xbe,0x8b,0x7,0x59,0x0,0x0,
0x3,0x0,0x0,0x0,0x7a,0x7a,0xb0,0x8b,
0x55,0x5f,0x0,0x0,0x0,0x0,0x0,0x0,
0xc,0x0,0x0,0x0,0x20,0x0,0x7c,0x0,
0x20,0x0,0x70,0x0,0x65,0x0,0x72,0x0,
0x73,0x0,0x6f,0x0,0x6e,0x0,0x49,0x0,
0x64,0x0,0x3d,0x0,0x0,0x0,0x0,0x0,
0x9,0x0,0x0,0x0,0x63,0x0,0x68,0x0,
0x65,0x0,0x63,0x0,0x6b,0x0,0x54,0x0,
0x69,0x0,0x6d,0x0,0x65,0x0,0x0,0x0,
0x7,0x0,0x0,0x0,0x2a,0x67,0x7e,0x62,
0x30,0x52,0xba,0x4e,0x38,0x81,0x70,0x65,
0x6e,0x63,0x0,0x0,0x0,0x0,0x0,0x0,
0x8,0x0,0x0,0x0,0x20,0x0,0x7c,0x0,
0x20,0x0,0x73,0x0,0x69,0x0,0x7a,0x0,
0x65,0x0,0x3d,0x0,0x0,0x0,0x0,0x0,
0xb,0x0,0x0,0x0,0x66,0x0,0x65,0x0,
0x61,0x0,0x74,0x0,0x75,0x0,0x72,0x0,
0x65,0x0,0x53,0x0,0x69,0x0,0x7a,0x0,
0x65,0x0,0x0,0x0,0x0,0x0,0x0,0x0,
0xb,0x0,0x0,0x0,0x64,0x0,0x61,0x0,
0x74,0x0,0x61,0x0,0x4d,0x0,0x61,0x0,
0x6e,0x0,0x61,0x0,0x67,0x0,0x65,0x0,
0x72,0x0,0x0,0x0,0x0,0x0,0x0,0x0,
0xc,0x0,0x0,0x0,0x67,0x0,0x65,0x0,
0x74,0x0,0x41,0x0,0x6c,0x0,0x6c,0x0,
0x50,0x0,0x65,0x0,0x72,0x0,0x73,0x0,
0x6f,0x0,0x6e,0x0,0x0,0x0,0x0,0x0,
0x6,0x0,0x0,0x0,0xa0,0x52,0x7d,0x8f,
0xba,0x4e,0x58,0x54,0x17,0x52,0x68,0x88,
0x0,0x0,0x0,0x0,0x0,0x0,0x0,0x0,
0x3,0x0,0x0,0x0,0x70,0x65,0xcf,0x91,
0x3d,0x0,0x0,0x0,0x0,0x0,0x0,0x0,
0xd,0x0,0x0,0x0,0x67,0x0,0x65,0x0,
0x74,0x0,0x41,0x0,0x6c,0x0,0x6c,0x0,
0x44,0x0,0x65,0x0,0x76,0x0,0x69,0x0,
0x63,0x0,0x65,0x0,0x73,0x0,0x0,0x0,
0x6,0x0,0x0,0x0,0xa0,0x52,0x7d,0x8f,
0xbe,0x8b,0x7,0x59,0x17,0x52,0x68,0x88,
0x0,0x0,0x0,0x0,0x0,0x0,0x0,0x0,
0xe,0x0,0x0,0x0,0x67,0x0,0x65,0x0,
0x74,0x0,0x41,0x0,0x6c,0x0,0x6c,0x0,
0x46,0x0,0x61,0x0,0x63,0x0,0x65,0x0,
0x44,0x0,0x61,0x0,0x74,0x0,0x61,0x0,
0x0,0x0,0x0,0x0,0x0,0x0,0x0,0x0,
0x5,0x0,0x0,0x0,0xa0,0x52,0x7d,0x8f,
0xba,0x4e,0x38,0x81,0x93,0x5e,0x0,0x0,
0x7,0x0,0x0,0x0,0x23,0x0,0x31,0x0,
0x32,0x0,0x31,0x0,0x32,0x0,0x31,0x0,
0x32,0x0,0x0,0x0,0x0,0x0,0x0,0x0,
0x7,0x0,0x0,0x0,0x23,0x0,0x45,0x0,
0x44,0x0,0x45,0x0,0x44,0x0,0x45,0x0,
0x44,0x0,0x0,0x0,0x0,0x0,0x0,0x0,
0x7,0x0,0x0,0x0,0x23,0x0,0x31,0x0,
0x46,0x0,0x32,0x0,0x33,0x0,0x32,0x0,
0x38,0x0,0x0,0x0,0x0,0x0,0x0,0x0,
0x7,0x0,0x0,0x0,0x23,0x0,0x31,0x0,
0x45,0x0,0x31,0x0,0x45,0x0,0x31,0x0,
0x45,0x0,0x0,0x0,0x0,0x0,0x0,0x0,
0x7,0x0,0x0,0x0,0x23,0x0,0x32,0x0,
0x33,0x0,0x32,0x0,0x33,0x0,0x32,0x0,
0x33,0x0,0x0,0x0,0x0,0x0,0x0,0x0,
0x7,0x0,0x0,0x0,0x23,0x0,0x46,0x0,
0x36,0x0,0x46,0x0,0x38,0x0,0x46,0x0,
0x41,0x0,0x0,0x0,0x0,0x0,0x0,0x0,
0x7,0x0,0x0,0x0,0x23,0x0,0x32,0x0,
0x42,0x0,0x32,0x0,0x42,0x0,0x32,0x0,
0x42,0x0,0x0,0x0,0x0,0x0,0x0,0x0,
0x7,0x0,0x0,0x0,0x23,0x0,0x46,0x0,
0x33,0x0,0x46,0x0,0x34,0x0,0x46,0x0,
0x36,0x0,0x0,0x0,0x0,0x0,0x0,0x0,
0xe,0x0,0x0,0x0,0x51,0x0,0x4d,0x0,
0x4c,0x0,0x20,0x0,0x4b,0x6d,0xd5,0x8b,
0xe5,0x5d,0x5c,0x4f,0xf0,0x53,0x1d,0x52,
0xcb,0x59,0x16,0x53,0x8c,0x5b,0x10,0x62,
0x0,0x0,0x0,0x0,0x0,0x0,0x0,0x0,
0x7,0x0,0x0,0x0,0x74,0x0,0x65,0x0,
0x73,0x0,0x74,0x0,0x41,0x0,0x70,0x0,
0x69,0x0,0x0,0x0,0x0,0x0,0x0,0x0,
0xd,0x0,0x0,0x0,0x65,0x0,0x78,0x0,
0x70,0x0,0x6f,0x0,0x72,0x0,0x74,0x0,
0x4d,0x0,0x61,0x0,0x6e,0x0,0x61,0x0,
0x67,0x0,0x65,0x0,0x72,0x0,0x0,0x0,
0x9,0x0,0x0,0x0,0x74,0x0,0x63,0x0,
0x70,0x0,0x53,0x0,0x65,0x0,0x72,0x0,
0x76,0x0,0x65,0x0,0x72,0x0,0x0,0x0,
0x7,0x0,0x0,0x0,0xa2,0x5b,0x37,0x62,
0xef,0x7a,0xde,0x8f,0xa5,0x63,0x3a,0x0,
0x20,0x0,0x0,0x0,0x0,0x0,0x0,0x0,
0x3,0x0,0x0,0x0,0x20,0x0,0x40,0x0,
0x20,0x0,0x0,0x0,0x0,0x0,0x0,0x0,
0x7,0x0,0x0,0x0,0xa2,0x5b,0x37,0x62,
0xef,0x7a,0xad,0x65,0x0,0x5f,0x3a,0x0,
0x20,0x0,0x0,0x0,0x0,0x0,0x0,0x0,
0x8,0x0,0x0,0x0,0x36,0x65,0x30,0x52,
0x3,0x80,0xe4,0x52,0xa,0x4e,0xa5,0x62,
0x3a,0x0,0x20,0x0,0x0,0x0,0x0,0x0,
0x8,0x0,0x0,0x0,0xbe,0x8b,0x7,0x59,
0xb6,0x72,0x1,0x60,0xa,0x4e,0xa5,0x62,
0x3a,0x0,0x20,0x0,0x0,0x0,0x0,0x0,
0x4,0x0,0x0,0x0,0x20,0x0,0x3d,0x0,
0x3e,0x0,0x20,0x0,0x0,0x0,0x0,0x0,
0x8,0x0,0x0,0x0,0x36,0x65,0x30,0x52,
0xc,0x54,0x65,0x6b,0xf7,0x8b,0x42,0x6c,
0x3a,0x0,0x20,0x0,0x0,0x0,0x0,0x0,
0x5,0x0,0x0,0x0,0x54,0x0,0x43,0x0,
0x50,0x0,0x3a,0x0,0x20,0x0,0x0,0x0,
0x9,0x0,0x0,0x0,0x54,0x0,0x43,0x0,
0x50,0x0,0x20,0x0,0xd0,0x8f,0x4c,0x88,
0xb6,0x72,0x1,0x60,0x3d,0x0,0x0,0x0,
0x9,0x0,0x0,0x0,0x69,0x0,0x73,0x0,
0x52,0x0,0x75,0x0,0x6e,0x0,0x6e,0x0,
0x69,0x0,0x6e,0x0,0x67,0x0,0x0,0x0,
0x7,0x0,0x0,0x0,0x28,0x57,0xbf,0x7e,
0xa2,0x5b,0x37,0x62,0xef,0x7a,0x70,0x65,
0x3d,0x0,0x0,0x0,0x0,0x0,0x0,0x0,
0xb,0x0,0x0,0x0,0x63,0x0,0x6c,0x0,
0x69,0x0,0x65,0x0,0x6e,0x0,0x74,0x0,
0x43,0x0,0x6f,0x0,0x75,0x0,0x6e,0x0,
0x74,0x0,0x0,0x0,0x0,0x0,0x0,0x0,
0x8,0x0,0x0,0x0,0x70,0x65,0x6e,0x63,
0x93,0x5e,0xde,0x8f,0xa5,0x63,0xb6,0x72,
0x1,0x60,0x3d,0x0,0x0,0x0,0x0,0x0,
0xb,0x0,0x0,0x0,0x69,0x0,0x73,0x0,
0x43,0x0,0x6f,0x0,0x6e,0x0,0x6e,0x0,
0x65,0x0,0x63,0x0,0x74,0x0,0x65,0x0,
0x64,0x0,0x0,0x0,0x0,0x0,0x0,0x0,
0x5,0x0,0x0,0x0,0x70,0x65,0x6e,0x63,
0x93,0x5e,0x3a,0x0,0x20,0x0,0x0,0x0,
0xa,0x0,0x0,0x0,0xba,0x4e,0x58,0x54,
0xf2,0x5d,0xb0,0x65,0x9e,0x58,0x3a,0x0,
0x20,0x0,0x69,0x0,0x64,0x0,0x3d,0x0,
0x0,0x0,0x0,0x0,0x0,0x0,0x0,0x0,
0xa,0x0,0x0,0x0,0xba,0x4e,0x58,0x54,
0xf2,0x5d,0xf4,0x66,0xb0,0x65,0x3a,0x0,
0x20,0x0,0x69,0x0,0x64,0x0,0x3d,0x0,
0x0,0x0,0x0,0x0,0x0,0x0,0x0,0x0,
0xa,0x0,0x0,0x0,0xba,0x4e,0x58,0x54,
0xf2,0x5d,0x20,0x52,0x64,0x96,0x3a,0x0,
0x20,0x0,0x69,0x0,0x64,0x0,0x3d,0x0,
0x0,0x0,0x0,0x0,0x0,0x0,0x0,0x0,
0xc,0x0,0x0,0x0,0x3,0x80,0xe4,0x52,
0xb0,0x8b,0x55,0x5f,0xf2,0x5d,0xb0,0x65,
0x9e,0x58,0x3a,0x0,0x20,0x0,0x69,0x0,
0x64,0x0,0x3d,0x0,0x0,0x0,0x0,0x0,
0x8,0x0,0x0,0x0,0xbe,0x8b,0x7,0x59,
0xb6,0x72,0x1,0x60,0xd8,0x53,0xf4,0x66,
0x3a,0x0,0x20,0x0,0x0,0x0,0x0,0x0,
0xc,0x0,0x0,0x0,0xba,0x4e,0x38,0x81,
0x70,0x65,0x6e,0x63,0xf2,0x5d,0xb0,0x65,
0x9e,0x58,0x3a,0x0,0x20,0x0,0x69,0x0,
0x64,0x0,0x3d,0x0,0x0,0x0,0x0,0x0,
0xa,0x0,0x0,0x0,0x20,0x0,0x70,0x0,
0x65,0x0,0x72,0x0,0x73,0x0,0x6f,0x0,
0x6e,0x0,0x49,0x0,0x64,0x0,0x3d,0x0,
0x0,0x0,0x0,0x0,0x0,0x0,0x0,0x0,
0xc,0x0,0x0,0x0,0xba,0x4e,0x38,0x81,
0x70,0x65,0x6e,0x63,0xf2,0x5d,0xf4,0x66,
0xb0,0x65,0x3a,0x0,0x20,0x0,0x69,0x0,
0x64,0x0,0x3d,0x0,0x0,0x0,0x0,0x0,
0xc,0x0,0x0,0x0,0xba,0x4e,0x38,0x81,
0x70,0x65,0x6e,0x63,0xf2,0x5d,0x20,0x52,
0x64,0x96,0x3a,0x0,0x20,0x0,0x69,0x0,
0x64,0x0,0x3d,0x0,0x0,0x0,0x0,0x0,
0xa,0x0,0x0,0x0,0x48,0x0,0x6f,0x0,
0x72,0x0,0x69,0x0,0x7a,0x0,0x6f,0x0,
0x6e,0x0,0x74,0x0,0x61,0x0,0x6c,0x0,
0x0,0x0,0x0,0x0,0x0,0x0,0x0,0x0,
0x6,0x0,0x0,0x0,0x70,0x0,0x61,0x0,
0x72,0x0,0x65,0x0,0x6e,0x0,0x74,0x0,
0x0,0x0,0x0,0x0,0x0,0x0,0x0,0x0,
0x3,0x0,0x0,0x0,0xf2,0x5d,0xde,0x8f,
0xa5,0x63,0x0,0x0,0x0,0x0,0x0,0x0,
0x4,0x0,0x0,0x0,0x71,0x0,0x73,0x0,
0x54,0x0,0x72,0x0,0x0,0x0,0x0,0x0,
0x3,0x0,0x0,0x0,0x2a,0x67,0xde,0x8f,
0xa5,0x63,0x0,0x0,0x0,0x0,0x0,0x0,
0x3,0x0,0x0,0x0,0xd0,0x8f,0x4c,0x88,
0x2d,0x4e,0x0,0x0,0x0,0x0,0x0,0x0,
0x3,0x0,0x0,0x0,0xf2,0x5d,0x5c,0x50,
0x62,0x6b,0x0,0x0,0x0,0x0,0x0,0x0,
0x4,0x0,0x0,0x0,0x54,0x0,0x65,0x0,
0x78,0x0,0x74,0x0,0x0,0x0,0x0,0x0,
0xa,0x0,0x0,0x0,0x45,0x0,0x6c,0x0,
0x69,0x0,0x64,0x0,0x65,0x0,0x52,0x0,
0x69,0x0,0x67,0x0,0x68,0x0,0x74,0x0,
0x0,0x0,0x0,0x0,0x0,0x0,0x0,0x0,
0x1,0x0,0x0,0x0,0xe0,0x65,0x0,0x0,
0x6,0x0,0x0,0x0,0x74,0x0,0x6f,0x0,
0x6d,0x0,0x61,0x0,0x74,0x0,0x6f,0x0,
0x0,0x0,0x0,0x0,0x0,0x0,0x0,0x0,
0x7,0x0,0x0,0x0,0xf2,0x5d,0x5,0x6e,
0x7a,0x7a,0x0,0x67,0xe,0x54,0x19,0x95,
0xef,0x8b,0x0,0x0,0x0,0x0,0x0,0x0,
0x8,0x0,0x0,0x0,0x57,0x0,0x6f,0x0,
0x72,0x0,0x64,0x0,0x57,0x0,0x72,0x0,
0x61,0x0,0x70,0x0,0x0,0x0,0x0,0x0,
0xb,0x0,0x0,0x0,0x73,0x0,0x74,0x0,
0x61,0x0,0x72,0x0,0x74,0x0,0x53,0x0,
0x65,0x0,0x72,0x0,0x76,0x0,0x65,0x0,
0x72,0x0,0x0,0x0,0x0,0x0,0x0,0x0,
0x9,0x0,0x0,0x0,0x2f,0x54,0xa8,0x52,
0x20,0x0,0x54,0x0,0x43,0x0,0x50,0x0,
0x20,0x0,0xd,0x67,0xa1,0x52,0x0,0x0,
0x3,0x0,0x0,0x0,0xef,0x7a,0xe3,0x53,
0x3d,0x0,0x0,0x0,0x0,0x0,0x0,0x0,
0xa,0x0,0x0,0x0,0x73,0x0,0x74,0x0,
0x6f,0x0,0x70,0x0,0x53,0x0,0x65,0x0,
0x72,0x0,0x76,0x0,0x65,0x0,0x72,0x0,
0x0,0x0,0x0,0x0,0x0,0x0,0x0,0x0,
0x9,0x0,0x0,0x0,0x5c,0x50,0x62,0x6b,
0x20,0x0,0x54,0x0,0x43,0x0,0x50,0x0,
0x20,0x0,0xd,0x67,0xa1,0x52,0x0,0x0,
0x8,0x0,0x0,0x0,0x53,0x5f,0x4d,0x52,
0xa2,0x5b,0x37,0x62,0xef,0x7a,0x70,0x65,
0x3a,0x0,0x20,0x0,0x0,0x0,0x0,0x0,
0x10,0x0,0x0,0x0,0x73,0x0,0x65,0x0,
0x6e,0x0,0x64,0x0,0x54,0x0,0x6f,0x0,
0x43,0x0,0x6c,0x0,0x69,0x0,0x65,0x0,
0x6e,0x0,0x74,0x0,0x4a,0x0,0x73,0x0,
0x6f,0x0,0x6e,0x0,0x0,0x0,0x0,0x0,
0xb,0x0,0x0,0x0,0xd1,0x53,0x1,0x90,
0x20,0x0,0x4a,0x0,0x53,0x0,0x4f,0x0,
0x4e,0x0,0x20,0x0,0x30,0x52,0xbe,0x8b,
0x7,0x59,0x0,0x0,0x0,0x0,0x0,0x0,
0x3,0x0,0x0,0x0,0xbe,0x8b,0x7,0x59,
0x3d,0x0,0x0,0x0,0x0,0x0,0x0,0x0,
0xd,0x0,0x0,0x0,0x62,0x0,0x72,0x0,
0x6f,0x0,0x61,0x0,0x64,0x0,0x63,0x0,
0x61,0x0,0x73,0x0,0x74,0x0,0x4a,0x0,
0x73,0x0,0x6f,0x0,0x6e,0x0,0x0,0x0,
0x7,0x0,0x0,0x0,0x7f,0x5e,0xad,0x64,
0x20,0x0,0x4a,0x0,0x53,0x0,0x4f,0x0,
0x4e,0x0,0x0,0x0,0x0,0x0,0x0,0x0,
0x3,0x0,0x0,0x0,0x7f,0x95,0xa6,0x5e,
0x3d,0x0,0x0,0x0,0x0,0x0,0x0,0x0,
0xc,0x0,0x0,0x0,0x57,0x0,0x72,0x0,
0x61,0x0,0x70,0x0,0x41,0x0,0x6e,0x0,
0x79,0x0,0x77,0x0,0x68,0x0,0x65,0x0,
0x72,0x0,0x65,0x0,0x0,0x0,0x0,0x0,
0x9,0x0,0x0,0x0,0x61,0x0,0x64,0x0,
0x64,0x0,0x50,0x0,0x65,0x0,0x72,0x0,
0x73,0x0,0x6f,0x0,0x6e,0x0,0x0,0x0,
0x4,0x0,0x0,0x0,0xb0,0x65,0x9e,0x58,
0xba,0x4e,0x58,0x54,0x0,0x0,0x0,0x0,
0x3,0x0,0x0,0x0,0xe5,0x5d,0xf7,0x53,
0x3d,0x0,0x0,0x0,0x0,0x0,0x0,0x0,
0xd,0x0,0x0,0x0,0x75,0x0,0x70,0x0,
0x64,0x0,0x61,0x0,0x74,0x0,0x65,0x0,
0x64,0x0,0x50,0x0,0x65,0x0,0x72,0x0,
0x73,0x0,0x6f,0x0,0x6e,0x0,0x0,0x0,
0x4,0x0,0x0,0x0,0xee,0x4f,0x39,0x65,
0xba,0x4e,0x58,0x54,0x0,0x0,0x0,0x0,
0xc,0x0,0x0,0x0,0x64,0x0,0x65,0x0,
0x6c,0x0,0x65,0x0,0x74,0x0,0x65,0x0,
0x50,0x0,0x65,0x0,0x72,0x0,0x73,0x0,
0x6f,0x0,0x6e,0x0,0x0,0x0,0x0,0x0,
0x4,0x0,0x0,0x0,0x20,0x52,0x64,0x96,
0xba,0x4e,0x58,0x54,0x0,0x0,0x0,0x0,
0x3,0x0,0x0,0x0,0xd3,0x59,0xd,0x54,
0x3d,0x0,0x0,0x0,0x0,0x0,0x0,0x0,
0x4,0x0,0x0,0x0,0x20,0x0,0xe5,0x5d,
0xf7,0x53,0x3d,0x0,0x0,0x0,0x0,0x0,
0xd,0x0,0x0,0x0,0x67,0x0,0x65,0x0,
0x74,0x0,0x50,0x0,0x65,0x0,0x72,0x0,
0x73,0x0,0x6f,0x0,0x6e,0x0,0x42,0x0,
0x79,0x0,0x49,0x0,0x64,0x0,0x0,0x0,
0x9,0x0,0x0,0x0,0x9,0x63,0x20,0x0,
0x49,0x0,0x44,0x0,0x20,0x0,0xe5,0x67,
0xe2,0x8b,0xba,0x4e,0x58,0x54,0x0,0x0,
0x15,0x0,0x0,0x0,0x67,0x0,0x65,0x0,
0x74,0x0,0x50,0x0,0x65,0x0,0x72,0x0,
0x73,0x0,0x6f,0x0,0x6e,0x0,0x42,0x0,
0x79,0x0,0x45,0x0,0x6d,0x0,0x70,0x0,
0x6c,0x0,0x6f,0x0,0x79,0x0,0x65,0x0,
0x65,0x0,0x49,0x0,0x64,0x0,0x0,0x0,
0x7,0x0,0x0,0x0,0x9,0x63,0xe5,0x5d,
0xf7,0x53,0xe5,0x67,0xe2,0x8b,0xba,0x4e,
0x58,0x54,0x0,0x0,0x0,0x0,0x0,0x0,
0x6,0x0,0x0,0x0,0xe5,0x67,0xe2,0x8b,
0xd3,0x7e,0x9c,0x67,0x3a,0x0,0x20,0x0,
0x0,0x0,0x0,0x0,0x0,0x0,0x0,0x0,
0x4,0x0,0x0,0x0,0x76,0x0,0x69,0x0,
0x65,0x0,0x77,0x0,0x0,0x0,0x0,0x0,
0x6,0x0,0x0,0x0,0x6f,0x0,0x6e,0x0,
0x6c,0x0,0x69,0x0,0x6e,0x0,0x65,0x0,
0x0,0x0,0x0,0x0,0x0,0x0,0x0,0x0,
0x7,0x0,0x0,0x0,0x6f,0x0,0x66,0x0,
0x66,0x0,0x6c,0x0,0x69,0x0,0x6e,0x0,
0x65,0x0,0x0,0x0,0x0,0x0,0x0,0x0,
0xb,0x0,0x0,0x0,0x6d,0x0,0x61,0x0,
0x69,0x0,0x6e,0x0,0x74,0x0,0x65,0x0,
0x6e,0x0,0x61,0x0,0x6e,0x0,0x63,0x0,
0x65,0x0,0x0,0x0,0x0,0x0,0x0,0x0,
0x11,0x0,0x0,0x0,0x61,0x0,0x64,0x0,
0x64,0x0,0x4f,0x0,0x72,0x0,0x55,0x0,
0x70,0x0,0x64,0x0,0x61,0x0,0x74,0x0,
0x65,0x0,0x44,0x0,0x65,0x0,0x76,0x0,
0x69,0x0,0x63,0x0,0x65,0x0,0x0,0x0,
0xb,0x0,0x0,0x0,0x63,0x0,0x75,0x0,
0x72,0x0,0x72,0x0,0x65,0x0,0x6e,0x0,
0x74,0x0,0x54,0x0,0x65,0x0,0x78,0x0,
0x74,0x0,0x0,0x0,0x0,0x0,0x0,0x0,
0x12,0x0,0x0,0x0,0x75,0x0,0x70,0x0,
0x64,0x0,0x61,0x0,0x74,0x0,0x65,0x0,
0x44,0x0,0x65,0x0,0x76,0x0,0x69,0x0,
0x63,0x0,0x65,0x0,0x53,0x0,0x74,0x0,
0x61,0x0,0x74,0x0,0x75,0x0,0x73,0x0,
0x0,0x0,0x0,0x0,0x0,0x0,0x0,0x0,
0x6,0x0,0x0,0x0,0xf4,0x66,0xb0,0x65,
0xbe,0x8b,0x7,0x59,0xb6,0x72,0x1,0x60,
0x0,0x0,0x0,0x0,0x0,0x0,0x0,0x0,
0x4,0x0,0x0,0x0,0x20,0x0,0xb6,0x72,
0x1,0x60,0x3d,0x0,0x0,0x0,0x0,0x0,
0xd,0x0,0x0,0x0,0x67,0x0,0x65,0x0,
0x74,0x0,0x44,0x0,0x65,0x0,0x76,0x0,
0x69,0x0,0x63,0x0,0x65,0x0,0x42,0x0,
0x79,0x0,0x49,0x0,0x64,0x0,0x0,0x0,
0x4,0x0,0x0,0x0,0xe5,0x67,0xe2,0x8b,
0xbe,0x8b,0x7,0x59,0x0,0x0,0x0,0x0,
0x4,0x0,0x0,0x0,0x4d,0x0,0x61,0x0,
0x74,0x0,0x68,0x0,0x0,0x0,0x0,0x0,
0x3,0x0,0x0,0x0,0x6d,0x0,0x61,0x0,
0x78,0x0,0x0,0x0,0x0,0x0,0x0,0x0,
0xc,0x0,0x0,0x0,0x69,0x0,0x6e,0x0,
0x64,0x0,0x65,0x0,0x78,0x0,0x4f,0x0,
0x66,0x0,0x56,0x0,0x61,0x0,0x6c,0x0,
0x75,0x0,0x65,0x0,0x0,0x0,0x0,0x0,
0x6,0x0,0x0,0x0,0x6e,0x0,0x6f,0x0,
0x72,0x0,0x6d,0x0,0x61,0x0,0x6c,0x0,
0x0,0x0,0x0,0x0,0x0,0x0,0x0,0x0,
0x4,0x0,0x0,0x0,0x6c,0x0,0x61,0x0,
0x74,0x0,0x65,0x0,0x0,0x0,0x0,0x0,
0x5,0x0,0x0,0x0,0x65,0x0,0x61,0x0,
0x72,0x0,0x6c,0x0,0x79,0x0,0x0,0x0,
0x6,0x0,0x0,0x0,0x6d,0x0,0x61,0x0,
0x6e,0x0,0x75,0x0,0x61,0x0,0x6c,0x0,
0x0,0x0,0x0,0x0,0x0,0x0,0x0,0x0,
0x13,0x0,0x0,0x0,0x61,0x0,0x64,0x0,
0x64,0x0,0x41,0x0,0x74,0x0,0x74,0x0,
0x65,0x0,0x6e,0x0,0x64,0x0,0x61,0x0,
0x6e,0x0,0x63,0x0,0x65,0x0,0x52,0x0,
0x65,0x0,0x63,0x0,0x6f,0x0,0x72,0x0,
0x65,0x0,0x0,0x0,0x0,0x0,0x0,0x0,
0x6,0x0,0x0,0x0,0xb0,0x65,0x9e,0x58,
0x3,0x80,0xe4,0x52,0xb0,0x8b,0x55,0x5f,
0x0,0x0,0x0,0x0,0x0,0x0,0x0,0x0,
0x9,0x0,0x0,0x0,0x70,0x0,0x65,0x0,
0x72,0x0,0x73,0x0,0x6f,0x0,0x6e,0x0,
0x49,0x0,0x64,0x0,0x3d,0x0,0x0,0x0,
0x14,0x0,0x0,0x0,0x67,0x0,0x65,0x0,
0x74,0x0,0x41,0x0,0x74,0x0,0x74,0x0,
0x65,0x0,0x6e,0x0,0x64,0x0,0x61,0x0,
0x6e,0x0,0x63,0x0,0x65,0x0,0x52,0x0,
0x65,0x0,0x63,0x0,0x6f,0x0,0x72,0x0,
0x64,0x0,0x73,0x0,0x0,0x0,0x0,0x0,
0x6,0x0,0x0,0x0,0xe5,0x67,0xe2,0x8b,
0x3,0x80,0xe4,0x52,0xb0,0x8b,0x55,0x5f,
0x0,0x0,0x0,0x0,0x0,0x0,0x0,0x0,
0x1c,0x0,0x0,0x0,0x67,0x0,0x65,0x0,
0x74,0x0,0x41,0x0,0x74,0x0,0x74,0x0,
0x65,0x0,0x6e,0x0,0x64,0x0,0x61,0x0,
0x6e,0x0,0x63,0x0,0x65,0x0,0x52,0x0,
0x65,0x0,0x63,0x0,0x6f,0x0,0x72,0x0,
0x64,0x0,0x73,0x0,0x42,0x0,0x79,0x0,
0x50,0x0,0x65,0x0,0x72,0x0,0x73,0x0,
0x6f,0x0,0x6e,0x0,0x0,0x0,0x0,0x0,
0x7,0x0,0x0,0x0,0x9,0x63,0xba,0x4e,
0x58,0x54,0xe5,0x67,0xe2,0x8b,0x3,0x80,
0xe4,0x52,0x0,0x0,0x0,0x0,0x0,0x0,
0x9,0x0,0x0,0x0,0x54,0x0,0x65,0x0,
0x78,0x0,0x74,0x0,0x49,0x0,0x6e,0x0,
0x70,0x0,0x75,0x0,0x74,0x0,0x0,0x0,
0x8,0x0,0x0,0x0,0x50,0x0,0x61,0x0,
0x73,0x0,0x73,0x0,0x77,0x0,0x6f,0x0,
0x72,0x0,0x64,0x0,0x0,0x0,0x0,0x0,
0xe,0x0,0x0,0x0,0x69,0x0,0x6e,0x0,
0x69,0x0,0x74,0x0,0x46,0x0,0x61,0x0,
0x63,0x0,0x65,0x0,0x45,0x0,0x6e,0x0,
0x67,0x0,0x69,0x0,0x6e,0x0,0x65,0x0,
0x0,0x0,0x0,0x0,0x0,0x0,0x0,0x0,
0x7,0x0,0x0,0x0,0x1d,0x52,0xcb,0x59,
0x16,0x53,0xba,0x4e,0x38,0x81,0x15,0x5f,
0xce,0x64,0x0,0x0,0x0,0x0,0x0,0x0,
0x7,0x0,0x0,0x0,0x53,0x0,0x64,0x0,
0x6b,0x0,0x4b,0x0,0x65,0x0,0x79,0x0,
0x3d,0x0,0x0,0x0,0x0,0x0,0x0,0x0,
0x4,0x0,0x0,0x0,0xf2,0x5d,0x1d,0x52,
0xcb,0x59,0x16,0x53,0x0,0x0,0x0,0x0,
0x4,0x0,0x0,0x0,0x2a,0x67,0x1d,0x52,
0xcb,0x59,0x16,0x53,0x0,0x0,0x0,0x0,
0xf,0x0,0x0,0x0,0x73,0x0,0x65,0x0,
0x6c,0x0,0x65,0x0,0x63,0x0,0x74,0x0,
0x49,0x0,0x6d,0x0,0x61,0x0,0x67,0x0,
0x65,0x0,0x46,0x0,0x69,0x0,0x6c,0x0,
0x65,0x0,0x0,0x0,0x0,0x0,0x0,0x0,
0x6,0x0,0x0,0x0,0x9,0x90,0xe9,0x62,
0xfe,0x56,0x47,0x72,0x20,0x0,0x31,0x0,
0x0,0x0,0x0,0x0,0x0,0x0,0x0,0x0,
0x14,0x0,0x0,0x0,0x65,0x0,0x78,0x0,
0x74,0x0,0x72,0x0,0x61,0x0,0x63,0x0,
0x74,0x0,0x46,0x0,0x65,0x0,0x61,0x0,
0x74,0x0,0x75,0x0,0x72,0x0,0x65,0x0,
0x42,0x0,0x61,0x0,0x73,0x0,0x65,0x0,
0x36,0x0,0x34,0x0,0x0,0x0,0x0,0x0,
0x6,0x0,0x0,0x0,0x9,0x90,0xe9,0x62,
0xfe,0x56,0x47,0x72,0x20,0x0,0x32,0x0,
0x0,0x0,0x0,0x0,0x0,0x0,0x0,0x0,
0x14,0x0,0x0,0x0,0x63,0x0,0x6f,0x0,
0x6d,0x0,0x70,0x0,0x61,0x0,0x72,0x0,
0x65,0x0,0x46,0x0,0x65,0x0,0x61,0x0,
0x74,0x0,0x75,0x0,0x72,0x0,0x65,0x0,
0x42,0x0,0x61,0x0,0x73,0x0,0x65,0x0,
0x36,0x0,0x34,0x0,0x0,0x0,0x0,0x0,
0x4,0x0,0x0,0x0,0xf8,0x76,0x3c,0x4f,
0xa6,0x5e,0x3d,0x0,0x0,0x0,0x0,0x0,
0x5,0x0,0x0,0x0,0x79,0x72,0x81,0x5f,
0x31,0x0,0x3a,0x0,0x20,0x0,0x0,0x0,
0x3,0x0,0x0,0x0,0xf2,0x5d,0xd0,0x63,
0xd6,0x53,0x0,0x0,0x0,0x0,0x0,0x0,
0x3,0x0,0x0,0x0,0x2a,0x67,0xd0,0x63,
0xd6,0x53,0x0,0x0,0x0,0x0,0x0,0x0,
0x5,0x0,0x0,0x0,0x79,0x72,0x81,0x5f,
0x32,0x0,0x3a,0x0,0x20,0x0,0x0,0x0,
0x5,0x0,0x0,0x0,0xf8,0x76,0x3c,0x4f,
0xa6,0x5e,0x3a,0x0,0x20,0x0,0x0,0x0,
0x2,0x0,0x0,0x0,0x82,0x66,0xe0,0x65,
0x0,0x0,0x0,0x0,0x0,0x0,0x0,0x0,
0x11,0x0,0x0,0x0,0x61,0x0,0x64,0x0,
0x64,0x0,0x46,0x0,0x61,0x0,0x63,0x0,
0x65,0x0,0x44,0x0,0x61,0x0,0x74,0x0,
0x61,0x0,0x42,0x0,0x61,0x0,0x73,0x0,
0x65,0x0,0x36,0x0,0x34,0x0,0x0,0x0,
0x6,0x0,0x0,0x0,0xb0,0x65,0x9e,0x58,
0xba,0x4e,0x38,0x81,0x79,0x72,0x81,0x5f,
0x0,0x0,0x0,0x0,0x0,0x0,0x0,0x0,
0x14,0x0,0x0,0x0,0x75,0x0,0x70,0x0,
0x64,0x0,0x61,0x0,0x74,0x0,0x65,0x0,
0x46,0x0,0x61,0x0,0x63,0x0,0x65,0x0,
0x44,0x0,0x61,0x0,0x74,0x0,0x61,0x0,
0x42,0x0,0x61,0x0,0x73,0x0,0x65,0x0,
0x36,0x0,0x34,0x0,0x0,0x0,0x0,0x0,
0x6,0x0,0x0,0x0,0xf4,0x66,0xb0,0x65,
0xba,0x4e,0x38,0x81,0x79,0x72,0x81,0x5f,
0x0,0x0,0x0,0x0,0x0,0x0,0x0,0x0,
0x1a,0x0,0x0,0x0,0x64,0x0,0x65,0x0,
0x6c,0x0,0x65,0x0,0x74,0x0,0x65,0x0,
0x46,0x0,0x61,0x0,0x63,0x0,0x65,0x0,
0x44,0x0,0x61,0x0,0x74,0x0,0x61,0x0,
0x42,0x0,0x79,0x0,0x45,0x0,0x6d,0x0,
0x70,0x0,0x6c,0x0,0x6f,0x0,0x79,0x0,
0x65,0x0,0x65,0x0,0x49,0x0,0x64,0x0,
0x0,0x0,0x0,0x0,0x0,0x0,0x0,0x0,
0x6,0x0,0x0,0x0,0x20,0x52,0x64,0x96,
0xba,0x4e,0x38,0x81,0x79,0x72,0x81,0x5f,
0x0,0x0,0x0,0x0,0x0,0x0,0x0,0x0,
0x17,0x0,0x0,0x0,0x67,0x0,0x65,0x0,
0x74,0x0,0x46,0x0,0x61,0x0,0x63,0x0,
0x65,0x0,0x44,0x0,0x61,0x0,0x74,0x0,
0x61,0x0,0x42,0x0,0x79,0x0,0x45,0x0,
0x6d,0x0,0x70,0x0,0x6c,0x0,0x6f,0x0,
0x79,0x0,0x65,0x0,0x65,0x0,0x49,0x0,
0x64,0x0,0x0,0x0,0x0,0x0,0x0,0x0,
0x6,0x0,0x0,0x0,0xe5,0x67,0xe2,0x8b,
0xba,0x4e,0x38,0x81,0x79,0x72,0x81,0x5f,
0x0,0x0,0x0,0x0,0x0,0x0,0x0,0x0,
0x11,0x0,0x0,0x0,0x72,0x0,0x65,0x0,
0x71,0x0,0x75,0x0,0x65,0x0,0x73,0x0,
0x74,0x0,0x50,0x0,0x65,0x0,0x72,0x0,
0x73,0x0,0x6f,0x0,0x6e,0x0,0x53,0x0,
0x79,0x0,0x6e,0x0,0x63,0x0,0x0,0x0,
0xf,0x0,0x0,0x0,0xb,0x4e,0xd1,0x53,
0xba,0x4e,0x58,0x54,0xc,0x54,0x65,0x6b,
0x28,0x0,0x54,0x0,0x65,0x0,0x73,0x0,
0x74,0x0,0x41,0x0,0x70,0x0,0x69,0x0,
0x29,0x0,0x0,0x0,0x0,0x0,0x0,0x0,
0xb,0x0,0x0,0x0,0x73,0x0,0x79,0x0,
0x6e,0x0,0x63,0x0,0x4d,0x0,0x61,0x0,
0x6e,0x0,0x61,0x0,0x67,0x0,0x65,0x0,
0x72,0x0,0x0,0x0,0x0,0x0,0x0,0x0,
0x11,0x0,0x0,0x0,0x73,0x0,0x65,0x0,
0x6e,0x0,0x64,0x0,0x50,0x0,0x65,0x0,
0x72,0x0,0x73,0x0,0x6f,0x0,0x6e,0x0,
0x53,0x0,0x79,0x0,0x6e,0x0,0x63,0x0,
0x4e,0x0,0x6f,0x0,0x77,0x0,0x0,0x0,
0x13,0x0,0x0,0x0,0xb,0x4e,0xd1,0x53,
0xba,0x4e,0x58,0x54,0xc,0x54,0x65,0x6b,
0x28,0x0,0x53,0x0,0x79,0x0,0x6e,0x0,
0x63,0x0,0x4d,0x0,0x61,0x0,0x6e,0x0,
0x61,0x0,0x67,0x0,0x65,0x0,0x72,0x0,
0x29,0x0,0x0,0x0,0x0,0x0,0x0,0x0,
0x10,0x0,0x0,0x0,0x65,0x0,0x78,0x0,
0x70,0x0,0x6f,0x0,0x72,0x0,0x74,0x0,
0x50,0x0,0x65,0x0,0x72,0x0,0x73,0x0,
0x6f,0x0,0x6e,0x0,0x73,0x0,0x43,0x0,
0x73,0x0,0x76,0x0,0x0,0x0,0x0,0x0,
0x8,0x0,0x0,0x0,0xfc,0x5b,0xfa,0x51,
0xba,0x4e,0x58,0x54,0x20,0x0,0x43,0x0,
0x53,0x0,0x56,0x0,0x0,0x0,0x0,0x0,
0xf,0x0,0x0,0x0,0x65,0x0,0x78,0x0,
0x70,0x0,0x6f,0x0,0x72,0x0,0x74,0x0,
0x44,0x0,0x65,0x0,0x76,0x0,0x69,0x0,
0x63,0x0,0x65,0x0,0x43,0x0,0x73,0x0,
0x76,0x0,0x0,0x0,0x0,0x0,0x0,0x0,
0x8,0x0,0x0,0x0,0xfc,0x5b,0xfa,0x51,
0xbe,0x8b,0x7,0x59,0x20,0x0,0x43,0x0,
0x53,0x0,0x56,0x0,0x0,0x0,0x0,0x0,
0x1a,0x0,0x0,0x0,0x65,0x0,0x78,0x0,
0x70,0x0,0x6f,0x0,0x72,0x0,0x74,0x0,
0x41,0x0,0x74,0x0,0x74,0x0,0x65,0x0,
0x6e,0x0,0x64,0x0,0x61,0x0,0x6e,0x0,
0x63,0x0,0x65,0x0,0x52,0x0,0x65,0x0,
0x63,0x0,0x6f,0x0,0x72,0x0,0x64,0x0,
0x73,0x0,0x43,0x0,0x73,0x0,0x76,0x0,
0x0,0x0,0x0,0x0,0x0,0x0,0x0,0x0,
0x8,0x0,0x0,0x0,0xfc,0x5b,0xfa,0x51,
0x3,0x80,0xe4,0x52,0x20,0x0,0x43,0x0,
0x53,0x0,0x56,0x0,0x0,0x0,0x0,0x0,
0x12,0x0,0x0,0x0,0x61,0x0,0x74,0x0,
0x74,0x0,0x65,0x0,0x6e,0x0,0x64,0x0,
0x61,0x0,0x6e,0x0,0x63,0x0,0x65,0x0,
0x41,0x0,0x6e,0x0,0x61,0x0,0x6c,0x0,
0x79,0x0,0x7a,0x0,0x65,0x0,0x72,0x0,
0x0,0x0,0x0,0x0,0x0,0x0,0x0,0x0,
0xc,0x0,0x0,0x0,0x64,0x0,0x61,0x0,
0x69,0x0,0x6c,0x0,0x79,0x0,0x53,0x0,
0x75,0x0,0x6d,0x0,0x6d,0x0,0x61,0x0,
0x72,0x0,0x79,0x0,0x0,0x0,0x0,0x0,
0xd,0x0,0x0,0x0,0x70,0x0,0x65,0x0,
0x72,0x0,0x73,0x0,0x6f,0x0,0x6e,0x0,
0x53,0x0,0x75,0x0,0x6d,0x0,0x6d,0x0,
0x61,0x0,0x72,0x0,0x79,0x0,0x0,0x0,
0x11,0x0,0x0,0x0,0x64,0x0,0x65,0x0,
0x70,0x0,0x61,0x0,0x72,0x0,0x74,0x0,
0x6d,0x0,0x65,0x0,0x6e,0x0,0x74,0x0,
0x53,0x0,0x75,0x0,0x6d,0x0,0x6d,0x0,
0x61,0x0,0x72,0x0,0x79,0x0,0x0,0x0,
0x9,0x0,0x0,0x0,0xb6,0x72,0x1,0x60,
0xeb,0x5f,0x67,0x71,0x3a,0x0,0x20,0x0,
0x64,0x0,0x62,0x0,0x3d,0x0,0x0,0x0,
0x6,0x0,0x0,0x0,0x2c,0x0,0x20,0x0,
0x74,0x0,0x63,0x0,0x70,0x0,0x3d,0x0,
0x0,0x0,0x0,0x0,0x0,0x0,0x0,0x0,
0xa,0x0,0x0,0x0,0x2c,0x0,0x20,0x0,
0x63,0x0,0x6c,0x0,0x69,0x0,0x65,0x0,
0x6e,0x0,0x74,0x0,0x73,0x0,0x3d,0x0,
0x0,0x0,0x0,0x0,0x0,0x0,0x0,0x0,
0x3,0x0,0x0,0x0,0x10,0x0,0x0,0x0,
0x41,0x1,0x0,0x0,0x4c,0x0,0x0,0x0,
0x1,0x0,0x0,0x0,0x1,0x0,0x0,0x0,
0x0,0x0,0x0,0x0,0x3,0x0,0x10,0x0,
0xf,0x2,0x0,0x0,0x1,0x0,0x0,0x0,
0x2,0x0,0x0,0x0,0x0,0x0,0x0,0x0,
0x4,0x0,0x10,0x0,0xf,0x2,0x0,0x0,
0x1,0x0,0x0,0x0,0x3,0x0,0x0,0x0,
0x0,0x0,0x0,0x0,0x5,0x0,0x10,0x0,
0xf,0x1,0x0,0x0,0x50,0x5,0x0,0x0,
0x8,0x9,0x0,0x0,0x68,0xa,0x0,0x0,
0xd8,0xa,0x0,0x0,0x48,0xb,0x0,0x0,
0xb8,0xb,0x0,0x0,0x48,0xc,0x0,0x0,
0xe0,0xc,0x0,0x0,0x98,0xd,0x0,0x0,
0x8,0xe,0x0,0x0,0xa8,0xe,0x0,0x0,
0x30,0xf,0x0,0x0,0x0,0x10,0x0,0x0,
0x88,0x10,0x0,0x0,0x28,0x11,0x0,0x0,
0x98,0x11,0x0,0x0,0x40,0x13,0x0,0x0,
0xc8,0x13,0x0,0x0,0x38,0x14,0x0,0x0,
0xa8,0x14,0x0,0x0,0x18,0x15,0x0,0x0,
0x88,0x15,0x0,0x0,0xf8,0x15,0x0,0x0,
0x68,0x16,0x0,0x0,0xd8,0x16,0x0,0x0,
0x78,0x17,0x0,0x0,0xe8,0x17,0x0,0x0,
0x58,0x18,0x0,0x0,0x10,0x19,0x0,0x0,
0x98,0x19,0x0,0x0,0xc8,0x1a,0x0,0x0,
0x38,0x1b,0x0,0x0,0xa8,0x1b,0x0,0x0,
0x18,0x1c,0x0,0x0,0x88,0x1c,0x0,0x0,
0xf8,0x1c,0x0,0x0,0x68,0x1d,0x0,0x0,
0xd8,0x1d,0x0,0x0,0x48,0x1e,0x0,0x0,
0xb8,0x1e,0x0,0x0,0x0,0x20,0x0,0x0,
0x88,0x20,0x0,0x0,0x10,0x21,0x0,0x0,
0xc8,0x21,0x0,0x0,0x68,0x22,0x0,0x0,
0xd8,0x22,0x0,0x0,0xd8,0x23,0x0,0x0,
0x60,0x24,0x0,0x0,0xe8,0x24,0x0,0x0,
0x70,0x25,0x0,0x0,0xf8,0x25,0x0,0x0,
0x80,0x26,0x0,0x0,0xf0,0x26,0x0,0x0,
0x60,0x27,0x0,0x0,0x0,0x28,0x0,0x0,
0x70,0x28,0x0,0x0,0x10,0x29,0x0,0x0,
0x98,0x29,0x0,0x0,0x20,0x2a,0x0,0x0,
0xd8,0x2a,0x0,0x0,0x78,0x2b,0x0,0x0,
0xe8,0x2b,0x0,0x0,0x0,0x2d,0x0,0x0,
0x88,0x2d,0x0,0x0,0xf8,0x2d,0x0,0x0,
0x80,0x2e,0x0,0x0,0xf0,0x2e,0x0,0x0,
0x78,0x2f,0x0,0x0,0x0,0x30,0x0,0x0,
0x70,0x30,0x0,0x0,0xe0,0x30,0x0,0x0,
0x50,0x31,0x0,0x0,0xf0,0x31,0x0,0x0,
0x60,0x32,0x0,0x0,0x18,0x33,0x0,0x0,
0xa0,0x33,0x0,0x0,0x70,0x34,0x0,0x0,
0xe0,0x34,0x0,0x0,0x68,0x35,0x0,0x0,
0xd8,0x35,0x0,0x0,0x60,0x36,0x0,0x0,
0xe8,0x36,0x0,0x0,0x58,0x37,0x0,0x0,
0xc8,0x37,0x0,0x0,0x68,0x38,0x0,0x0,
0xf0,0x38,0x0,0x0,0x78,0x39,0x0,0x0,
0x30,0x3a,0x0,0x0,0xd0,0x3a,0x0,0x0,
0x40,0x3b,0x0,0x0,0x10,0x3c,0x0,0x0,
0x98,0x3c,0x0,0x0,0x10,0x3e,0x0,0x0,
0x80,0x3e,0x0,0x0,0xf0,0x3e,0x0,0x0,
0x78,0x3f,0x0,0x0,0xe8,0x3f,0x0,0x0,
0x58,0x40,0x0,0x0,0xe0,0x40,0x0,0x0,
0x50,0x41,0x0,0x0,0xc0,0x41,0x0,0x0,
0x48,0x42,0x0,0x0,0xb8,0x42,0x0,0x0,
0x28,0x43,0x0,0x0,0xb0,0x43,0x0,0x0,
0x20,0x44,0x0,0x0,0x90,0x44,0x0,0x0,
0x18,0x45,0x0,0x0,0x88,0x45,0x0,0x0,
0xa0,0x46,0x0,0x0,0x28,0x47,0x0,0x0,
0xb0,0x47,0x0,0x0,0x38,0x48,0x0,0x0,
0xc0,0x48,0x0,0x0,0x48,0x49,0x0,0x0,
0xd0,0x49,0x0,0x0,0x40,0x4a,0x0,0x0,
0xb0,0x4a,0x0,0x0,0x20,0x4b,0x0,0x0,
0xc0,0x4b,0x0,0x0,0x30,0x4c,0x0,0x0,
0xe8,0x4c,0x0,0x0,0x70,0x4d,0x0,0x0,
0x18,0x4e,0x0,0x0,0xa0,0x4e,0x0,0x0,
0x58,0x4f,0x0,0x0,0xf8,0x4f,0x0,0x0,
0x68,0x50,0x0,0x0,0x38,0x51,0x0,0x0,
0xc0,0x51,0x0,0x0,0x8,0x53,0x0,0x0,
0x78,0x53,0x0,0x0,0xe8,0x53,0x0,0x0,
0x70,0x54,0x0,0x0,0xe0,0x54,0x0,0x0,
0x50,0x55,0x0,0x0,0xd8,0x55,0x0,0x0,
0x48,0x56,0x0,0x0,0xb8,0x56,0x0,0x0,
0x40,0x57,0x0,0x0,0xb0,0x57,0x0,0x0,
0x20,0x58,0x0,0x0,0xa8,0x58,0x0,0x0,
0x18,0x59,0x0,0x0,0x0,0x5a,0x0,0x0,
0x88,0x5a,0x0,0x0,0x10,0x5b,0x0,0x0,
0x98,0x5b,0x0,0x0,0x20,0x5c,0x0,0x0,
0x90,0x5c,0x0,0x0,0x0,0x5d,0x0,0x0,
0x70,0x5d,0x0,0x0,0x10,0x5e,0x0,0x0,
0x80,0x5e,0x0,0x0,0x38,0x5f,0x0,0x0,
0xc0,0x5f,0x0,0x0,0x68,0x60,0x0,0x0,
0xf0,0x60,0x0,0x0,0xa8,0x61,0x0,0x0,
0x48,0x62,0x0,0x0,0xb8,0x62,0x0,0x0,
0x70,0x63,0x0,0x0,0xf8,0x63,0x0,0x0,
0xa0,0x65,0x0,0x0,0x10,0x66,0x0,0x0,
0x80,0x66,0x0,0x0,0x8,0x67,0x0,0x0,
0x78,0x67,0x0,0x0,0xe8,0x67,0x0,0x0,
0x70,0x68,0x0,0x0,0xe0,0x68,0x0,0x0,
0x50,0x69,0x0,0x0,0xd8,0x69,0x0,0x0,
0x48,0x6a,0x0,0x0,0xb8,0x6a,0x0,0x0,
0x40,0x6b,0x0,0x0,0xb0,0x6b,0x0,0x0,
0x20,0x6c,0x0,0x0,0xa8,0x6c,0x0,0x0,
0x18,0x6d,0x0,0x0,0x88,0x6d,0x0,0x0,
0x10,0x6e,0x0,0x0,0x80,0x6e,0x0,0x0,
0x50,0x6f,0x0,0x0,0xd8,0x6f,0x0,0x0,
0x60,0x70,0x0,0x0,0xe8,0x70,0x0,0x0,
0x58,0x71,0x0,0x0,0xc8,0x71,0x0,0x0,
0x68,0x72,0x0,0x0,0xd8,0x72,0x0,0x0,
0x90,0x73,0x0,0x0,0x18,0x74,0x0,0x0,
0xa8,0x74,0x0,0x0,0x30,0x75,0x0,0x0,
0xe8,0x75,0x0,0x0,0x88,0x76,0x0,0x0,
0xf8,0x76,0x0,0x0,0x10,0x78,0x0,0x0,
0x98,0x78,0x0,0x0,0x80,0x79,0x0,0x0,
0xf0,0x79,0x0,0x0,0x60,0x7a,0x0,0x0,
0xd0,0x7a,0x0,0x0,0x40,0x7b,0x0,0x0,
0xc8,0x7b,0x0,0x0,0x38,0x7c,0x0,0x0,
0xc0,0x7c,0x0,0x0,0x30,0x7d,0x0,0x0,
0xe8,0x7d,0x0,0x0,0x58,0x7e,0x0,0x0,
0xc8,0x7e,0x0,0x0,0x38,0x7f,0x0,0x0,
0xc0,0x7f,0x0,0x0,0x48,0x80,0x0,0x0,
0x0,0x81,0x0,0x0,0x70,0x81,0x0,0x0,
0xe0,0x81,0x0,0x0,0x50,0x82,0x0,0x0,
0xd8,0x82,0x0,0x0,0x60,0x83,0x0,0x0,
0x30,0x84,0x0,0x0,0xb8,0x84,0x0,0x0,
0x28,0x85,0x0,0x0,0x98,0x85,0x0,0x0,
0x8,0x86,0x0,0x0,0x78,0x86,0x0,0x0,
0xe8,0x86,0x0,0x0,0x58,0x87,0x0,0x0,
0xc8,0x87,0x0,0x0,0x68,0x88,0x0,0x0,
0xd8,0x88,0x0,0x0,0xa8,0x89,0x0,0x0,
0x30,0x8a,0x0,0x0,0x48,0x8b,0x0,0x0,
0xb8,0x8b,0x0,0x0,0x40,0x8c,0x0,0x0,
0xb0,0x8c,0x0,0x0,0x38,0x8d,0x0,0x0,
0xc0,0x8d,0x0,0x0,0x48,0x8e,0x0,0x0,
0xd0,0x8e,0x0,0x0,0x58,0x8f,0x0,0x0,
0xc8,0x8f,0x0,0x0,0x38,0x90,0x0,0x0,
0xa8,0x90,0x0,0x0,0x60,0x91,0x0,0x0,
0xe8,0x91,0x0,0x0,0x90,0x92,0x0,0x0,
0x18,0x93,0x0,0x0,0xd0,0x93,0x0,0x0,
0x70,0x94,0x0,0x0,0xe0,0x94,0x0,0x0,
0xe0,0x95,0x0,0x0,0x68,0x96,0x0,0x0,
0xd8,0x96,0x0,0x0,0x60,0x97,0x0,0x0,
0xd0,0x97,0x0,0x0,0x58,0x98,0x0,0x0,
0xe0,0x98,0x0,0x0,0x50,0x99,0x0,0x0,
0xc0,0x99,0x0,0x0,0x60,0x9a,0x0,0x0,
0xd0,0x9a,0x0,0x0,0x88,0x9b,0x0,0x0,
0x10,0x9c,0x0,0x0,0x98,0x9c,0x0,0x0,
0x8,0x9d,0x0,0x0,0x90,0x9d,0x0,0x0,
0x0,0x9e,0x0,0x0,0x18,0x9f,0x0,0x0,
0x88,0x9f,0x0,0x0,0x10,0xa0,0x0,0x0,
0x80,0xa0,0x0,0x0,0xf0,0xa0,0x0,0x0,
0x78,0xa1,0x0,0x0,0xe8,0xa1,0x0,0x0,
0x70,0xa2,0x0,0x0,0xf8,0xa2,0x0,0x0,
0x80,0xa3,0x0,0x0,0xf0,0xa3,0x0,0x0,
0x60,0xa4,0x0,0x0,0xe8,0xa4,0x0,0x0,
0x88,0xa5,0x0,0x0,0x28,0xa6,0x0,0x0,
0x98,0xa6,0x0,0x0,0x68,0xa7,0x0,0x0,
0xf0,0xa7,0x0,0x0,0x38,0xa9,0x0,0x0,
0xa8,0xa9,0x0,0x0,0x18,0xaa,0x0,0x0,
0xa0,0xaa,0x0,0x0,0x10,0xab,0x0,0x0,
0x80,0xab,0x0,0x0,0x8,0xac,0x0,0x0,
0x78,0xac,0x0,0x0,0xe8,0xac,0x0,0x0,
0x70,0xad,0x0,0x0,0xe0,0xad,0x0,0x0,
0x50,0xae,0x0,0x0,0xd8,0xae,0x0,0x0,
0x48,0xaf,0x0,0x0,0x18,0xb0,0x0,0x0,
0xa0,0xb0,0x0,0x0,0x28,0xb1,0x0,0x0,
0xb0,0xb1,0x0,0x0,0x20,0xb2,0x0,0x0,
0x90,0xb2,0x0,0x0,0x48,0xb3,0x0,0x0,
0xd0,0xb3,0x0,0x0,0x70,0xb4,0x0,0x0,
0xf8,0xb4,0x0,0x0,0xb0,0xb5,0x0,0x0,
0x38,0xb6,0x0,0x0,0xf0,0xb6,0x0,0x0,
0x60,0xb7,0x0,0x0,0xe8,0xb7,0x0,0x0,
0x70,0xb8,0x0,0x0,0xe0,0xb8,0x0,0x0,
0x50,0xb9,0x0,0x0,0xf0,0xb9,0x0,0x0,
0x4,0x0,0x0,0x0,0x5,0x0,0x0,0x0,
0x0,0x0,0xff,0xff,0xff,0xff,0xff,0xff,
0xf,0x0,0xf,0x0,0x54,0x0,0x0,0x0,
0x90,0x0,0x0,0x0,0x44,0x1,0x0,0x0,
0x0,0x0,0x0,0x0,0x44,0x1,0x0,0x0,
0x44,0x1,0x0,0x0,0x0,0x0,0x1a,0x0,
0x44,0x1,0x0,0x0,0x0,0x0,0x0,0x0,
0xb4,0x3,0x0,0x0,0x7,0x0,0x10,0x0,
0x8,0x0,0x50,0x0,0xb4,0x3,0x0,0x0,
0x0,0x0,0x0,0x0,0xb4,0x3,0x0,0x0,
0x0,0x0,0x0,0x0,0x5,0x0,0x0,0x0,
0x6,0x0,0x0,0x0,0x7,0x0,0x0,0x0,
0x8,0x0,0x0,0x0,0x9,0x0,0x0,0x0,
0xa,0x0,0x0,0x0,0xb,0x0,0x0,0x0,
0xc,0x0,0x0,0x0,0xd,0x0,0x0,0x0,
0xe,0x0,0x0,0x0,0xf,0x0,0x0,0x0,
0x10,0x0,0x0,0x0,0x11,0x0,0x0,0x0,
0x12,0x0,0x0,0x0,0x13,0x0,0x0,0x0,
0xb,0x0,0x0,0x0,0x5,0x0,0x0,0x20,
0x10,0x0,0x50,0x0,0xd,0x0,0x0,0x0,
0x3,0x0,0x0,0xa0,0x11,0x0,0x50,0x0,
0x26,0x0,0x0,0x0,0x5,0x0,0x0,0x20,
0x20,0x0,0x50,0x0,0x27,0x0,0x0,0x0,
0x5,0x0,0x0,0x20,0x21,0x0,0x50,0x0,
0x28,0x0,0x0,0x0,0x3,0x0,0x0,0x20,
0x22,0x0,0x50,0x0,0x29,0x0,0x0,0x0,
0x3,0x0,0x0,0x20,0x23,0x0,0x50,0x0,
0x2a,0x0,0x0,0x0,0x3,0x0,0x0,0x20,
0x24,0x0,0x50,0x0,0x2b,0x0,0x0,0x0,
0x4,0x0,0x0,0x20,0x25,0x0,0x50,0x0,
0x2c,0x0,0x0,0x0,0x1,0x0,0x0,0x20,
0x26,0x0,0x50,0x0,0x2e,0x0,0x0,0x0,
0x1,0x0,0x0,0x20,0x27,0x0,0x50,0x0,
0x30,0x0,0x0,0x0,0x1,0x0,0x0,0x20,
0x28,0x0,0x50,0x0,0x32,0x0,0x0,0x0,
0x1,0x0,0x0,0x20,0x29,0x0,0x50,0x0,
0x34,0x0,0x0,0x0,0x1,0x0,0x0,0x20,
0x2a,0x0,0x50,0x0,0x35,0x0,0x0,0x0,
0x1,0x0,0x0,0x20,0x2b,0x0,0x50,0x0,
0x36,0x0,0x0,0x0,0x1,0x0,0x0,0x20,
0x2c,0x0,0x50,0x0,0x36,0x0,0x0,0x0,
0x0,0x0,0x4,0x0,0x0,0x0,0x0,0x0,
0x0,0x0,0x0,0x0,0x2c,0x0,0x20,0x1,
0x2c,0x0,0x40,0x2,0x35,0x0,0x0,0x0,
0x0,0x0,0x4,0x0,0x0,0x0,0x0,0x0,
0x0,0x0,0x0,0x0,0x2b,0x0,0x20,0x1,
0x2b,0x0,0x20,0x2,0x34,0x0,0x0,0x0,
0x0,0x0,0x4,0x0,0x0,0x0,0x0,0x0,
0x0,0x0,0x0,0x0,0x2a,0x0,0x20,0x1,
0x2a,0x0,0x20,0x2,0x32,0x0,0x0,0x0,
0x0,0x0,0x7,0x0,0x4,0x0,0x0,0x0,
0x0,0x0,0x0,0x0,0x29,0x0,0x20,0x1,
0x29,0x0,0xd0,0x1,0x30,0x0,0x0,0x0,
0x0,0x0,0x7,0x0,0x3,0x0,0x0,0x0,
0x0,0x0,0x0,0x0,0x28,0x0,0x20,0x1,
0x28,0x0,0x30,0x2,0x2e,0x0,0x0,0x0,
0x0,0x0,0x7,0x0,0x2,0x0,0x0,0x0,
0x0,0x0,0x0,0x0,0x27,0x0,0x20,0x1,
0x27,0x0,0xf0,0x1,0x2c,0x0,0x0,0x0,
0x0,0x0,0x7,0x0,0x1,0x0,0x0,0x0,
0x0,0x0,0x0,0x0,0x26,0x0,0x20,0x1,
0x26,0x0,0xf0,0x1,0x2b,0x0,0x0,0x0,
0x0,0x0,0x2,0x0,0x2,0x0,0x0,0x0,
0x0,0x0,0x0,0x0,0x25,0x0,0x30,0x1,
0x25,0x0,0x40,0x2,0x2a,0x0,0x0,0x0,
0x0,0x0,0x1,0x0,0x0,0x0,0x0,0x0,
0x0,0x0,0x0,0x0,0x24,0x0,0x30,0x1,
0x24,0x0,0xf0,0x1,0x29,0x0,0x0,0x0,
0x0,0x0,0x1,0x0,0x0,0x0,0x0,0x0,
0x0,0x0,0x0,0x0,0x23,0x0,0x30,0x1,
0x23,0x0,0xf0,0x1,0x28,0x0,0x0,0x0,
0x0,0x0,0x1,0x0,0x0,0x0,0x0,0x0,
0x0,0x0,0x0,0x0,0x22,0x0,0x30,0x1,
0x22,0x0,0x10,0x2,0x27,0x0,0x0,0x0,
0x0,0x0,0x3,0x0,0x0,0x0,0x0,0x0,
0x0,0x0,0x0,0x0,0x21,0x0,0x50,0x1,
0x21,0x0,0x0,0x2,0x26,0x0,0x0,0x0,
0x0,0x0,0x3,0x0,0x0,0x0,0x0,0x0,
0x0,0x0,0x0,0x0,0x20,0x0,0x50,0x1,
0x20,0x0,0x10,0x2,0xd,0x0,0x0,0x0,
0x8,0x0,0x7,0x0,0x0,0x0,0x0,0x0,
0x0,0x0,0x0,0x0,0x11,0x0,0xc0,0x1,
0x11,0x0,0x90,0x2,0xb,0x0,0x0,0x0,
0x0,0x0,0x3,0x0,0x0,0x0,0x0,0x0,
0xc,0x0,0x0,0x0,0x10,0x0,0x50,0x1,
0x10,0x0,0x20,0x2,0x9,0x0,0x0,0x0,
0x0,0x0,0x5,0x0,0x0,0x0,0x0,0x0,
0x0,0x0,0x0,0x0,0xc,0x0,0x50,0x0,
0xc,0x0,0xc0,0x0,0x8,0x0,0x0,0x0,
0x0,0x0,0x1,0x0,0x1,0x0,0x0,0x0,
0x0,0x0,0x0,0x0,0xb,0x0,0x50,0x0,
0xb,0x0,0xe0,0x0,0x7,0x0,0x0,0x0,
0x0,0x0,0x2,0x0,0x1,0x0,0x0,0x0,
0x0,0x0,0x0,0x0,0xa,0x0,0x50,0x0,
0xa,0x0,0xd0,0x0,0x6,0x0,0x0,0x0,
0x0,0x0,0x2,0x0,0x0,0x0,0x0,0x0,
0x0,0x0,0x0,0x0,0x9,0x0,0x50,0x0,
0x9,0x0,0xc0,0x0,0x0,0x0,0x0,0x0,
0x0,0x0,0x8,0x0,0x3,0x0,0x0,0x0,
0x0,0x0,0x0,0x0,0x92,0x0,0x50,0x0,
0x92,0x0,0x50,0x0,0x0,0x0,0x0,0x0,
0x0,0x0,0x8,0x0,0x4,0x0,0x0,0x0,
0x0,0x0,0x0,0x0,0x99,0x0,0x50,0x0,
0x99,0x0,0x50,0x0,0x0,0x0,0x0,0x0,
0x0,0x0,0x8,0x0,0x5,0x0,0x0,0x0,
0x0,0x0,0x0,0x0,0xa0,0x0,0x50,0x0,
0xa0,0x0,0x50,0x0,0x0,0x0,0x0,0x0,
0x0,0x0,0x8,0x0,0x6,0x0,0x0,0x0,
0x0,0x0,0x0,0x0,0xac,0x0,0x50,0x0,
0xac,0x0,0x50,0x0,0x0,0x0,0x0,0x0,
0x0,0x0,0x8,0x0,0x7,0x0,0x0,0x0,
0x0,0x0,0x0,0x0,0xba,0x0,0x50,0x0,
0xba,0x0,0x50,0x0,0x4f,0x0,0x0,0x0,
0x0,0x0,0x9,0x0,0x2,0x0,0x0,0x0,
0x0,0x0,0x0,0x0,0x90,0x0,0x50,0x0,
0x90,0x0,0xf0,0x0,0xf,0x0,0x0,0x0,
0x0,0x0,0xa,0x0,0x1,0x0,0x0,0x0,
0x0,0x0,0x0,0x0,0x14,0x0,0x50,0x0,
0x14,0x0,0xd0,0x0,0x0,0x0,0x0,0x0,
0x0,0x0,0x0,0x0,0x0,0x0,0x0,0x0,
0x0,0x0,0xff,0xff,0xff,0xff,0xff,0xff,
0x0,0x0,0x0,0x0,0x54,0x0,0x0,0x0,
0x54,0x0,0x0,0x0,0x54,0x0,0x0,0x0,
0x0,0x0,0x0,0x0,0x54,0x0,0x0,0x0,
0x54,0x0,0x0,0x0,0x0,0x0,0xb,0x0,
0x54,0x0,0x0,0x0,0x0,0x0,0x0,0x0,
0x5c,0x1,0x0,0x0,0x14,0x0,0x50,0x0,
0x0,0x0,0x0,0x0,0x5c,0x1,0x0,0x0,
0x0,0x0,0x0,0x0,0x5c,0x1,0x0,0x0,
0x0,0x0,0x0,0x0,0x24,0x0,0x0,0x0,
0x0,0x0,0x7,0x0,0x1c,0x0,0x0,0x0,
0x0,0x0,0x0,0x0,0x1e,0x0,0xd0,0x0,
0x1e,0x0,0xa0,0x1,0x22,0x0,0x0,0x0,
0x0,0x0,0x7,0x0,0x1b,0x0,0x0,0x0,
0x0,0x0,0x0,0x0,0x1d,0x0,0xd0,0x0,
0x1d,0x0,0xa0,0x1,0x20,0x0,0x0,0x0,
0x0,0x0,0x3,0x0,0x0,0x0,0x0,0x0,
0x21,0x0,0x0,0x0,0x1c,0x0,0xd0,0x0,
0x1c,0x0,0xe0,0x1,0x1e,0x0,0x0,0x0,
0x0,0x0,0x3,0x0,0x0,0x0,0x0,0x0,
0x1f,0x0,0x0,0x0,0x1b,0x0,0xd0,0x0,
0x1b,0x0,0x80,0x1,0x1c,0x0,0x0,0x0,
0x0,0x0,0x7,0x0,0x1a,0x0,0x0,0x0,
0x0,0x0,0x0,0x0,0x1a,0x0,0xd0,0x0,
0x1a,0x0,0x90,0x1,0x1a,0x0,0x0,0x0,
0x0,0x0,0x7,0x0,0x19,0x0,0x0,0x0,
0x0,0x0,0x0,0x0,0x19,0x0,0xd0,0x0,
0x19,0x0,0x50,0x1,0x18,0x0,0x0,0x0,
0x0,0x0,0x7,0x0,0x18,0x0,0x0,0x0,
0x0,0x0,0x0,0x0,0x18,0x0,0xd0,0x0,
0x18,0x0,0x30,0x1,0x16,0x0,0x0,0x0,
0x0,0x0,0x7,0x0,0x17,0x0,0x0,0x0,
0x0,0x0,0x0,0x0,0x17,0x0,0xd0,0x0,
0x17,0x0,0xc0,0x1,0x14,0x0,0x0,0x0,
0x0,0x0,0x7,0x0,0x16,0x0,0x0,0x0,
0x0,0x0,0x0,0x0,0x16,0x0,0xd0,0x0,
0x16,0x0,0x30,0x1,0x12,0x0,0x0,0x0,
0x0,0x0,0x7,0x0,0x15,0x0,0x0,0x0,
0x0,0x0,0x0,0x0,0x15,0x0,0xd0,0x0,
0x15,0x0,0x90,0x1,0x10,0x0,0x0,0x0,
0x0,0x0,0x7,0x0,0x14,0x0,0x0,0x0,
0x0,0x0,0x0,0x0,0x14,0x0,0xd0,0x0,
0x14,0x0,0x50,0x1,0x0,0x0,0x0,0x0,
0x0,0x0,0x0,0x0,0x0,0x0,0x0,0x0,
0x0,0x0,0xff,0xff,0xff,0xff,0xff,0xff,
0x0,0x0,0x0,0x0,0x54,0x0,0x0,0x0,
0x54,0x0,0x0,0x0,0x54,0x0,0x0,0x0,
0x0,0x0,0x0,0x0,0x54,0x0,0x0,0x0,
0x54,0x0,0x0,0x0,0x0,0x0,0x1,0x0,
0x54,0x0,0x0,0x0,0x0,0x0,0x0,0x0,
0x6c,0x0,0x0,0x0,0x90,0x0,0x50,0x0,
0x0,0x0,0x0,0x0,0x6c,0x0,0x0,0x0,
0x0,0x0,0x0,0x0,0x6c,0x0,0x0,0x0,
0x0,0x0,0x0,0x0,0x50,0x0,0x0,0x0,
0x0,0x0,0x7,0x0,0x1d,0x0,0x0,0x0,
0x0,0x0,0x0,0x0,0x90,0x0,0xf0,0x0,
0x90,0x0,0xc0,0x1,0x0,0x0,0x0,0x0,
0x52,0x0,0x0,0x0,0x0,0x0,0x0,0x0,
0x0,0x0,0xff,0xff,0xff,0xff,0xff,0xff,
0x1,0x0,0x0,0x0,0x54,0x0,0x0,0x0,
0x58,0x0,0x0,0x0,0x58,0x0,0x0,0x0,
0x0,0x0,0x0,0x0,0x58,0x0,0x0,0x0,
0x58,0x0,0x0,0x0,0x0,0x0,0x1,0x0,
0x58,0x0,0x0,0x0,0x0,0x0,0x0,0x0,
0x70,0x0,0x0,0x0,0x92,0x0,0x50,0x0,
0x0,0x0,0x0,0x0,0x70,0x0,0x0,0x0,
0x0,0x0,0x0,0x0,0x70,0x0,0x0,0x0,
0x0,0x0,0x0,0x0,0x1f,0x0,0x0,0x0,
0x53,0x0,0x0,0x0,0x0,0x0,0x7,0x0,
0x1e,0x0,0x0,0x0,0x0,0x0,0x0,0x0,
0x93,0x0,0x90,0x0,0x93,0x0,0x10,0x1,
0x52,0x0,0x0,0x0,0x0,0x0,0x0,0x0,
0x0,0x0,0xff,0xff,0xff,0xff,0xff,0xff,
0x1,0x0,0x0,0x0,0x54,0x0,0x0,0x0,
0x58,0x0,0x0,0x0,0x58,0x0,0x0,0x0,
0x0,0x0,0x0,0x0,0x58,0x0,0x0,0x0,
0x58,0x0,0x0,0x0,0x0,0x0,0x1,0x0,
0x58,0x0,0x0,0x0,0x0,0x0,0x0,0x0,
0x70,0x0,0x0,0x0,0x99,0x0,0x50,0x0,
0x0,0x0,0x0,0x0,0x70,0x0,0x0,0x0,
0x0,0x0,0x0,0x0,0x70,0x0,0x0,0x0,
0x0,0x0,0x0,0x0,0x21,0x0,0x0,0x0,
0x53,0x0,0x0,0x0,0x0,0x0,0x7,0x0,
0x20,0x0,0x0,0x0,0x0,0x0,0x0,0x0,
0x9a,0x0,0x90,0x0,0x9a,0x0,0x10,0x1,
0x52,0x0,0x0,0x0,0x0,0x0,0x0,0x0,
0x0,0x0,0xff,0xff,0xff,0xff,0xff,0xff,
0x8,0x0,0x0,0x0,0x54,0x0,0x0,0x0,
0x74,0x0,0x0,0x0,0x74,0x0,0x0,0x0,
0x0,0x0,0x0,0x0,0x74,0x0,0x0,0x0,
0x74,0x0,0x0,0x0,0x0,0x0,0x1,0x0,
0x74,0x0,0x0,0x0,0x0,0x0,0x0,0x0,
0x8c,0x0,0x0,0x0,0xa0,0x0,0x50,0x0,
0x0,0x0,0x0,0x0,0x8c,0x0,0x0,0x0,
0x0,0x0,0x0,0x0,0x8c,0x0,0x0,0x0,
0x0,0x0,0x0,0x0,0x23,0x0,0x0,0x0,
0x24,0x0,0x0,0x0,0x25,0x0,0x0,0x0,
0x26,0x0,0x0,0x0,0x27,0x0,0x0,0x0,
0x28,0x0,0x0,0x0,0x29,0x0,0x0,0x0,
0x2a,0x0,0x0,0x0,0x53,0x0,0x0,0x0,
0x0,0x0,0x7,0x0,0x22,0x0,0x0,0x0,
0x0,0x0,0x0,0x0,0xa1,0x0,0x90,0x0,
0xa1,0x0,0x10,0x1,0x0,0x0,0x0,0x0,
0x52,0x0,0x0,0x0,0x0,0x0,0x0,0x0,
0x0,0x0,0xff,0xff,0xff,0xff,0xff,0xff,
0xa,0x0,0x0,0x0,0x54,0x0,0x0,0x0,
0x7c,0x0,0x0,0x0,0x7c,0x0,0x0,0x0,
0x0,0x0,0x0,0x0,0x7c,0x0,0x0,0x0,
0x7c,0x0,0x0,0x0,0x0,0x0,0x1,0x0,
0x7c,0x0,0x0,0x0,0x0,0x0,0x0,0x0,
0x94,0x0,0x0,0x0,0xac,0x0,0x50,0x0,
0x0,0x0,0x0,0x0,0x94,0x0,0x0,0x0,
0x0,0x0,0x0,0x0,0x94,0x0,0x0,0x0,
0x0,0x0,0x0,0x0,0x2c,0x0,0x0,0x0,
0x2d,0x0,0x0,0x0,0x2e,0x0,0x0,0x0,
0x2f,0x0,0x0,0x0,0x30,0x0,0x0,0x0,
0x31,0x0,0x0,0x0,0x32,0x0,0x0,0x0,
0x33,0x0,0x0,0x0,0x34,0x0,0x0,0x0,
0x35,0x0,0x0,0x0,0x53,0x0,0x0,0x0,
0x0,0x0,0x7,0x0,0x2b,0x0,0x0,0x0,
0x0,0x0,0x0,0x0,0xad,0x0,0x90,0x0,
0xad,0x0,0x10,0x1,0x0,0x0,0x0,0x0,
0x6d,0x0,0x0,0x0,0x0,0x0,0x0,0x0,
0x0,0x0,0xff,0xff,0xff,0xff,0xff,0xff,
0x0,0x0,0x0,0x0,0x54,0x0,0x0,0x0,
0x54,0x0,0x0,0x0,0x54,0x0,0x0,0x0,
0x0,0x0,0x0,0x0,0x54,0x0,0x0,0x0,
0x54,0x0,0x0,0x0,0x0,0x0,0x4,0x0,
0x54,0x0,0x0,0x0,0x0,0x0,0x0,0x0,
0xb4,0x0,0x0,0x0,0xba,0x0,0x50,0x0,
0x0,0x0,0x0,0x0,0xb4,0x0,0x0,0x0,
0x0,0x0,0x0,0x0,0xb4,0x0,0x0,0x0,
0x0,0x0,0x0,0x0,0x71,0x0,0x0,0x0,
0x0,0x0,0x7,0x0,0x36,0x0,0x0,0x0,
0x0,0x0,0x0,0x0,0xbc,0x0,0x90,0x0,
0xbc,0x0,0x60,0x1,0x0,0x0,0x0,0x0,
0x0,0x0,0x8,0x0,0x9,0x0,0x0,0x0,
0x0,0x0,0x0,0x0,0xbe,0x0,0x90,0x0,
0xbe,0x0,0x90,0x0,0x0,0x0,0x0,0x0,
0x0,0x0,0x8,0x0,0x35,0x1,0x0,0x0,
0x0,0x0,0x0,0x0,0xd6,0x3,0x90,0x0,
0xd6,0x3,0x90,0x0,0x6e,0x0,0x0,0x0,
0x0,0x0,0xa,0x0,0x8,0x0,0x0,0x0,
0x0,0x0,0x0,0x0,0xbb,0x0,0x90,0x0,
0xbb,0x0,0x10,0x1,0x0,0x0,0x0,0x0,
0x0,0x0,0x0,0x0,0x0,0x0,0x0,0x0,
0x0,0x0,0xff,0xff,0xff,0xff,0xff,0xff,
0x0,0x0,0x0,0x0,0x54,0x0,0x0,0x0,
0x54,0x0,0x0,0x0,0x54,0x0,0x0,0x0,
0x0,0x0,0x0,0x0,0x54,0x0,0x0,0x0,
0x54,0x0,0x0,0x0,0x0,0x0,0x1,0x0,
0x54,0x0,0x0,0x0,0x0,0x0,0x0,0x0,
0x6c,0x0,0x0,0x0,0xbb,0x0,0x90,0x0,
0x0,0x0,0x0,0x0,0x6c,0x0,0x0,0x0,
0x0,0x0,0x0,0x0,0x6c,0x0,0x0,0x0,
0x0,0x0,0x0,0x0,0x6f,0x0,0x0,0x0,
0x0,0x0,0x7,0x0,0x37,0x0,0x0,0x0,
0x0,0x0,0x0,0x0,0xbb,0x0,0x10,0x1,
0xbb,0x0,0x70,0x1,0x0,0x0,0x0,0x0,
0x73,0x0,0x0,0x0,0x0,0x0,0x0,0x0,
0x0,0x0,0xff,0xff,0xff,0xff,0xff,0xff,
0x0,0x0,0x0,0x0,0x54,0x0,0x0,0x0,
0x54,0x0,0x0,0x0,0x54,0x0,0x0,0x0,
0x0,0x0,0x0,0x0,0x54,0x0,0x0,0x0,
0x54,0x0,0x0,0x0,0x0,0x0,0x3,0x0,
0x54,0x0,0x0,0x0,0x0,0x0,0x0,0x0,
0x9c,0x0,0x0,0x0,0xbe,0x0,0x90,0x0,
0x0,0x0,0x0,0x0,0x9c,0x0,0x0,0x0,
0x0,0x0,0x0,0x0,0x9c,0x0,0x0,0x0,
0x0,0x0,0x0,0x0,0x76,0x0,0x0,0x0,
0x0,0x0,0x3,0x0,0x0,0x0,0x0,0x0,
0x77,0x0,0x0,0x0,0xc1,0x0,0xd0,0x0,
0xc1,0x0,0x40,0x1,0x0,0x0,0x0,0x0,
0x0,0x0,0x8,0x0,0xb,0x0,0x0,0x0,
0x0,0x0,0x0,0x0,0xc3,0x0,0xd0,0x0,
0xc3,0x0,0xd0,0x0,0x6d,0x0,0x0,0x0,
0x0,0x0,0x9,0x0,0xa,0x0,0x0,0x0,
0x0,0x0,0x0,0x0,0xbf,0x0,0xd0,0x0,
0xbf,0x0,0x70,0x1,0x0,0x0,0x0,0x0,
0x0,0x0,0x0,0x0,0x0,0x0,0x0,0x0,
0x0,0x0,0xff,0xff,0xff,0xff,0xff,0xff,
0x0,0x0,0x0,0x0,0x54,0x0,0x0,0x0,
0x54,0x0,0x0,0x0,0x54,0x0,0x0,0x0,
0x0,0x0,0x0,0x0,0x54,0x0,0x0,0x0,
0x54,0x0,0x0,0x0,0x0,0x0,0x2,0x0,
0x54,0x0,0x0,0x0,0x0,0x0,0x0,0x0,
0x84,0x0,0x0,0x0,0xbf,0x0,0xd0,0x0,
0x0,0x0,0x0,0x0,0x84,0x0,0x0,0x0,
0x0,0x0,0x0,0x0,0x84,0x0,0x0,0x0,
0x0,0x0,0x0,0x0,0x75,0x0,0x0,0x0,
0x0,0x0,0x2,0x0,0x3,0x0,0x0,0x0,
0x0,0x0,0x0,0x0,0xc0,0x0,0x70,0x1,
0xc0,0x0,0x70,0x2,0x74,0x0,0x0,0x0,
0x0,0x0,0x1,0x0,0x1,0x0,0x0,0x0,
0x0,0x0,0x0,0x0,0xbf,0x0,0x70,0x1,
0xbf,0x0,0x20,0x2,0x0,0x0,0x0,0x0,
0x78,0x0,0x0,0x0,0x0,0x0,0x0,0x0,
0x0,0x0,0xff,0xff,0xff,0xff,0xff,0xff,
0x0,0x0,0x0,0x0,0x54,0x0,0x0,0x0,
0x54,0x0,0x0,0x0,0x54,0x0,0x0,0x0,
0x0,0x0,0x0,0x0,0x54,0x0,0x0,0x0,
0x54,0x0,0x0,0x0,0x0,0x0,0x5,0x0,
0x54,0x0,0x0,0x0,0x0,0x0,0x0,0x0,
0xcc,0x0,0x0,0x0,0xc3,0x0,0xd0,0x0,
0x0,0x0,0x0,0x0,0xcc,0x0,0x0,0x0,
0x0,0x0,0x0,0x0,0xcc,0x0,0x0,0x0,
0x0,0x0,0x0,0x0,0x7a,0x0,0x0,0x0,
0x0,0x0,0x2,0x0,0x5,0x0,0x0,0x0,
0x0,0x0,0x0,0x0,0xc6,0x0,0x10,0x1,
0xc6,0x0,0xa0,0x1,0x0,0x0,0x0,0x0,
0x0,0x0,0x8,0x0,0xd,0x0,0x0,0x0,
0x0,0x0,0x0,0x0,0xc8,0x0,0x10,0x1,
0xc8,0x0,0x10,0x1,0x0,0x0,0x0,0x0,
0x0,0x0,0x8,0x0,0x1d,0x0,0x0,0x0,
0x0,0x0,0x0,0x0,0xeb,0x0,0x10,0x1,
0xeb,0x0,0x10,0x1,0x0,0x0,0x0,0x0,
0x0,0x0,0x8,0x0,0x27,0x0,0x0,0x0,
0x0,0x0,0x0,0x0,0xf8,0x0,0x10,0x1,
0xf8,0x0,0x10,0x1,0x6e,0x0,0x0,0x0,
0x0,0x0,0xa,0x0,0xc,0x0,0x0,0x0,
0x0,0x0,0x0,0x0,0xc4,0x0,0x10,0x1,
0xc4,0x0,0x90,0x1,0x0,0x0,0x0,0x0,
0x0,0x0,0x0,0x0,0x0,0x0,0x0,0x0,
0x0,0x0,0xff,0xff,0xff,0xff,0xff,0xff,
0x0,0x0,0x0,0x0,0x54,0x0,0x0,0x0,
0x54,0x0,0x0,0x0,0x54,0x0,0x0,0x0,
0x0,0x0,0x0,0x0,0x54,0x0,0x0,0x0,
0x54,0x0,0x0,0x0,0x0,0x0,0x2,0x0,
0x54,0x0,0x0,0x0,0x0,0x0,0x0,0x0,
0x84,0x0,0x0,0x0,0xc4,0x0,0x10,0x1,
0x0,0x0,0x0,0x0,0x84,0x0,0x0,0x0,
0x0,0x0,0x0,0x0,0x84,0x0,0x0,0x0,
0x0,0x0,0x0,0x0,0x79,0x0,0x0,0x0,
0x0,0x0,0x2,0x0,0x4,0x0,0x0,0x0,
0x0,0x0,0x0,0x0,0xc5,0x0,0x90,0x1,
0xc5,0x0,0x20,0x2,0x6f,0x0,0x0,0x0,
0x0,0x0,0x7,0x0,0x38,0x0,0x0,0x0,
0x0,0x0,0x0,0x0,0xc4,0x0,0x90,0x1,
0xc4,0x0,0xf0,0x1,0x0,0x0,0x0,0x0,
0x7b,0x0,0x0,0x0,0x0,0x0,0x0,0x0,
0x0,0x0,0xff,0xff,0xff,0xff,0xff,0xff,
0x0,0x0,0x0,0x0,0x54,0x0,0x0,0x0,
0x54,0x0,0x0,0x0,0x54,0x0,0x0,0x0,
0x0,0x0,0x0,0x0,0x54,0x0,0x0,0x0,
0x54,0x0,0x0,0x0,0x0,0x0,0x3,0x0,
0x54,0x0,0x0,0x0,0x0,0x0,0x0,0x0,
0x9c,0x0,0x0,0x0,0xc8,0x0,0x10,0x1,
0x0,0x0,0x0,0x0,0x9c,0x0,0x0,0x0,
0x0,0x0,0x0,0x0,0x9c,0x0,0x0,0x0,
0x0,0x0,0x0,0x0,0x9,0x0,0x0,0x0,
0x0,0x0,0x5,0x0,0x1,0x0,0x0,0x0,
0x0,0x0,0x0,0x0,0xc9,0x0,0x50,0x1,
0xc9,0x0,0xc0,0x1,0x0,0x0,0x0,0x0,
0x0,0x0,0x8,0x0,0xf,0x0,0x0,0x0,
0x0,0x0,0x0,0x0,0xcc,0x0,0x50,0x1,
0xcc,0x0,0x50,0x1,0x7d,0x0,0x0,0x0,
0x0,0x0,0x9,0x0,0xe,0x0,0x0,0x0,
0x0,0x0,0x0,0x0,0xca,0x0,0x50,0x1,
0xca,0x0,0xc0,0x1,0x0,0x0,0x0,0x0,
0x0,0x0,0x0,0x0,0x0,0x0,0x0,0x0,
0x0,0x0,0xff,0xff,0xff,0xff,0xff,0xff,
0x0,0x0,0x0,0x0,0x54,0x0,0x0,0x0,
0x54,0x0,0x0,0x0,0x54,0x0,0x0,0x0,
0x0,0x0,0x0,0x0,0x54,0x0,0x0,0x0,
0x54,0x0,0x0,0x0,0x0,0x0,0x1,0x0,
0x54,0x0,0x0,0x0,0x0,0x0,0x0,0x0,
0x6c,0x0,0x0,0x0,0xca,0x0,0x50,0x1,
0x0,0x0,0x0,0x0,0x6c,0x0,0x0,0x0,
0x0,0x0,0x0,0x0,0x6c,0x0,0x0,0x0,
0x0,0x0,0x0,0x0,0x74,0x0,0x0,0x0,
0x0,0x0,0x1,0x0,0x1,0x0,0x0,0x0,
0x0,0x0,0x0,0x0,0xca,0x0,0xc0,0x1,
0xca,0x0,0x70,0x2,0x0,0x0,0x0,0x0,
0x7e,0x0,0x0,0x0,0x0,0x0,0x0,0x0,
0x0,0x0,0xff,0xff,0xff,0xff,0xff,0xff,
0x0,0x0,0x0,0x0,0x54,0x0,0x0,0x0,
0x54,0x0,0x0,0x0,0x54,0x0,0x0,0x0,
0x0,0x0,0x0,0x0,0x54,0x0,0x0,0x0,
0x54,0x0,0x0,0x0,0x0,0x0,0xe,0x0,
0x54,0x0,0x0,0x0,0x0,0x0,0x0,0x0,
0xa4,0x1,0x0,0x0,0xcc,0x0,0x50,0x1,
0x0,0x0,0x0,0x0,0xa4,0x1,0x0,0x0,
0x0,0x0,0x0,0x0,0xa4,0x1,0x0,0x0,
0x0,0x0,0x0,0x0,0x81,0x0,0x0,0x0,
0x0,0x0,0x2,0x0,0x6,0x0,0x0,0x0,
0x0,0x0,0x0,0x0,0xd1,0x0,0x90,0x1,
0xd1,0x0,0x50,0x2,0x80,0x0,0x0,0x0,
0x0,0x0,0x2,0x0,0x4,0x0,0x0,0x0,
0x0,0x0,0x0,0x0,0xd0,0x0,0x90,0x1,
0xd0,0x0,0x80,0x2,0x7f,0x0,0x0,0x0,
0x0,0x0,0x2,0x0,0x5,0x0,0x0,0x0,
0x0,0x0,0x0,0x0,0xcf,0x0,0x90,0x1,
0xcf,0x0,0x20,0x2,0x0,0x0,0x0,0x0,
0x0,0x0,0x8,0x0,0x11,0x0,0x0,0x0,
0x0,0x0,0x0,0x0,0xd3,0x0,0x90,0x1,
0xd3,0x0,0x90,0x1,0x0,0x0,0x0,0x0,
0x0,0x0,0x8,0x0,0x12,0x0,0x0,0x0,
0x0,0x0,0x0,0x0,0xd4,0x0,0x90,0x1,
0xd4,0x0,0x90,0x1,0x0,0x0,0x0,0x0,
0x0,0x0,0x8,0x0,0x13,0x0,0x0,0x0,
0x0,0x0,0x0,0x0,0xd5,0x0,0x90,0x1,
0xd5,0x0,0x90,0x1,0x0,0x0,0x0,0x0,
0x0,0x0,0x8,0x0,0x14,0x0,0x0,0x0,
0x0,0x0,0x0,0x0,0xd6,0x0,0x90,0x1,
0xd6,0x0,0x90,0x1,0x0,0x0,0x0,0x0,
0x0,0x0,0x8,0x0,0x15,0x0,0x0,0x0,
0x0,0x0,0x0,0x0,0xd7,0x0,0x90,0x1,
0xd7,0x0,0x90,0x1,0x0,0x0,0x0,0x0,
0x0,0x0,0x8,0x0,0x16,0x0,0x0,0x0,
0x0,0x0,0x0,0x0,0xd8,0x0,0x90,0x1,
0xd8,0x0,0x90,0x1,0x0,0x0,0x0,0x0,
0x0,0x0,0x8,0x0,0x17,0x0,0x0,0x0,
0x0,0x0,0x0,0x0,0xd9,0x0,0x90,0x1,
0xd9,0x0,0x90,0x1,0x0,0x0,0x0,0x0,
0x0,0x0,0x8,0x0,0x18,0x0,0x0,0x0,
0x0,0x0,0x0,0x0,0xda,0x0,0x90,0x1,
0xda,0x0,0x90,0x1,0x0,0x0,0x0,0x0,
0x0,0x0,0x8,0x0,0x1a,0x0,0x0,0x0,
0x0,0x0,0x0,0x0,0xe0,0x0,0x90,0x1,
0xe0,0x0,0x90,0x1,0x0,0x0,0x0,0x0,
0x0,0x0,0x8,0x0,0x1b,0x0,0x0,0x0,
0x0,0x0,0x0,0x0,0xe1,0x0,0x90,0x1,
0xe1,0x0,0x90,0x1,0x6e,0x0,0x0,0x0,
0x0,0x0,0xa,0x0,0x10,0x0,0x0,0x0,
0x0,0x0,0x0,0x0,0xcd,0x0,0x90,0x1,
0xcd,0x0,0x10,0x2,0x0,0x0,0x0,0x0,
0x0,0x0,0x0,0x0,0x0,0x0,0x0,0x0,
0x0,0x0,0xff,0xff,0xff,0xff,0xff,0xff,
0x0,0x0,0x0,0x0,0x54,0x0,0x0,0x0,
0x54,0x0,0x0,0x0,0x54,0x0,0x0,0x0,
0x0,0x0,0x0,0x0,0x54,0x0,0x0,0x0,
0x54,0x0,0x0,0x0,0x0,0x0,0x2,0x0,
0x54,0x0,0x0,0x0,0x0,0x0,0x0,0x0,
0x84,0x0,0x0,0x0,0xcd,0x0,0x90,0x1,
0x0,0x0,0x0,0x0,0x84,0x0,0x0,0x0,
0x0,0x0,0x0,0x0,0x84,0x0,0x0,0x0,
0x0,0x0,0x0,0x0,0x79,0x0,0x0,0x0,
0x0,0x0,0x2,0x0,0x5,0x0,0x0,0x0,
0x0,0x0,0x0,0x0,0xce,0x0,0x10,0x2,
0xce,0x0,0xa0,0x2,0x6f,0x0,0x0,0x0,
0x0,0x0,0x7,0x0,0x39,0x0,0x0,0x0,
0x0,0x0,0x0,0x0,0xcd,0x0,0x10,0x2,
0xcd,0x0,0x70,0x2,0x0,0x0,0x0,0x0,
0x82,0x0,0x0,0x0,0x0,0x0,0x0,0x0,
0x0,0x0,0xff,0xff,0xff,0xff,0xff,0xff,
0x0,0x0,0x0,0x0,0x54,0x0,0x0,0x0,
0x54,0x0,0x0,0x0,0x54,0x0,0x0,0x0,
0x0,0x0,0x0,0x0,0x54,0x0,0x0,0x0,
0x54,0x0,0x0,0x0,0x0,0x0,0x1,0x0,
0x54,0x0,0x0,0x0,0x0,0x0,0x0,0x0,
0x6c,0x0,0x0,0x0,0xd3,0x0,0x90,0x1,
0x0,0x0,0x0,0x0,0x6c,0x0,0x0,0x0,
0x0,0x0,0x0,0x0,0x6c,0x0,0x0,0x0,
0x0,0x0,0x0,0x0,0x18,0x0,0x0,0x0,
0x0,0x0,0x5,0x0,0x2,0x0,0x0,0x0,
0x0,0x0,0x0,0x0,0xd3,0x0,0x10,0x2,
0xd3,0x0,0x70,0x2,0x0,0x0,0x0,0x0,
0x82,0x0,0x0,0x0,0x0,0x0,0x0,0x0,
0x0,0x0,0xff,0xff,0xff,0xff,0xff,0xff,
0x0,0x0,0x0,0x0,0x54,0x0,0x0,0x0,
0x54,0x0,0x0,0x0,0x54,0x0,0x0,0x0,
0x0,0x0,0x0,0x0,0x54,0x0,0x0,0x0,
0x54,0x0,0x0,0x0,0x0,0x0,0x1,0x0,
0x54,0x0,0x0,0x0,0x0,0x0,0x0,0x0,
0x6c,0x0,0x0,0x0,0xd4,0x0,0x90,0x1,
0x0,0x0,0x0,0x0,0x6c,0x0,0x0,0x0,
0x0,0x0,0x0,0x0,0x6c,0x0,0x0,0x0,
0x0,0x0,0x0,0x0,0x18,0x0,0x0,0x0,
0x0,0x0,0x7,0x0,0x3a,0x0,0x0,0x0,
0x0,0x0,0x0,0x0,0xd4,0x0,0x10,0x2,
0xd4,0x0,0x70,0x2,0x0,0x0,0x0,0x0,
0x82,0x0,0x0,0x0,0x0,0x0,0x0,0x0,
0x0,0x0,0xff,0xff,0xff,0xff,0xff,0xff,
0x0,0x0,0x0,0x0,0x54,0x0,0x0,0x0,
0x54,0x0,0x0,0x0,0x54,0x0,0x0,0x0,
0x0,0x0,0x0,0x0,0x54,0x0,0x0,0x0,
0x54,0x0,0x0,0x0,0x0,0x0,0x1,0x0,
0x54,0x0,0x0,0x0,0x0,0x0,0x0,0x0,
0x6c,0x0,0x0,0x0,0xd5,0x0,0x90,0x1,
0x0,0x0,0x0,0x0,0x6c,0x0,0x0,0x0,
0x0,0x0,0x0,0x0,0x6c,0x0,0x0,0x0,
0x0,0x0,0x0,0x0,0x18,0x0,0x0,0x0,
0x0,0x0,0x5,0x0,0x3,0x0,0x0,0x0,
0x0,0x0,0x0,0x0,0xd5,0x0,0x10,0x2,
0xd5,0x0,0x70,0x2,0x0,0x0,0x0,0x0,
0x82,0x0,0x0,0x0,0x0,0x0,0x0,0x0,
0x0,0x0,0xff,0xff,0xff,0xff,0xff,0xff,
0x0,0x0,0x0,0x0,0x54,0x0,0x0,0x0,
0x54,0x0,0x0,0x0,0x54,0x0,0x0,0x0,
0x0,0x0,0x0,0x0,0x54,0x0,0x0,0x0,
0x54,0x0,0x0,0x0,0x0,0x0,0x1,0x0,
0x54,0x0,0x0,0x0,0x0,0x0,0x0,0x0,
0x6c,0x0,0x0,0x0,0xd6,0x0,0x90,0x1,
0x0,0x0,0x0,0x0,0x6c,0x0,0x0,0x0,
0x0,0x0,0x0,0x0,0x6c,0x0,0x0,0x0,
0x0,0x0,0x0,0x0,0x18,0x0,0x0,0x0,
0x0,0x0,0x7,0x0,0x3b,0x0,0x0,0x0,
0x0,0x0,0x0,0x0,0xd6,0x0,0x10,0x2,
0xd6,0x0,0x70,0x2,0x0,0x0,0x0,0x0,
0x82,0x0,0x0,0x0,0x0,0x0,0x0,0x0,
0x0,0x0,0xff,0xff,0xff,0xff,0xff,0xff,
0x0,0x0,0x0,0x0,0x54,0x0,0x0,0x0,
0x54,0x0,0x0,0x0,0x54,0x0,0x0,0x0,
0x0,0x0,0x0,0x0,0x54,0x0,0x0,0x0,
0x54,0x0,0x0,0x0,0x0,0x0,0x1,0x0,
0x54,0x0,0x0,0x0,0x0,0x0,0x0,0x0,
0x6c,0x0,0x0,0x0,0xd7,0x0,0x90,0x1,
0x0,0x0,0x0,0x0,0x6c,0x0,0x0,0x0,
0x0,0x0,0x0,0x0,0x6c,0x0,0x0,0x0,
0x0,0x0,0x0,0x0,0x18,0x0,0x0,0x0,
0x0,0x0,0x5,0x0,0x4,0x0,0x0,0x0,
0x0,0x0,0x0,0x0,0xd7,0x0,0x10,0x2,
0xd7,0x0,0x70,0x2,0x0,0x0,0x0,0x0,
0x82,0x0,0x0,0x0,0x0,0x0,0x0,0x0,
0x0,0x0,0xff,0xff,0xff,0xff,0xff,0xff,
0x0,0x0,0x0,0x0,0x54,0x0,0x0,0x0,
0x54,0x0,0x0,0x0,0x54,0x0,0x0,0x0,
0x0,0x0,0x0,0x0,0x54,0x0,0x0,0x0,
0x54,0x0,0x0,0x0,0x0,0x0,0x1,0x0,
0x54,0x0,0x0,0x0,0x0,0x0,0x0,0x0,
0x6c,0x0,0x0,0x0,0xd8,0x0,0x90,0x1,
0x0,0x0,0x0,0x0,0x6c,0x0,0x0,0x0,
0x0,0x0,0x0,0x0,0x6c,0x0,0x0,0x0,
0x0,0x0,0x0,0x0,0x18,0x0,0x0,0x0,
0x0,0x0,0x7,0x0,0x3c,0x0,0x0,0x0,
0x0,0x0,0x0,0x0,0xd8,0x0,0x10,0x2,
0xd8,0x0,0x70,0x2,0x0,0x0,0x0,0x0,
0x82,0x0,0x0,0x0,0x0,0x0,0x0,0x0,
0x0,0x0,0xff,0xff,0xff,0xff,0xff,0xff,
0x0,0x0,0x0,0x0,0x54,0x0,0x0,0x0,
0x54,0x0,0x0,0x0,0x54,0x0,0x0,0x0,
0x0,0x0,0x0,0x0,0x54,0x0,0x0,0x0,
0x54,0x0,0x0,0x0,0x0,0x0,0x1,0x0,
0x54,0x0,0x0,0x0,0x0,0x0,0x0,0x0,
0x6c,0x0,0x0,0x0,0xd9,0x0,0x90,0x1,
0x0,0x0,0x0,0x0,0x6c,0x0,0x0,0x0,
0x0,0x0,0x0,0x0,0x6c,0x0,0x0,0x0,
0x0,0x0,0x0,0x0,0x18,0x0,0x0,0x0,
0x0,0x0,0x5,0x0,0x5,0x0,0x0,0x0,
0x0,0x0,0x0,0x0,0xd9,0x0,0x10,0x2,
0xd9,0x0,0x70,0x2,0x0,0x0,0x0,0x0,
0x82,0x0,0x0,0x0,0x0,0x0,0x0,0x0,
0x0,0x0,0xff,0xff,0xff,0xff,0xff,0xff,
0x0,0x0,0x0,0x0,0x54,0x0,0x0,0x0,
0x54,0x0,0x0,0x0,0x54,0x0,0x0,0x0,
0x0,0x0,0x0,0x0,0x54,0x0,0x0,0x0,
0x54,0x0,0x0,0x0,0x0,0x0,0x3,0x0,
0x54,0x0,0x0,0x0,0x0,0x0,0x0,0x0,
0x9c,0x0,0x0,0x0,0xda,0x0,0x90,0x1,
0x0,0x0,0x0,0x0,0x9c,0x0,0x0,0x0,
0x0,0x0,0x0,0x0,0x9c,0x0,0x0,0x0,
0x0,0x0,0x0,0x0,0x87,0x0,0x0,0x0,
0x0,0x0,0x7,0x0,0x3e,0x0,0x0,0x0,
0x0,0x0,0x0,0x0,0xdd,0x0,0xd0,0x1,
0xdd,0x0,0x40,0x2,0x18,0x0,0x0,0x0,
0x0,0x0,0x7,0x0,0x3d,0x0,0x0,0x0,
0x0,0x0,0x0,0x0,0xdc,0x0,0xd0,0x1,
0xdc,0x0,0x30,0x2,0x7d,0x0,0x0,0x0,
0x0,0x0,0x9,0x0,0x19,0x0,0x0,0x0,
0x0,0x0,0x0,0x0,0xdb,0x0,0xd0,0x1,
0xdb,0x0,0x40,0x2,0x0,0x0,0x0,0x0,
0x0,0x0,0x0,0x0,0x0,0x0,0x0,0x0,
0x0,0x0,0xff,0xff,0xff,0xff,0xff,0xff,
0x0,0x0,0x0,0x0,0x54,0x0,0x0,0x0,
0x54,0x0,0x0,0x0,0x54,0x0,0x0,0x0,
0x0,0x0,0x0,0x0,0x54,0x0,0x0,0x0,
0x54,0x0,0x0,0x0,0x0,0x0,0x1,0x0,
0x54,0x0,0x0,0x0,0x0,0x0,0x0,0x0,
0x6c,0x0,0x0,0x0,0xdb,0x0,0xd0,0x1,
0x0,0x0,0x0,0x0,0x6c,0x0,0x0,0x0,
0x0,0x0,0x0,0x0,0x6c,0x0,0x0,0x0,
0x0,0x0,0x0,0x0,0x74,0x0,0x0,0x0,
0x0,0x0,0x1,0x0,0x1,0x0,0x0,0x0,
0x0,0x0,0x0,0x0,0xdb,0x0,0x40,0x2,
0xdb,0x0,0xf0,0x2,0x0,0x0,0x0,0x0,
0x82,0x0,0x0,0x0,0x0,0x0,0x0,0x0,
0x0,0x0,0xff,0xff,0xff,0xff,0xff,0xff,
0x0,0x0,0x0,0x0,0x54,0x0,0x0,0x0,
0x54,0x0,0x0,0x0,0x54,0x0,0x0,0x0,
0x0,0x0,0x0,0x0,0x54,0x0,0x0,0x0,
0x54,0x0,0x0,0x0,0x0,0x0,0x1,0x0,
0x54,0x0,0x0,0x0,0x0,0x0,0x0,0x0,
0x6c,0x0,0x0,0x0,0xe0,0x0,0x90,0x1,
0x0,0x0,0x0,0x0,0x6c,0x0,0x0,0x0,
0x0,0x0,0x0,0x0,0x6c,0x0,0x0,0x0,
0x0,0x0,0x0,0x0,0x18,0x0,0x0,0x0,
0x0,0x0,0x5,0x0,0x6,0x0,0x0,0x0,
0x0,0x0,0x0,0x0,0xe0,0x0,0x10,0x2,
0xe0,0x0,0x70,0x2,0x0,0x0,0x0,0x0,
0x82,0x0,0x0,0x0,0x0,0x0,0x0,0x0,
0x0,0x0,0xff,0xff,0xff,0xff,0xff,0xff,
0x0,0x0,0x0,0x0,0x54,0x0,0x0,0x0,
0x54,0x0,0x0,0x0,0x54,0x0,0x0,0x0,
0x0,0x0,0x0,0x0,0x54,0x0,0x0,0x0,
0x54,0x0,0x0,0x0,0x0,0x0,0x4,0x0,
0x54,0x0,0x0,0x0,0x0,0x0,0x0,0x0,
0xb4,0x0,0x0,0x0,0xe1,0x0,0x90,0x1,
0x0,0x0,0x0,0x0,0xb4,0x0,0x0,0x0,
0x0,0x0,0x0,0x0,0xb4,0x0,0x0,0x0,
0x0,0x0,0x0,0x0,0x87,0x0,0x0,0x0,
0x0,0x0,0x7,0x0,0x41,0x0,0x0,0x0,
0x0,0x0,0x0,0x0,0xe6,0x0,0xd0,0x1,
0xe6,0x0,0x40,0x2,0x76,0x0,0x0,0x0,
0x0,0x0,0x7,0x0,0x40,0x0,0x0,0x0,
0x0,0x0,0x0,0x0,0xe5,0x0,0xd0,0x1,
0xe5,0x0,0x40,0x2,0x18,0x0,0x0,0x0,
0x0,0x0,0x7,0x0,0x3f,0x0,0x0,0x0,
0x0,0x0,0x0,0x0,0xe4,0x0,0xd0,0x1,
0xe4,0x0,0x30,0x2,0x7d,0x0,0x0,0x0,
0x0,0x0,0x9,0x0,0x1c,0x0,0x0,0x0,
0x0,0x0,0x0,0x0,0xe2,0x0,0xd0,0x1,
0xe2,0x0,0x40,0x2,0x0,0x0,0x0,0x0,
0x0,0x0,0x0,0x0,0x0,0x0,0x0,0x0,
0x0,0x0,0xff,0xff,0xff,0xff,0xff,0xff,
0x0,0x0,0x0,0x0,0x54,0x0,0x0,0x0,
0x54,0x0,0x0,0x0,0x54,0x0,0x0,0x0,
0x0,0x0,0x0,0x0,0x54,0x0,0x0,0x0,
0x54,0x0,0x0,0x0,0x0,0x0,0x2,0x0,
0x54,0x0,0x0,0x0,0x0,0x0,0x0,0x0,
0x84,0x0,0x0,0x0,0xe2,0x0,0xd0,0x1,
0x0,0x0,0x0,0x0,0x84,0x0,0x0,0x0,
0x0,0x0,0x0,0x0,0x84,0x0,0x0,0x0,
0x0,0x0,0x0,0x0,0x74,0x0,0x0,0x0,
0x0,0x0,0x1,0x0,0x1,0x0,0x0,0x0,
0x0,0x0,0x0,0x0,0xe3,0x0,0x40,0x2,
0xe3,0x0,0xf0,0x2,0x8a,0x0,0x0,0x0,
0x0,0x0,0x2,0x0,0x7,0x0,0x0,0x0,
0x0,0x0,0x0,0x0,0xe2,0x0,0x40,0x2,
0xe2,0x0,0x0,0x3,0x0,0x0,0x0,0x0,
0x8c,0x0,0x0,0x0,0x8d,0x0,0x0,0x0,
0x0,0x0,0xff,0xff,0xff,0xff,0xff,0xff,
0x0,0x0,0x0,0x0,0x54,0x0,0x0,0x0,
0x54,0x0,0x0,0x0,0x54,0x0,0x0,0x0,
0x0,0x0,0x0,0x0,0x54,0x0,0x0,0x0,
0x54,0x0,0x0,0x0,0x0,0x0,0x9,0x0,
0x54,0x0,0x0,0x0,0x0,0x0,0x0,0x0,
0x2c,0x1,0x0,0x0,0xeb,0x0,0x10,0x1,
0xec,0x0,0x50,0x1,0x2c,0x1,0x0,0x0,
0x0,0x0,0x0,0x0,0x2c,0x1,0x0,0x0,
0x0,0x0,0x0,0x0,0x0,0x0,0x0,0x0,
0x0,0x0,0x8,0x0,0x1f,0x0,0x0,0x0,
0x0,0x0,0x0,0x0,0xee,0x0,0x50,0x1,
0xee,0x0,0x50,0x1,0x0,0x0,0x0,0x0,
0x0,0x0,0x8,0x0,0x20,0x0,0x0,0x0,
0x0,0x0,0x0,0x0,0xef,0x0,0x50,0x1,
0xef,0x0,0x50,0x1,0x0,0x0,0x0,0x0,
0x0,0x0,0x8,0x0,0x21,0x0,0x0,0x0,
0x0,0x0,0x0,0x0,0xf0,0x0,0x50,0x1,
0xf0,0x0,0x50,0x1,0x0,0x0,0x0,0x0,
0x0,0x0,0x8,0x0,0x22,0x0,0x0,0x0,
0x0,0x0,0x0,0x0,0xf1,0x0,0x50,0x1,
0xf1,0x0,0x50,0x1,0x0,0x0,0x0,0x0,
0x0,0x0,0x8,0x0,0x23,0x0,0x0,0x0,
0x0,0x0,0x0,0x0,0xf2,0x0,0x50,0x1,
0xf2,0x0,0x50,0x1,0x0,0x0,0x0,0x0,
0x0,0x0,0x8,0x0,0x24,0x0,0x0,0x0,
0x0,0x0,0x0,0x0,0xf3,0x0,0x50,0x1,
0xf3,0x0,0x50,0x1,0x0,0x0,0x0,0x0,
0x0,0x0,0x8,0x0,0x25,0x0,0x0,0x0,
0x0,0x0,0x0,0x0,0xf4,0x0,0x50,0x1,
0xf4,0x0,0x50,0x1,0x0,0x0,0x0,0x0,
0x0,0x0,0x8,0x0,0x26,0x0,0x0,0x0,
0x0,0x0,0x0,0x0,0xf5,0x0,0x50,0x1,
0xf5,0x0,0x50,0x1,0x7d,0x0,0x0,0x0,
0x0,0x0,0x9,0x0,0x1e,0x0,0x0,0x0,
0x0,0x0,0x0,0x0,0xed,0x0,0x50,0x1,
0xed,0x0,0xc0,0x1,0x0,0x0,0x0,0x0,
0x0,0x0,0x0,0x0,0x0,0x0,0x0,0x0,
0x0,0x0,0xff,0xff,0xff,0xff,0xff,0xff,
0x0,0x0,0x0,0x0,0x54,0x0,0x0,0x0,
0x54,0x0,0x0,0x0,0x54,0x0,0x0,0x0,
0x0,0x0,0x0,0x0,0x54,0x0,0x0,0x0,
0x54,0x0,0x0,0x0,0x0,0x0,0x1,0x0,
0x54,0x0,0x0,0x0,0x0,0x0,0x0,0x0,
0x6c,0x0,0x0,0x0,0xed,0x0,0x50,0x1,
0x0,0x0,0x0,0x0,0x6c,0x0,0x0,0x0,
0x0,0x0,0x0,0x0,0x6c,0x0,0x0,0x0,
0x0,0x0,0x0,0x0,0x74,0x0,0x0,0x0,
0x0,0x0,0x1,0x0,0x1,0x0,0x0,0x0,
0x0,0x0,0x0,0x0,0xed,0x0,0xc0,0x1,
0xed,0x0,0x70,0x2,0x0,0x0,0x0,0x0,
0x8e,0x0,0x0,0x0,0x0,0x0,0x0,0x0,
0x0,0x0,0xff,0xff,0xff,0xff,0xff,0xff,
0x0,0x0,0x0,0x0,0x54,0x0,0x0,0x0,
0x54,0x0,0x0,0x0,0x54,0x0,0x0,0x0,
0x0,0x0,0x0,0x0,0x54,0x0,0x0,0x0,
0x54,0x0,0x0,0x0,0x0,0x0,0x1,0x0,
0x54,0x0,0x0,0x0,0x0,0x0,0x0,0x0,
0x6c,0x0,0x0,0x0,0xee,0x0,0x50,0x1,
0x0,0x0,0x0,0x0,0x6c,0x0,0x0,0x0,
0x0,0x0,0x0,0x0,0x6c,0x0,0x0,0x0,
0x0,0x0,0x0,0x0,0x18,0x0,0x0,0x0,
0x0,0x0,0x5,0x0,0x7,0x0,0x0,0x0,
0x0,0x0,0x0,0x0,0xee,0x0,0x10,0x2,
0xee,0x0,0x70,0x2,0x0,0x0,0x0,0x0,
0x8e,0x0,0x0,0x0,0x0,0x0,0x0,0x0,
0x0,0x0,0xff,0xff,0xff,0xff,0xff,0xff,
0x0,0x0,0x0,0x0,0x54,0x0,0x0,0x0,
0x54,0x0,0x0,0x0,0x54,0x0,0x0,0x0,
0x0,0x0,0x0,0x0,0x54,0x0,0x0,0x0,
0x54,0x0,0x0,0x0,0x0,0x0,0x1,0x0,
0x54,0x0,0x0,0x0,0x0,0x0,0x0,0x0,
0x6c,0x0,0x0,0x0,0xef,0x0,0x50,0x1,
0x0,0x0,0x0,0x0,0x6c,0x0,0x0,0x0,
0x0,0x0,0x0,0x0,0x6c,0x0,0x0,0x0,
0x0,0x0,0x0,0x0,0x18,0x0,0x0,0x0,
0x0,0x0,0x5,0x0,0x8,0x0,0x0,0x0,
0x0,0x0,0x0,0x0,0xef,0x0,0x10,0x2,
0xef,0x0,0x70,0x2,0x0,0x0,0x0,0x0,
0x8e,0x0,0x0,0x0,0x0,0x0,0x0,0x0,
0x0,0x0,0xff,0xff,0xff,0xff,0xff,0xff,
0x0,0x0,0x0,0x0,0x54,0x0,0x0,0x0,
0x54,0x0,0x0,0x0,0x54,0x0,0x0,0x0,
0x0,0x0,0x0,0x0,0x54,0x0,0x0,0x0,
0x54,0x0,0x0,0x0,0x0,0x0,0x1,0x0,
0x54,0x0,0x0,0x0,0x0,0x0,0x0,0x0,
0x6c,0x0,0x0,0x0,0xf0,0x0,0x50,0x1,
0x0,0x0,0x0,0x0,0x6c,0x0,0x0,0x0,
0x0,0x0,0x0,0x0,0x6c,0x0,0x0,0x0,
0x0,0x0,0x0,0x0,0x18,0x0,0x0,0x0,
0x0,0x0,0x5,0x0,0x9,0x0,0x0,0x0,
0x0,0x0,0x0,0x0,0xf0,0x0,0x10,0x2,
0xf0,0x0,0x70,0x2,0x0,0x0,0x0,0x0,
0x8e,0x0,0x0,0x0,0x0,0x0,0x0,0x0,
0x0,0x0,0xff,0xff,0xff,0xff,0xff,0xff,
0x0,0x0,0x0,0x0,0x54,0x0,0x0,0x0,
0x54,0x0,0x0,0x0,0x54,0x0,0x0,0x0,
0x0,0x0,0x0,0x0,0x54,0x0,0x0,0x0,
0x54,0x0,0x0,0x0,0x0,0x0,0x1,0x0,
0x54,0x0,0x0,0x0,0x0,0x0,0x0,0x0,
0x6c,0x0,0x0,0x0,0xf1,0x0,0x50,0x1,
0x0,0x0,0x0,0x0,0x6c,0x0,0x0,0x0,
0x0,0x0,0x0,0x0,0x6c,0x0,0x0,0x0,
0x0,0x0,0x0,0x0,0x18,0x0,0x0,0x0,
0x0,0x0,0x5,0x0,0xa,0x0,0x0,0x0,
0x0,0x0,0x0,0x0,0xf1,0x0,0x10,0x2,
0xf1,0x0,0x70,0x2,0x0,0x0,0x0,0x0,
0x8e,0x0,0x0,0x0,0x0,0x0,0x0,0x0,
0x0,0x0,0xff,0xff,0xff,0xff,0xff,0xff,
0x0,0x0,0x0,0x0,0x54,0x0,0x0,0x0,
0x54,0x0,0x0,0x0,0x54,0x0,0x0,0x0,
0x0,0x0,0x0,0x0,0x54,0x0,0x0,0x0,
0x54,0x0,0x0,0x0,0x0,0x0,0x1,0x0,
0x54,0x0,0x0,0x0,0x0,0x0,0x0,0x0,
0x6c,0x0,0x0,0x0,0xf2,0x0,0x50,0x1,
0x0,0x0,0x0,0x0,0x6c,0x0,0x0,0x0,
0x0,0x0,0x0,0x0,0x6c,0x0,0x0,0x0,
0x0,0x0,0x0,0x0,0x18,0x0,0x0,0x0,
0x0,0x0,0x5,0x0,0xb,0x0,0x0,0x0,
0x0,0x0,0x0,0x0,0xf2,0x0,0x10,0x2,
0xf2,0x0,0x70,0x2,0x0,0x0,0x0,0x0,
0x8e,0x0,0x0,0x0,0x0,0x0,0x0,0x0,
0x0,0x0,0xff,0xff,0xff,0xff,0xff,0xff,
0x0,0x0,0x0,0x0,0x54,0x0,0x0,0x0,
0x54,0x0,0x0,0x0,0x54,0x0,0x0,0x0,
0x0,0x0,0x0,0x0,0x54,0x0,0x0,0x0,
0x54,0x0,0x0,0x0,0x0,0x0,0x1,0x0,
0x54,0x0,0x0,0x0,0x0,0x0,0x0,0x0,
0x6c,0x0,0x0,0x0,0xf3,0x0,0x50,0x1,
0x0,0x0,0x0,0x0,0x6c,0x0,0x0,0x0,
0x0,0x0,0x0,0x0,0x6c,0x0,0x0,0x0,
0x0,0x0,0x0,0x0,0x18,0x0,0x0,0x0,
0x0,0x0,0x5,0x0,0xc,0x0,0x0,0x0,
0x0,0x0,0x0,0x0,0xf3,0x0,0x10,0x2,
0xf3,0x0,0x70,0x2,0x0,0x0,0x0,0x0,
0x8e,0x0,0x0,0x0,0x0,0x0,0x0,0x0,
0x0,0x0,0xff,0xff,0xff,0xff,0xff,0xff,
0x0,0x0,0x0,0x0,0x54,0x0,0x0,0x0,
0x54,0x0,0x0,0x0,0x54,0x0,0x0,0x0,
0x0,0x0,0x0,0x0,0x54,0x0,0x0,0x0,
0x54,0x0,0x0,0x0,0x0,0x0,0x1,0x0,
0x54,0x0,0x0,0x0,0x0,0x0,0x0,0x0,
0x6c,0x0,0x0,0x0,0xf4,0x0,0x50,0x1,
0x0,0x0,0x0,0x0,0x6c,0x0,0x0,0x0,
0x0,0x0,0x0,0x0,0x6c,0x0,0x0,0x0,
0x0,0x0,0x0,0x0,0x18,0x0,0x0,0x0,
0x0,0x0,0x5,0x0,0xd,0x0,0x0,0x0,
0x0,0x0,0x0,0x0,0xf4,0x0,0x10,0x2,
0xf4,0x0,0x70,0x2,0x0,0x0,0x0,0x0,
0x8e,0x0,0x0,0x0,0x0,0x0,0x0,0x0,
0x0,0x0,0xff,0xff,0xff,0xff,0xff,0xff,
0x0,0x0,0x0,0x0,0x54,0x0,0x0,0x0,
0x54,0x0,0x0,0x0,0x54,0x0,0x0,0x0,
0x0,0x0,0x0,0x0,0x54,0x0,0x0,0x0,
0x54,0x0,0x0,0x0,0x0,0x0,0x1,0x0,
0x54,0x0,0x0,0x0,0x0,0x0,0x0,0x0,
0x6c,0x0,0x0,0x0,0xf5,0x0,0x50,0x1,
0x0,0x0,0x0,0x0,0x6c,0x0,0x0,0x0,
0x0,0x0,0x0,0x0,0x6c,0x0,0x0,0x0,
0x0,0x0,0x0,0x0,0x18,0x0,0x0,0x0,
0x0,0x0,0x5,0x0,0xe,0x0,0x0,0x0,
0x0,0x0,0x0,0x0,0xf5,0x0,0x10,0x2,
0xf5,0x0,0x70,0x2,0x0,0x0,0x0,0x0,
0x97,0x0,0x0,0x0,0x0,0x0,0x0,0x0,
0x0,0x0,0xff,0xff,0xff,0xff,0xff,0xff,
0x0,0x0,0x0,0x0,0x54,0x0,0x0,0x0,
0x54,0x0,0x0,0x0,0x54,0x0,0x0,0x0,
0x0,0x0,0x0,0x0,0x54,0x0,0x0,0x0,
0x54,0x0,0x0,0x0,0x0,0x0,0xa,0x0,
0x54,0x0,0x0,0x0,0x0,0x0,0x0,0x0,
0x44,0x1,0x0,0x0,0xf8,0x0,0x10,0x1,
0x0,0x0,0x0,0x0,0x44,0x1,0x0,0x0,
0x0,0x0,0x0,0x0,0x44,0x1,0x0,0x0,
0x0,0x0,0x0,0x0,0x99,0x0,0x0,0x0,
0x0,0x0,0x7,0x0,0x42,0x0,0x0,0x0,
0x0,0x0,0x0,0x0,0xfb,0x0,0x50,0x1,
0xfb,0x0,0x30,0x2,0x0,0x0,0x0,0x0,
0x0,0x0,0x8,0x0,0x29,0x0,0x0,0x0,
0x0,0x0,0x0,0x0,0xfd,0x0,0x50,0x1,
0xfd,0x0,0x50,0x1,0x0,0x0,0x0,0x0,
0x0,0x0,0x8,0x0,0x39,0x0,0x0,0x0,
0x0,0x0,0x0,0x0,0x2e,0x1,0x50,0x1,
0x2e,0x1,0x50,0x1,0x0,0x0,0x0,0x0,
0x0,0x0,0x8,0x0,0x55,0x0,0x0,0x0,
0x0,0x0,0x0,0x0,0x82,0x1,0x50,0x1,
0x82,0x1,0x50,0x1,0x0,0x0,0x0,0x0,
0x0,0x0,0x8,0x0,0x7b,0x0,0x0,0x0,
0x0,0x0,0x0,0x0,0xec,0x1,0x50,0x1,
0xec,0x1,0x50,0x1,0x0,0x0,0x0,0x0,
0x0,0x0,0x8,0x0,0x9c,0x0,0x0,0x0,
0x0,0x0,0x0,0x0,0x48,0x2,0x50,0x1,
0x48,0x2,0x50,0x1,0x0,0x0,0x0,0x0,
0x0,0x0,0x8,0x0,0xc1,0x0,0x0,0x0,
0x0,0x0,0x0,0x0,0x9a,0x2,0x50,0x1,
0x9a,0x2,0x50,0x1,0x0,0x0,0x0,0x0,
0x0,0x0,0x8,0x0,0xf8,0x0,0x0,0x0,
0x0,0x0,0x0,0x0,0x3b,0x3,0x50,0x1,
0x3b,0x3,0x50,0x1,0x0,0x0,0x0,0x0,
0x0,0x0,0x8,0x0,0x19,0x1,0x0,0x0,
0x0,0x0,0x0,0x0,0x8e,0x3,0x50,0x1,
0x8e,0x3,0x50,0x1,0x7d,0x0,0x0,0x0,
0x0,0x0,0x9,0x0,0x28,0x0,0x0,0x0,
0x0,0x0,0x0,0x0,0xf9,0x0,0x50,0x1,
0xf9,0x0,0xc0,0x1,0x0,0x0,0x0,0x0,
0x0,0x0,0x0,0x0,0x0,0x0,0x0,0x0,
0x0,0x0,0xff,0xff,0xff,0xff,0xff,0xff,
0x0,0x0,0x0,0x0,0x54,0x0,0x0,0x0,
0x54,0x0,0x0,0x0,0x54,0x0,0x0,0x0,
0x0,0x0,0x0,0x0,0x54,0x0,0x0,0x0,
0x54,0x0,0x0,0x0,0x0,0x0,0x2,0x0,
0x54,0x0,0x0,0x0,0x0,0x0,0x0,0x0,
0x84,0x0,0x0,0x0,0xf9,0x0,0x50,0x1,
0x0,0x0,0x0,0x0,0x84,0x0,0x0,0x0,
0x0,0x0,0x0,0x0,0x84,0x0,0x0,0x0,
0x0,0x0,0x0,0x0,0x98,0x0,0x0,0x0,
0x0,0x0,0x1,0x0,0x1,0x0,0x0,0x0,
0x0,0x0,0x0,0x0,0xfa,0x0,0xc0,0x1,
0xfa,0x0,0x80,0x2,0x74,0x0,0x0,0x0,
0x0,0x0,0x1,0x0,0x1,0x0,0x0,0x0,
0x0,0x0,0x0,0x0,0xf9,0x0,0xc0,0x1,
0xf9,0x0,0x70,0x2,0x0,0x0,0x0,0x0,
0x9b,0x0,0x0,0x0,0x0,0x0,0x0,0x0,
0x0,0x0,0xff,0xff,0xff,0xff,0xff,0xff,
0x0,0x0,0x0,0x0,0x54,0x0,0x0,0x0,
0x54,0x0,0x0,0x0,0x54,0x0,0x0,0x0,
0x0,0x0,0x0,0x0,0x54,0x0,0x0,0x0,
0x54,0x0,0x0,0x0,0x0,0x0,0x2,0x0,
0x54,0x0,0x0,0x0,0x0,0x0,0x0,0x0,
0x84,0x0,0x0,0x0,0xfd,0x0,0x50,0x1,
0x0,0x0,0x0,0x0,0x84,0x0,0x0,0x0,
0x0,0x0,0x0,0x0,0x84,0x0,0x0,0x0,
0x0,0x0,0x0,0x0,0x9c,0x0,0x0,0x0,
0x0,0x0,0x1,0x0,0x1,0x0,0x0,0x0,
0x0,0x0,0x0,0x0,0xfe,0x0,0x90,0x1,
0xfe,0x0,0xf0,0x1,0x0,0x0,0x0,0x0,
0x0,0x0,0x8,0x0,0x2a,0x0,0x0,0x0,
0x0,0x0,0x0,0x0,0xff,0x0,0x90,0x1,
0xff,0x0,0x90,0x1,0x0,0x0,0x0,0x0,
0x78,0x0,0x0,0x0,0x0,0x0,0x0,0x0,
0x0,0x0,0xff,0xff,0xff,0xff,0xff,0xff,
0x0,0x0,0x0,0x0,0x54,0x0,0x0,0x0,
0x54,0x0,0x0,0x0,0x54,0x0,0x0,0x0,
0x0,0x0,0x0,0x0,0x54,0x0,0x0,0x0,
0x54,0x0,0x0,0x0,0x0,0x0,0x4,0x0,
0x54,0x0,0x0,0x0,0x0,0x0,0x0,0x0,
0xb4,0x0,0x0,0x0,0xff,0x0,0x90,0x1,
0x0,0x0,0x0,0x0,0xb4,0x0,0x0,0x0,
0x0,0x0,0x0,0x0,0xb4,0x0,0x0,0x0,
0x0,0x0,0x0,0x0,0x7a,0x0,0x0,0x0,
0x0,0x0,0x2,0x0,0x4,0x0,0x0,0x0,
0x0,0x0,0x0,0x0,0x1,0x1,0xd0,0x1,
0x1,0x1,0x60,0x2,0x6,0x0,0x0,0x0,
0x0,0x0,0x7,0x0,0x43,0x0,0x0,0x0,
0x0,0x0,0x0,0x0,0x0,0x1,0xd0,0x1,
0x0,0x1,0x40,0x2,0x0,0x0,0x0,0x0,
0x0,0x0,0x8,0x0,0x2b,0x0,0x0,0x0,
0x0,0x0,0x0,0x0,0x3,0x1,0xd0,0x1,
0x3,0x1,0xd0,0x1,0x0,0x0,0x0,0x0,
0x0,0x0,0x8,0x0,0x35,0x0,0x0,0x0,
0x0,0x0,0x0,0x0,0x21,0x1,0xd0,0x1,
0x21,0x1,0xd0,0x1,0x0,0x0,0x0,0x0,
0x7b,0x0,0x0,0x0,0x0,0x0,0x0,0x0,
0x0,0x0,0xff,0xff,0xff,0xff,0xff,0xff,
0x0,0x0,0x0,0x0,0x54,0x0,0x0,0x0,
0x54,0x0,0x0,0x0,0x54,0x0,0x0,0x0,
0x0,0x0,0x0,0x0,0x54,0x0,0x0,0x0,
0x54,0x0,0x0,0x0,0x0,0x0,0x3,0x0,
0x54,0x0,0x0,0x0,0x0,0x0,0x0,0x0,
0x9c,0x0,0x0,0x0,0x3,0x1,0xd0,0x1,
0x0,0x0,0x0,0x0,0x9c,0x0,0x0,0x0,
0x0,0x0,0x0,0x0,0x9c,0x0,0x0,0x0,
0x0,0x0,0x0,0x0,0x9,0x0,0x0,0x0,
0x0,0x0,0x5,0x0,0xf,0x0,0x0,0x0,
0x0,0x0,0x0,0x0,0x4,0x1,0x10,0x2,
0x4,0x1,0x80,0x2,0x0,0x0,0x0,0x0,
0x0,0x0,0x8,0x0,0x2d,0x0,0x0,0x0,
0x0,0x0,0x0,0x0,0x6,0x1,0x10,0x2,
0x6,0x1,0x10,0x2,0x7d,0x0,0x0,0x0,
0x0,0x0,0x9,0x0,0x2c,0x0,0x0,0x0,
0x0,0x0,0x0,0x0,0x5,0x1,0x10,0x2,
0x5,0x1,0x80,0x2,0x0,0x0,0x0,0x0,
0x0,0x0,0x0,0x0,0x0,0x0,0x0,0x0,
0x0,0x0,0xff,0xff,0xff,0xff,0xff,0xff,
0x0,0x0,0x0,0x0,0x54,0x0,0x0,0x0,
0x54,0x0,0x0,0x0,0x54,0x0,0x0,0x0,
0x0,0x0,0x0,0x0,0x54,0x0,0x0,0x0,
0x54,0x0,0x0,0x0,0x0,0x0,0x1,0x0,
0x54,0x0,0x0,0x0,0x0,0x0,0x0,0x0,
0x6c,0x0,0x0,0x0,0x5,0x1,0x10,0x2,
0x0,0x0,0x0,0x0,0x6c,0x0,0x0,0x0,
0x0,0x0,0x0,0x0,0x6c,0x0,0x0,0x0,
0x0,0x0,0x0,0x0,0x74,0x0,0x0,0x0,
0x0,0x0,0x1,0x0,0x1,0x0,0x0,0x0,
0x0,0x0,0x0,0x0,0x5,0x1,0x80,0x2,
0x5,0x1,0x30,0x3,0x0,0x0,0x0,0x0,
0x9f,0x0,0x0,0x0,0x0,0x0,0x0,0x0,
0x0,0x0,0xff,0xff,0xff,0xff,0xff,0xff,
0x0,0x0,0x0,0x0,0x54,0x0,0x0,0x0,
0x54,0x0,0x0,0x0,0x54,0x0,0x0,0x0,
0x0,0x0,0x0,0x0,0x54,0x0,0x0,0x0,
0x54,0x0,0x0,0x0,0x0,0x0,0x7,0x0,
0x54,0x0,0x0,0x0,0x0,0x0,0x0,0x0,
0xfc,0x0,0x0,0x0,0x6,0x1,0x10,0x2,
0x0,0x0,0x0,0x0,0xfc,0x0,0x0,0x0,
0x0,0x0,0x0,0x0,0xfc,0x0,0x0,0x0,
0x0,0x0,0x0,0x0,0x7a,0x0,0x0,0x0,
0x0,0x0,0x2,0x0,0x5,0x0,0x0,0x0,
0x0,0x0,0x0,0x0,0x9,0x1,0x50,0x2,
0x9,0x1,0xe0,0x2,0x0,0x0,0x0,0x0,
0x0,0x0,0x8,0x0,0x2f,0x0,0x0,0x0,
0x0,0x0,0x0,0x0,0xa,0x1,0x50,0x2,
0xa,0x1,0x50,0x2,0x0,0x0,0x0,0x0,
0x0,0x0,0x8,0x0,0x30,0x0,0x0,0x0,
0x0,0x0,0x0,0x0,0xe,0x1,0x50,0x2,
0xe,0x1,0x50,0x2,0x0,0x0,0x0,0x0,
0x0,0x0,0x8,0x0,0x31,0x0,0x0,0x0,
0x0,0x0,0x0,0x0,0x12,0x1,0x50,0x2,
0x12,0x1,0x50,0x2,0x0,0x0,0x0,0x0,
0x0,0x0,0x8,0x0,0x32,0x0,0x0,0x0,
0x0,0x0,0x0,0x0,0x16,0x1,0x50,0x2,
0x16,0x1,0x50,0x2,0x0,0x0,0x0,0x0,
0x0,0x0,0x8,0x0,0x33,0x0,0x0,0x0,
0x0,0x0,0x0,0x0,0x1d,0x1,0x50,0x2,
0x1d,0x1,0x50,0x2,0x6e,0x0,0x0,0x0,
0x0,0x0,0xa,0x0,0x2e,0x0,0x0,0x0,
0x0,0x0,0x0,0x0,0x7,0x1,0x50,0x2,
0x7,0x1,0xd0,0x2,0x0,0x0,0x0,0x0,
0x0,0x0,0x0,0x0,0x0,0x0,0x0,0x0,
0x0,0x0,0xff,0xff,0xff,0xff,0xff,0xff,
0x0,0x0,0x0,0x0,0x54,0x0,0x0,0x0,
0x54,0x0,0x0,0x0,0x54,0x0,0x0,0x0,
0x0,0x0,0x0,0x0,0x54,0x0,0x0,0x0,
0x54,0x0,0x0,0x0,0x0,0x0,0x2,0x0,
0x54,0x0,0x0,0x0,0x0,0x0,0x0,0x0,
0x84,0x0,0x0,0x0,0x7,0x1,0x50,0x2,
0x0,0x0,0x0,0x0,0x84,0x0,0x0,0x0,
0x0,0x0,0x0,0x0,0x84,0x0,0x0,0x0,
0x0,0x0,0x0,0x0,0x79,0x0,0x0,0x0,
0x0,0x0,0x2,0x0,0x5,0x0,0x0,0x0,
0x0,0x0,0x0,0x0,0x8,0x1,0xd0,0x2,
0x8,0x1,0x60,0x3,0x6f,0x0,0x0,0x0,
0x0,0x0,0x7,0x0,0x44,0x0,0x0,0x0,
0x0,0x0,0x0,0x0,0x7,0x1,0xd0,0x2,
0x7,0x1,0x30,0x3,0x0,0x0,0x0,0x0,
0xa0,0x0,0x0,0x0,0x0,0x0,0x0,0x0,
0x0,0x0,0xff,0xff,0xff,0xff,0xff,0xff,
0x0,0x0,0x0,0x0,0x54,0x0,0x0,0x0,
0x54,0x0,0x0,0x0,0x54,0x0,0x0,0x0,
0x0,0x0,0x0,0x0,0x54,0x0,0x0,0x0,
0x54,0x0,0x0,0x0,0x0,0x0,0x2,0x0,
0x54,0x0,0x0,0x0,0x0,0x0,0x0,0x0,
0x84,0x0,0x0,0x0,0xa,0x1,0x50,0x2,
0x0,0x0,0x0,0x0,0x84,0x0,0x0,0x0,
0x0,0x0,0x0,0x0,0x84,0x0,0x0,0x0,
0x0,0x0,0x0,0x0,0xa2,0x0,0x0,0x0,
0x0,0x0,0x7,0x0,0x45,0x0,0x0,0x0,
0x0,0x0,0x0,0x0,0xc,0x1,0x90,0x2,
0xc,0x1,0x40,0x3,0x18,0x0,0x0,0x0,
0x0,0x0,0x5,0x0,0x10,0x0,0x0,0x0,
0x0,0x0,0x0,0x0,0xb,0x1,0x90,0x2,
0xb,0x1,0xf0,0x2,0x0,0x0,0x0,0x0,
0xa0,0x0,0x0,0x0,0x0,0x0,0x0,0x0,
0x0,0x0,0xff,0xff,0xff,0xff,0xff,0xff,
0x0,0x0,0x0,0x0,0x54,0x0,0x0,0x0,
0x54,0x0,0x0,0x0,0x54,0x0,0x0,0x0,
0x0,0x0,0x0,0x0,0x54,0x0,0x0,0x0,
0x54,0x0,0x0,0x0,0x0,0x0,0x2,0x0,
0x54,0x0,0x0,0x0,0x0,0x0,0x0,0x0,
0x84,0x0,0x0,0x0,0xe,0x1,0x50,0x2,
0x0,0x0,0x0,0x0,0x84,0x0,0x0,0x0,
0x0,0x0,0x0,0x0,0x84,0x0,0x0,0x0,
0x0,0x0,0x0,0x0,0xa2,0x0,0x0,0x0,
0x0,0x0,0x7,0x0,0x46,0x0,0x0,0x0,
0x0,0x0,0x0,0x0,0x10,0x1,0x90,0x2,
0x10,0x1,0x40,0x3,0x18,0x0,0x0,0x0,
0x0,0x0,0x5,0x0,0x11,0x0,0x0,0x0,
0x0,0x0,0x0,0x0,0xf,0x1,0x90,0x2,
0xf,0x1,0xf0,0x2,0x0,0x0,0x0,0x0,
0xa0,0x0,0x0,0x0,0x0,0x0,0x0,0x0,
0x0,0x0,0xff,0xff,0xff,0xff,0xff,0xff,
0x0,0x0,0x0,0x0,0x54,0x0,0x0,0x0,
0x54,0x0,0x0,0x0,0x54,0x0,0x0,0x0,
0x0,0x0,0x0,0x0,0x54,0x0,0x0,0x0,
0x54,0x0,0x0,0x0,0x0,0x0,0x2,0x0,
0x54,0x0,0x0,0x0,0x0,0x0,0x0,0x0,
0x84,0x0,0x0,0x0,0x12,0x1,0x50,0x2,
0x0,0x0,0x0,0x0,0x84,0x0,0x0,0x0,
0x0,0x0,0x0,0x0,0x84,0x0,0x0,0x0,
0x0,0x0,0x0,0x0,0xa2,0x0,0x0,0x0,
0x0,0x0,0x7,0x0,0x47,0x0,0x0,0x0,
0x0,0x0,0x0,0x0,0x14,0x1,0x90,0x2,
0x14,0x1,0x40,0x3,0x18,0x0,0x0,0x0,
0x0,0x0,0x5,0x0,0x12,0x0,0x0,0x0,
0x0,0x0,0x0,0x0,0x13,0x1,0x90,0x2,
0x13,0x1,0xf0,0x2,0x0,0x0,0x0,0x0,
0xa0,0x0,0x0,0x0,0x0,0x0,0x0,0x0,
0x0,0x0,0xff,0xff,0xff,0xff,0xff,0xff,
0x0,0x0,0x0,0x0,0x54,0x0,0x0,0x0,
0x54,0x0,0x0,0x0,0x54,0x0,0x0,0x0,
0x0,0x0,0x0,0x0,0x54,0x0,0x0,0x0,
0x54,0x0,0x0,0x0,0x0,0x0,0x2,0x0,
0x54,0x0,0x0,0x0,0x0,0x0,0x0,0x0,
0x84,0x0,0x0,0x0,0x16,0x1,0x50,0x2,
0x0,0x0,0x0,0x0,0x84,0x0,0x0,0x0,
0x0,0x0,0x0,0x0,0x84,0x0,0x0,0x0,
0x0,0x0,0x0,0x0,0xa2,0x0,0x0,0x0,
0x0,0x0,0x7,0x0,0x48,0x0,0x0,0x0,
0x0,0x0,0x0,0x0,0x18,0x1,0x90,0x2,
0x18,0x1,0x40,0x3,0x18,0x0,0x0,0x0,
0x0,0x0,0x5,0x0,0x13,0x0,0x0,0x0,
0x0,0x0,0x0,0x0,0x17,0x1,0x90,0x2,
0x17,0x1,0xf0,0x2,0x0,0x0,0x0,0x0,
0xa7,0x0,0x0,0x0,0x0,0x0,0x0,0x0,
0x0,0x0,0xff,0xff,0xff,0xff,0xff,0xff,
0x0,0x0,0x0,0x0,0x54,0x0,0x0,0x0,
0x54,0x0,0x0,0x0,0x54,0x0,0x0,0x0,
0x0,0x0,0x0,0x0,0x54,0x0,0x0,0x0,
0x54,0x0,0x0,0x0,0x0,0x0,0x1,0x0,
0x54,0x0,0x0,0x0,0x0,0x0,0x0,0x0,
0x6c,0x0,0x0,0x0,0x1d,0x1,0x50,0x2,
0x0,0x0,0x0,0x0,0x6c,0x0,0x0,0x0,
0x0,0x0,0x0,0x0,0x6c,0x0,0x0,0x0,
0x0,0x0,0x0,0x0,0x7d,0x0,0x0,0x0,
0x0,0x0,0x9,0x0,0x34,0x0,0x0,0x0,
0x0,0x0,0x0,0x0,0x1d,0x1,0xc0,0x2,
0x1d,0x1,0x30,0x3,0x0,0x0,0x0,0x0,
0x0,0x0,0x0,0x0,0x0,0x0,0x0,0x0,
0x0,0x0,0xff,0xff,0xff,0xff,0xff,0xff,
0x0,0x0,0x0,0x0,0x54,0x0,0x0,0x0,
0x54,0x0,0x0,0x0,0x54,0x0,0x0,0x0,
0x0,0x0,0x0,0x0,0x54,0x0,0x0,0x0,
0x54,0x0,0x0,0x0,0x0,0x0,0x1,0x0,
0x54,0x0,0x0,0x0,0x0,0x0,0x0,0x0,
0x6c,0x0,0x0,0x0,0x1d,0x1,0xc0,0x2,
0x0,0x0,0x0,0x0,0x6c,0x0,0x0,0x0,
0x0,0x0,0x0,0x0,0x6c,0x0,0x0,0x0,
0x0,0x0,0x0,0x0,0x74,0x0,0x0,0x0,
0x0,0x0,0x1,0x0,0x1,0x0,0x0,0x0,
0x0,0x0,0x0,0x0,0x1d,0x1,0x30,0x3,
0x1d,0x1,0xe0,0x3,0x0,0x0,0x0,0x0,
0x7b,0x0,0x0,0x0,0x0,0x0,0x0,0x0,
0x0,0x0,0xff,0xff,0xff,0xff,0xff,0xff,
0x0,0x0,0x0,0x0,0x54,0x0,0x0,0x0,
0x54,0x0,0x0,0x0,0x54,0x0,0x0,0x0,
0x0,0x0,0x0,0x0,0x54,0x0,0x0,0x0,
0x54,0x0,0x0,0x0,0x0,0x0,0x3,0x0,
0x54,0x0,0x0,0x0,0x0,0x0,0x0,0x0,
0x9c,0x0,0x0,0x0,0x21,0x1,0xd0,0x1,
0x0,0x0,0x0,0x0,0x9c,0x0,0x0,0x0,
0x0,0x0,0x0,0x0,0x9c,0x0,0x0,0x0,
0x0,0x0,0x0,0x0,0x9,0x0,0x0,0x0,
0x0,0x0,0x5,0x0,0x14,0x0,0x0,0x0,
0x0,0x0,0x0,0x0,0x22,0x1,0x10,0x2,
0x22,0x1,0x80,0x2,0x0,0x0,0x0,0x0,
0x0,0x0,0x8,0x0,0x37,0x0,0x0,0x0,
0x0,0x0,0x0,0x0,0x24,0x1,0x10,0x2,
0x24,0x1,0x10,0x2,0x7d,0x0,0x0,0x0,
0x0,0x0,0x9,0x0,0x36,0x0,0x0,0x0,
0x0,0x0,0x0,0x0,0x23,0x1,0x10,0x2,
0x23,0x1,0x80,0x2,0x0,0x0,0x0,0x0,
0x0,0x0,0x0,0x0,0x0,0x0,0x0,0x0,
0x0,0x0,0xff,0xff,0xff,0xff,0xff,0xff,
0x0,0x0,0x0,0x0,0x54,0x0,0x0,0x0,
0x54,0x0,0x0,0x0,0x54,0x0,0x0,0x0,
0x0,0x0,0x0,0x0,0x54,0x0,0x0,0x0,
0x54,0x0,0x0,0x0,0x0,0x0,0x1,0x0,
0x54,0x0,0x0,0x0,0x0,0x0,0x0,0x0,
0x6c,0x0,0x0,0x0,0x23,0x1,0x10,0x2,
0x0,0x0,0x0,0x0,0x6c,0x0,0x0,0x0,
0x0,0x0,0x0,0x0,0x6c,0x0,0x0,0x0,
0x0,0x0,0x0,0x0,0x74,0x0,0x0,0x0,
0x0,0x0,0x1,0x0,0x1,0x0,0x0,0x0,
0x0,0x0,0x0,0x0,0x23,0x1,0x80,0x2,
0x23,0x1,0x30,0x3,0x0,0x0,0x0,0x0,
0x82,0x0,0x0,0x0,0x0,0x0,0x0,0x0,
0x0,0x0,0xff,0xff,0xff,0xff,0xff,0xff,
0x0,0x0,0x0,0x0,0x54,0x0,0x0,0x0,
0x54,0x0,0x0,0x0,0x54,0x0,0x0,0x0,
0x0,0x0,0x0,0x0,0x54,0x0,0x0,0x0,
0x54,0x0,0x0,0x0,0x0,0x0,0x3,0x0,
0x54,0x0,0x0,0x0,0x0,0x0,0x0,0x0,
0x9c,0x0,0x0,0x0,0x24,0x1,0x10,0x2,
0x0,0x0,0x0,0x0,0x9c,0x0,0x0,0x0,
0x0,0x0,0x0,0x0,0x9c,0x0,0x0,0x0,
0x0,0x0,0x0,0x0,0x18,0x0,0x0,0x0,
0x0,0x0,0x5,0x0,0x15,0x0,0x0,0x0,
0x0,0x0,0x0,0x0,0x28,0x1,0x50,0x2,
0x28,0x1,0xb0,0x2,0xa9,0x0,0x0,0x0,
0x0,0x0,0x7,0x0,0x49,0x0,0x0,0x0,
0x0,0x0,0x0,0x0,0x27,0x1,0x50,0x2,
0x27,0x1,0xf0,0x2,0x6e,0x0,0x0,0x0,
0x0,0x0,0xa,0x0,0x38,0x0,0x0,0x0,
0x0,0x0,0x0,0x0,0x25,0x1,0x50,0x2,
0x25,0x1,0xd0,0x2,0x0,0x0,0x0,0x0,
0x0,0x0,0x0,0x0,0x0,0x0,0x0,0x0,
0x0,0x0,0xff,0xff,0xff,0xff,0xff,0xff,
0x0,0x0,0x0,0x0,0x54,0x0,0x0,0x0,
0x54,0x0,0x0,0x0,0x54,0x0,0x0,0x0,
0x0,0x0,0x0,0x0,0x54,0x0,0x0,0x0,
0x54,0x0,0x0,0x0,0x0,0x0,0x2,0x0,
0x54,0x0,0x0,0x0,0x0,0x0,0x0,0x0,
0x84,0x0,0x0,0x0,0x25,0x1,0x50,0x2,
0x0,0x0,0x0,0x0,0x84,0x0,0x0,0x0,
0x0,0x0,0x0,0x0,0x84,0x0,0x0,0x0,
0x0,0x0,0x0,0x0,0x79,0x0,0x0,0x0,
0x0,0x0,0x2,0x0,0x5,0x0,0x0,0x0,
0x0,0x0,0x0,0x0,0x26,0x1,0xd0,0x2,
0x26,0x1,0x60,0x3,0x6f,0x0,0x0,0x0,
0x0,0x0,0x7,0x0,0x4a,0x0,0x0,0x0,
0x0,0x0,0x0,0x0,0x25,0x1,0xd0,0x2,
0x25,0x1,0x30,0x3,0x0,0x0,0x0,0x0,
0x9b,0x0,0x0,0x0,0x0,0x0,0x0,0x0,
0x0,0x0,0xff,0xff,0xff,0xff,0xff,0xff,
0x0,0x0,0x0,0x0,0x54,0x0,0x0,0x0,
0x54,0x0,0x0,0x0,0x54,0x0,0x0,0x0,
0x0,0x0,0x0,0x0,0x54,0x0,0x0,0x0,
0x54,0x0,0x0,0x0,0x0,0x0,0x2,0x0,
0x54,0x0,0x0,0x0,0x0,0x0,0x0,0x0,
0x84,0x0,0x0,0x0,0x2e,0x1,0x50,0x1,
0x0,0x0,0x0,0x0,0x84,0x0,0x0,0x0,
0x0,0x0,0x0,0x0,0x84,0x0,0x0,0x0,
0x0,0x0,0x0,0x0,0x9c,0x0,0x0,0x0,
0x0,0x0,0x1,0x0,0x1,0x0,0x0,0x0,
0x0,0x0,0x0,0x0,0x2f,0x1,0x90,0x1,
0x2f,0x1,0xf0,0x1,0x0,0x0,0x0,0x0,
0x0,0x0,0x8,0x0,0x3a,0x0,0x0,0x0,
0x0,0x0,0x0,0x0,0x30,0x1,0x90,0x1,
0x30,0x1,0x90,0x1,0x0,0x0,0x0,0x0,
0x78,0x0,0x0,0x0,0x0,0x0,0x0,0x0,
0x0,0x0,0xff,0xff,0xff,0xff,0xff,0xff,
0x0,0x0,0x0,0x0,0x54,0x0,0x0,0x0,
0x54,0x0,0x0,0x0,0x54,0x0,0x0,0x0,
0x0,0x0,0x0,0x0,0x54,0x0,0x0,0x0,
0x54,0x0,0x0,0x0,0x0,0x0,0x4,0x0,
0x54,0x0,0x0,0x0,0x0,0x0,0x0,0x0,
0xb4,0x0,0x0,0x0,0x30,0x1,0x90,0x1,
0x0,0x0,0x0,0x0,0xb4,0x0,0x0,0x0,
0x0,0x0,0x0,0x0,0xb4,0x0,0x0,0x0,
0x0,0x0,0x0,0x0,0x7a,0x0,0x0,0x0,
0x0,0x0,0x2,0x0,0x4,0x0,0x0,0x0,
0x0,0x0,0x0,0x0,0x32,0x1,0xd0,0x1,
0x32,0x1,0x60,0x2,0x6,0x0,0x0,0x0,
0x0,0x0,0x7,0x0,0x4b,0x0,0x0,0x0,
0x0,0x0,0x0,0x0,0x31,0x1,0xd0,0x1,
0x31,0x1,0x40,0x2,0x0,0x0,0x0,0x0,
0x0,0x0,0x8,0x0,0x3b,0x0,0x0,0x0,
0x0,0x0,0x0,0x0,0x34,0x1,0xd0,0x1,
0x34,0x1,0xd0,0x1,0x0,0x0,0x0,0x0,
0x0,0x0,0x8,0x0,0x47,0x0,0x0,0x0,
0x0,0x0,0x0,0x0,0x56,0x1,0xd0,0x1,
0x56,0x1,0xd0,0x1,0x0,0x0,0x0,0x0,
0x7b,0x0,0x0,0x0,0x0,0x0,0x0,0x0,
0x0,0x0,0xff,0xff,0xff,0xff,0xff,0xff,
0x0,0x0,0x0,0x0,0x54,0x0,0x0,0x0,
0x54,0x0,0x0,0x0,0x54,0x0,0x0,0x0,
0x0,0x0,0x0,0x0,0x54,0x0,0x0,0x0,
0x54,0x0,0x0,0x0,0x0,0x0,0x3,0x0,
0x54,0x0,0x0,0x0,0x0,0x0,0x0,0x0,
0x9c,0x0,0x0,0x0,0x34,0x1,0xd0,0x1,
0x0,0x0,0x0,0x0,0x9c,0x0,0x0,0x0,
0x0,0x0,0x0,0x0,0x9c,0x0,0x0,0x0,
0x0,0x0,0x0,0x0,0x9,0x0,0x0,0x0,
0x0,0x0,0x5,0x0,0x16,0x0,0x0,0x0,
0x0,0x0,0x0,0x0,0x35,0x1,0x10,0x2,
0x35,0x1,0x80,0x2,0x0,0x0,0x0,0x0,
0x0,0x0,0x8,0x0,0x3d,0x0,0x0,0x0,
0x0,0x0,0x0,0x0,0x37,0x1,0x10,0x2,
0x37,0x1,0x10,0x2,0x7d,0x0,0x0,0x0,
0x0,0x0,0x9,0x0,0x3c,0x0,0x0,0x0,
0x0,0x0,0x0,0x0,0x36,0x1,0x10,0x2,
0x36,0x1,0x80,0x2,0x0,0x0,0x0,0x0,
0x0,0x0,0x0,0x0,0x0,0x0,0x0,0x0,
0x0,0x0,0xff,0xff,0xff,0xff,0xff,0xff,
0x0,0x0,0x0,0x0,0x54,0x0,0x0,0x0,
0x54,0x0,0x0,0x0,0x54,0x0,0x0,0x0,
0x0,0x0,0x0,0x0,0x54,0x0,0x0,0x0,
0x54,0x0,0x0,0x0,0x0,0x0,0x1,0x0,
0x54,0x0,0x0,0x0,0x0,0x0,0x0,0x0,
0x6c,0x0,0x0,0x0,0x36,0x1,0x10,0x2,
0x0,0x0,0x0,0x0,0x6c,0x0,0x0,0x0,
0x0,0x0,0x0,0x0,0x6c,0x0,0x0,0x0,
0x0,0x0,0x0,0x0,0x74,0x0,0x0,0x0,
0x0,0x0,0x1,0x0,0x1,0x0,0x0,0x0,
0x0,0x0,0x0,0x0,0x36,0x1,0x80,0x2,
0x36,0x1,0x30,0x3,0x0,0x0,0x0,0x0,
0x9f,0x0,0x0,0x0,0x0,0x0,0x0,0x0,
0x0,0x0,0xff,0xff,0xff,0xff,0xff,0xff,
0x0,0x0,0x0,0x0,0x54,0x0,0x0,0x0,
0x54,0x0,0x0,0x0,0x54,0x0,0x0,0x0,
0x0,0x0,0x0,0x0,0x54,0x0,0x0,0x0,
0x54,0x0,0x0,0x0,0x0,0x0,0x8,0x0,
0x54,0x0,0x0,0x0,0x0,0x0,0x0,0x0,
0x14,0x1,0x0,0x0,0x37,0x1,0x10,0x2,
0x0,0x0,0x0,0x0,0x14,0x1,0x0,0x0,
0x0,0x0,0x0,0x0,0x14,0x1,0x0,0x0,
0x0,0x0,0x0,0x0,0x7a,0x0,0x0,0x0,
0x0,0x0,0x2,0x0,0x5,0x0,0x0,0x0,
0x0,0x0,0x0,0x0,0x3a,0x1,0x50,0x2,
0x3a,0x1,0xe0,0x2,0x0,0x0,0x0,0x0,
0x0,0x0,0x8,0x0,0x3f,0x0,0x0,0x0,
0x0,0x0,0x0,0x0,0x3c,0x1,0x50,0x2,
0x3c,0x1,0x50,0x2,0x0,0x0,0x0,0x0,
0x0,0x0,0x8,0x0,0x40,0x0,0x0,0x0,
0x0,0x0,0x0,0x0,0x3d,0x1,0x50,0x2,
0x3d,0x1,0x50,0x2,0x0,0x0,0x0,0x0,
0x0,0x0,0x8,0x0,0x42,0x0,0x0,0x0,
0x0,0x0,0x0,0x0,0x42,0x1,0x50,0x2,
0x42,0x1,0x50,0x2,0x0,0x0,0x0,0x0,
0x0,0x0,0x8,0x0,0x43,0x0,0x0,0x0,
0x0,0x0,0x0,0x0,0x4a,0x1,0x50,0x2,
0x4a,0x1,0x50,0x2,0x0,0x0,0x0,0x0,
0x0,0x0,0x8,0x0,0x44,0x0,0x0,0x0,
0x0,0x0,0x0,0x0,0x51,0x1,0x50,0x2,
0x51,0x1,0x50,0x2,0x0,0x0,0x0,0x0,
0x0,0x0,0x8,0x0,0x45,0x0,0x0,0x0,
0x0,0x0,0x0,0x0,0x52,0x1,0x50,0x2,
0x52,0x1,0x50,0x2,0x6e,0x0,0x0,0x0,
0x0,0x0,0xa,0x0,0x3e,0x0,0x0,0x0,
0x0,0x0,0x0,0x0,0x38,0x1,0x50,0x2,
0x38,0x1,0xd0,0x2,0x0,0x0,0x0,0x0,
0x0,0x0,0x0,0x0,0x0,0x0,0x0,0x0,
0x0,0x0,0xff,0xff,0xff,0xff,0xff,0xff,
0x0,0x0,0x0,0x0,0x54,0x0,0x0,0x0,
0x54,0x0,0x0,0x0,0x54,0x0,0x0,0x0,
0x0,0x0,0x0,0x0,0x54,0x0,0x0,0x0,
0x54,0x0,0x0,0x0,0x0,0x0,0x2,0x0,
0x54,0x0,0x0,0x0,0x0,0x0,0x0,0x0,
0x84,0x0,0x0,0x0,0x38,0x1,0x50,0x2,
0x0,0x0,0x0,0x0,0x84,0x0,0x0,0x0,
0x0,0x0,0x0,0x0,0x84,0x0,0x0,0x0,
0x0,0x0,0x0,0x0,0x79,0x0,0x0,0x0,
0x0,0x0,0x2,0x0,0x5,0x0,0x0,0x0,
0x0,0x0,0x0,0x0,0x39,0x1,0xd0,0x2,
0x39,0x1,0x60,0x3,0x6f,0x0,0x0,0x0,
0x0,0x0,0x7,0x0,0x4c,0x0,0x0,0x0,
0x0,0x0,0x0,0x0,0x38,0x1,0xd0,0x2,
0x38,0x1,0x30,0x3,0x0,0x0,0x0,0x0,
0x82,0x0,0x0,0x0,0x0,0x0,0x0,0x0,
0x0,0x0,0xff,0xff,0xff,0xff,0xff,0xff,
0x0,0x0,0x0,0x0,0x54,0x0,0x0,0x0,
0x54,0x0,0x0,0x0,0x54,0x0,0x0,0x0,
0x0,0x0,0x0,0x0,0x54,0x0,0x0,0x0,
0x54,0x0,0x0,0x0,0x0,0x0,0x1,0x0,
0x54,0x0,0x0,0x0,0x0,0x0,0x0,0x0,
0x6c,0x0,0x0,0x0,0x3c,0x1,0x50,0x2,
0x0,0x0,0x0,0x0,0x6c,0x0,0x0,0x0,
0x0,0x0,0x0,0x0,0x6c,0x0,0x0,0x0,
0x0,0x0,0x0,0x0,0x18,0x0,0x0,0x0,
0x0,0x0,0x5,0x0,0x17,0x0,0x0,0x0,
0x0,0x0,0x0,0x0,0x3c,0x1,0xd0,0x2,
0x3c,0x1,0x30,0x3,0x0,0x0,0x0,0x0,
0xae,0x0,0x0,0x0,0xaf,0x0,0x0,0x0,
0x0,0x0,0xff,0xff,0xff,0xff,0xff,0xff,
0x0,0x0,0x0,0x0,0x54,0x0,0x0,0x0,
0x54,0x0,0x0,0x0,0x54,0x0,0x0,0x0,
0x0,0x0,0x0,0x0,0x54,0x0,0x0,0x0,
0x54,0x0,0x0,0x0,0x0,0x0,0x2,0x0,
0x54,0x0,0x0,0x0,0x0,0x0,0x0,0x0,
0x84,0x0,0x0,0x0,0x3d,0x1,0x50,0x2,
0x3e,0x1,0x90,0x2,0x84,0x0,0x0,0x0,
0x0,0x0,0x0,0x0,0x84,0x0,0x0,0x0,
0x0,0x0,0x0,0x0,0x18,0x0,0x0,0x0,
0x0,0x0,0x3,0x0,0x0,0x0,0x0,0x0,
0xb0,0x0,0x0,0x0,0x3f,0x1,0x90,0x2,
0x3f,0x1,0xf0,0x2,0x7d,0x0,0x0,0x0,
0x0,0x0,0x9,0x0,0x41,0x0,0x0,0x0,
0x0,0x0,0x0,0x0,0x40,0x1,0x90,0x2,
0x40,0x1,0x0,0x3,0x0,0x0,0x0,0x0,
0x0,0x0,0x0,0x0,0x0,0x0,0x0,0x0,
0x0,0x0,0xff,0xff,0xff,0xff,0xff,0xff,
0x0,0x0,0x0,0x0,0x54,0x0,0x0,0x0,
0x54,0x0,0x0,0x0,0x54,0x0,0x0,0x0,
0x0,0x0,0x0,0x0,0x54,0x0,0x0,0x0,
0x54,0x0,0x0,0x0,0x0,0x0,0x1,0x0,
0x54,0x0,0x0,0x0,0x0,0x0,0x0,0x0,
0x6c,0x0,0x0,0x0,0x40,0x1,0x90,0x2,
0x0,0x0,0x0,0x0,0x6c,0x0,0x0,0x0,
0x0,0x0,0x0,0x0,0x6c,0x0,0x0,0x0,
0x0,0x0,0x0,0x0,0x75,0x0,0x0,0x0,
0x0,0x0,0x2,0x0,0x8,0x0,0x0,0x0,
0x0,0x0,0x0,0x0,0x40,0x1,0x0,0x3,
0x40,0x1,0x0,0x4,0x0,0x0,0x0,0x0,
0xa0,0x0,0x0,0x0,0x0,0x0,0x0,0x0,
0x0,0x0,0xff,0xff,0xff,0xff,0xff,0xff,
0x0,0x0,0x0,0x0,0x54,0x0,0x0,0x0,
0x54,0x0,0x0,0x0,0x54,0x0,0x0,0x0,
0x0,0x0,0x0,0x0,0x54,0x0,0x0,0x0,
0x54,0x0,0x0,0x0,0x0,0x0,0x2,0x0,
0x54,0x0,0x0,0x0,0x0,0x0,0x0,0x0,
0x84,0x0,0x0,0x0,0x42,0x1,0x50,0x2,
0x0,0x0,0x0,0x0,0x84,0x0,0x0,0x0,
0x0,0x0,0x0,0x0,0x84,0x0,0x0,0x0,
0x0,0x0,0x0,0x0,0xa2,0x0,0x0,0x0,
0x0,0x0,0x7,0x0,0x4d,0x0,0x0,0x0,
0x0,0x0,0x0,0x0,0x44,0x1,0x90,0x2,
0x44,0x1,0x40,0x3,0x18,0x0,0x0,0x0,
0x0,0x0,0x5,0x0,0x18,0x0,0x0,0x0,
0x0,0x0,0x0,0x0,0x43,0x1,0x90,0x2,
0x43,0x1,0xf0,0x2,0x0,0x0,0x0,0x0,
0xa0,0x0,0x0,0x0,0x0,0x0,0x0,0x0,
0x0,0x0,0xff,0xff,0xff,0xff,0xff,0xff,
0x0,0x0,0x0,0x0,0x54,0x0,0x0,0x0,
0x54,0x0,0x0,0x0,0x54,0x0,0x0,0x0,
0x0,0x0,0x0,0x0,0x54,0x0,0x0,0x0,
0x54,0x0,0x0,0x0,0x0,0x0,0x2,0x0,
0x54,0x0,0x0,0x0,0x0,0x0,0x0,0x0,
0x84,0x0,0x0,0x0,0x4a,0x1,0x50,0x2,
0x0,0x0,0x0,0x0,0x84,0x0,0x0,0x0,
0x0,0x0,0x0,0x0,0x84,0x0,0x0,0x0,
0x0,0x0,0x0,0x0,0xa2,0x0,0x0,0x0,
0x0,0x0,0x7,0x0,0x4e,0x0,0x0,0x0,
0x0,0x0,0x0,0x0,0x4c,0x1,0x90,0x2,
0x4c,0x1,0x40,0x3,0x18,0x0,0x0,0x0,
0x0,0x0,0x5,0x0,0x19,0x0,0x0,0x0,
0x0,0x0,0x0,0x0,0x4b,0x1,0x90,0x2,
0x4b,0x1,0xf0,0x2,0x0,0x0,0x0,0x0,
0x82,0x0,0x0,0x0,0x0,0x0,0x0,0x0,
0x0,0x0,0xff,0xff,0xff,0xff,0xff,0xff,
0x0,0x0,0x0,0x0,0x54,0x0,0x0,0x0,
0x54,0x0,0x0,0x0,0x54,0x0,0x0,0x0,
0x0,0x0,0x0,0x0,0x54,0x0,0x0,0x0,
0x54,0x0,0x0,0x0,0x0,0x0,0x1,0x0,
0x54,0x0,0x0,0x0,0x0,0x0,0x0,0x0,
0x6c,0x0,0x0,0x0,0x51,0x1,0x50,0x2,
0x0,0x0,0x0,0x0,0x6c,0x0,0x0,0x0,
0x0,0x0,0x0,0x0,0x6c,0x0,0x0,0x0,
0x0,0x0,0x0,0x0,0x18,0x0,0x0,0x0,
0x0,0x0,0x7,0x0,0x4f,0x0,0x0,0x0,
0x0,0x0,0x0,0x0,0x51,0x1,0xd0,0x2,
0x51,0x1,0x30,0x3,0x0,0x0,0x0,0x0,
0xa7,0x0,0x0,0x0,0x0,0x0,0x0,0x0,
0x0,0x0,0xff,0xff,0xff,0xff,0xff,0xff,
0x0,0x0,0x0,0x0,0x54,0x0,0x0,0x0,
0x54,0x0,0x0,0x0,0x54,0x0,0x0,0x0,
0x0,0x0,0x0,0x0,0x54,0x0,0x0,0x0,
0x54,0x0,0x0,0x0,0x0,0x0,0x1,0x0,
0x54,0x0,0x0,0x0,0x0,0x0,0x0,0x0,
0x6c,0x0,0x0,0x0,0x52,0x1,0x50,0x2,
0x0,0x0,0x0,0x0,0x6c,0x0,0x0,0x0,
0x0,0x0,0x0,0x0,0x6c,0x0,0x0,0x0,
0x0,0x0,0x0,0x0,0x7d,0x0,0x0,0x0,
0x0,0x0,0x9,0x0,0x46,0x0,0x0,0x0,
0x0,0x0,0x0,0x0,0x52,0x1,0xc0,0x2,
0x52,0x1,0x30,0x3,0x0,0x0,0x0,0x0,
0x0,0x0,0x0,0x0,0x0,0x0,0x0,0x0,
0x0,0x0,0xff,0xff,0xff,0xff,0xff,0xff,
0x0,0x0,0x0,0x0,0x54,0x0,0x0,0x0,
0x54,0x0,0x0,0x0,0x54,0x0,0x0,0x0,
0x0,0x0,0x0,0x0,0x54,0x0,0x0,0x0,
0x54,0x0,0x0,0x0,0x0,0x0,0x1,0x0,
0x54,0x0,0x0,0x0,0x0,0x0,0x0,0x0,
0x6c,0x0,0x0,0x0,0x52,0x1,0xc0,0x2,
0x0,0x0,0x0,0x0,0x6c,0x0,0x0,0x0,
0x0,0x0,0x0,0x0,0x6c,0x0,0x0,0x0,
0x0,0x0,0x0,0x0,0x74,0x0,0x0,0x0,
0x0,0x0,0x1,0x0,0x1,0x0,0x0,0x0,
0x0,0x0,0x0,0x0,0x52,0x1,0x30,0x3,
0x52,0x1,0xe0,0x3,0x0,0x0,0x0,0x0,
0x7b,0x0,0x0,0x0,0x0,0x0,0x0,0x0,
0x0,0x0,0xff,0xff,0xff,0xff,0xff,0xff,
0x0,0x0,0x0,0x0,0x54,0x0,0x0,0x0,
0x54,0x0,0x0,0x0,0x54,0x0,0x0,0x0,
0x0,0x0,0x0,0x0,0x54,0x0,0x0,0x0,
0x54,0x0,0x0,0x0,0x0,0x0,0x3,0x0,
0x54,0x0,0x0,0x0,0x0,0x0,0x0,0x0,
0x9c,0x0,0x0,0x0,0x56,0x1,0xd0,0x1,
0x0,0x0,0x0,0x0,0x9c,0x0,0x0,0x0,
0x0,0x0,0x0,0x0,0x9c,0x0,0x0,0x0,
0x0,0x0,0x0,0x0,0x9,0x0,0x0,0x0,
0x0,0x0,0x5,0x0,0x1a,0x0,0x0,0x0,
0x0,0x0,0x0,0x0,0x57,0x1,0x10,0x2,
0x57,0x1,0x80,0x2,0x0,0x0,0x0,0x0,
0x0,0x0,0x8,0x0,0x49,0x0,0x0,0x0,
0x0,0x0,0x0,0x0,0x59,0x1,0x10,0x2,
0x59,0x1,0x10,0x2,0x7d,0x0,0x0,0x0,
0x0,0x0,0x9,0x0,0x48,0x0,0x0,0x0,
0x0,0x0,0x0,0x0,0x58,0x1,0x10,0x2,
0x58,0x1,0x80,0x2,0x0,0x0,0x0,0x0,
0x0,0x0,0x0,0x0,0x0,0x0,0x0,0x0,
0x0,0x0,0xff,0xff,0xff,0xff,0xff,0xff,
0x0,0x0,0x0,0x0,0x54,0x0,0x0,0x0,
0x54,0x0,0x0,0x0,0x54,0x0,0x0,0x0,
0x0,0x0,0x0,0x0,0x54,0x0,0x0,0x0,
0x54,0x0,0x0,0x0,0x0,0x0,0x1,0x0,
0x54,0x0,0x0,0x0,0x0,0x0,0x0,0x0,
0x6c,0x0,0x0,0x0,0x58,0x1,0x10,0x2,
0x0,0x0,0x0,0x0,0x6c,0x0,0x0,0x0,
0x0,0x0,0x0,0x0,0x6c,0x0,0x0,0x0,
0x0,0x0,0x0,0x0,0x74,0x0,0x0,0x0,
0x0,0x0,0x1,0x0,0x1,0x0,0x0,0x0,
0x0,0x0,0x0,0x0,0x58,0x1,0x80,0x2,
0x58,0x1,0x30,0x3,0x0,0x0,0x0,0x0,
0x78,0x0,0x0,0x0,0x0,0x0,0x0,0x0,
0x0,0x0,0xff,0xff,0xff,0xff,0xff,0xff,
0x0,0x0,0x0,0x0,0x54,0x0,0x0,0x0,
0x54,0x0,0x0,0x0,0x54,0x0,0x0,0x0,
0x0,0x0,0x0,0x0,0x54,0x0,0x0,0x0,
0x54,0x0,0x0,0x0,0x0,0x0,0x4,0x0,
0x54,0x0,0x0,0x0,0x0,0x0,0x0,0x0,
0xb4,0x0,0x0,0x0,0x59,0x1,0x10,0x2,
0x0,0x0,0x0,0x0,0xb4,0x0,0x0,0x0,
0x0,0x0,0x0,0x0,0xb4,0x0,0x0,0x0,
0x0,0x0,0x0,0x0,0x7a,0x0,0x0,0x0,
0x0,0x0,0x2,0x0,0x5,0x0,0x0,0x0,
0x0,0x0,0x0,0x0,0x5c,0x1,0x50,0x2,
0x5c,0x1,0xe0,0x2,0x0,0x0,0x0,0x0,
0x0,0x0,0x8,0x0,0x4b,0x0,0x0,0x0,
0x0,0x0,0x0,0x0,0x5e,0x1,0x50,0x2,
0x5e,0x1,0x50,0x2,0x0,0x0,0x0,0x0,
0x0,0x0,0x8,0x0,0x53,0x0,0x0,0x0,
0x0,0x0,0x0,0x0,0x76,0x1,0x50,0x2,
0x76,0x1,0x50,0x2,0x6e,0x0,0x0,0x0,
0x0,0x0,0xa,0x0,0x4a,0x0,0x0,0x0,
0x0,0x0,0x0,0x0,0x5a,0x1,0x50,0x2,
0x5a,0x1,0xd0,0x2,0x0,0x0,0x0,0x0,
0x0,0x0,0x0,0x0,0x0,0x0,0x0,0x0,
0x0,0x0,0xff,0xff,0xff,0xff,0xff,0xff,
0x0,0x0,0x0,0x0,0x54,0x0,0x0,0x0,
0x54,0x0,0x0,0x0,0x54,0x0,0x0,0x0,
0x0,0x0,0x0,0x0,0x54,0x0,0x0,0x0,
0x54,0x0,0x0,0x0,0x0,0x0,0x2,0x0,
0x54,0x0,0x0,0x0,0x0,0x0,0x0,0x0,
0x84,0x0,0x0,0x0,0x5a,0x1,0x50,0x2,
0x0,0x0,0x0,0x0,0x84,0x0,0x0,0x0,
0x0,0x0,0x0,0x0,0x84,0x0,0x0,0x0,
0x0,0x0,0x0,0x0,0x79,0x0,0x0,0x0,
0x0,0x0,0x2,0x0,0x5,0x0,0x0,0x0,
0x0,0x0,0x0,0x0,0x5b,0x1,0xd0,0x2,
0x5b,0x1,0x60,0x3,0x6f,0x0,0x0,0x0,
0x0,0x0,0x7,0x0,0x50,0x0,0x0,0x0,
0x0,0x0,0x0,0x0,0x5a,0x1,0xd0,0x2,
0x5a,0x1,0x30,0x3,0x0,0x0,0x0,0x0,
0x9f,0x0,0x0,0x0,0x0,0x0,0x0,0x0,
0x0,0x0,0xff,0xff,0xff,0xff,0xff,0xff,
0x0,0x0,0x0,0x0,0x54,0x0,0x0,0x0,
0x54,0x0,0x0,0x0,0x54,0x0,0x0,0x0,
0x0,0x0,0x0,0x0,0x54,0x0,0x0,0x0,
0x54,0x0,0x0,0x0,0x0,0x0,0x5,0x0,
0x54,0x0,0x0,0x0,0x0,0x0,0x0,0x0,
0xcc,0x0,0x0,0x0,0x5e,0x1,0x50,0x2,
0x0,0x0,0x0,0x0,0xcc,0x0,0x0,0x0,
0x0,0x0,0x0,0x0,0xcc,0x0,0x0,0x0,
0x0,0x0,0x0,0x0,0x0,0x0,0x0,0x0,
0x0,0x0,0x8,0x0,0x4c,0x0,0x0,0x0,
0x0,0x0,0x0,0x0,0x5f,0x1,0x90,0x2,
0x5f,0x1,0x90,0x2,0x0,0x0,0x0,0x0,
0x0,0x0,0x8,0x0,0x4d,0x0,0x0,0x0,
0x0,0x0,0x0,0x0,0x60,0x1,0x90,0x2,
0x60,0x1,0x90,0x2,0x0,0x0,0x0,0x0,
0x0,0x0,0x8,0x0,0x4f,0x0,0x0,0x0,
0x0,0x0,0x0,0x0,0x65,0x1,0x90,0x2,
0x65,0x1,0x90,0x2,0x0,0x0,0x0,0x0,
0x0,0x0,0x8,0x0,0x50,0x0,0x0,0x0,
0x0,0x0,0x0,0x0,0x6c,0x1,0x90,0x2,
0x6c,0x1,0x90,0x2,0x0,0x0,0x0,0x0,
0x0,0x0,0x8,0x0,0x51,0x0,0x0,0x0,
0x0,0x0,0x0,0x0,0x73,0x1,0x90,0x2,
0x73,0x1,0x90,0x2,0x0,0x0,0x0,0x0,
0x82,0x0,0x0,0x0,0x0,0x0,0x0,0x0,
0x0,0x0,0xff,0xff,0xff,0xff,0xff,0xff,
0x0,0x0,0x0,0x0,0x54,0x0,0x0,0x0,
0x54,0x0,0x0,0x0,0x54,0x0,0x0,0x0,
0x0,0x0,0x0,0x0,0x54,0x0,0x0,0x0,
0x54,0x0,0x0,0x0,0x0,0x0,0x1,0x0,
0x54,0x0,0x0,0x0,0x0,0x0,0x0,0x0,
0x6c,0x0,0x0,0x0,0x5f,0x1,0x90,0x2,
0x0,0x0,0x0,0x0,0x6c,0x0,0x0,0x0,
0x0,0x0,0x0,0x0,0x6c,0x0,0x0,0x0,
0x0,0x0,0x0,0x0,0x18,0x0,0x0,0x0,
0x0,0x0,0x5,0x0,0x1b,0x0,0x0,0x0,
0x0,0x0,0x0,0x0,0x5f,0x1,0x10,0x3,
0x5f,0x1,0x70,0x3,0x0,0x0,0x0,0x0,
0xae,0x0,0x0,0x0,0xb5,0x0,0x0,0x0,
0x0,0x0,0xff,0xff,0xff,0xff,0xff,0xff,
0x0,0x0,0x0,0x0,0x54,0x0,0x0,0x0,
0x54,0x0,0x0,0x0,0x54,0x0,0x0,0x0,
0x0,0x0,0x0,0x0,0x54,0x0,0x0,0x0,
0x54,0x0,0x0,0x0,0x0,0x0,0x2,0x0,
0x54,0x0,0x0,0x0,0x0,0x0,0x0,0x0,
0x84,0x0,0x0,0x0,0x60,0x1,0x90,0x2,
0x61,0x1,0xd0,0x2,0x84,0x0,0x0,0x0,
0x0,0x0,0x0,0x0,0x84,0x0,0x0,0x0,
0x0,0x0,0x0,0x0,0x18,0x0,0x0,0x0,
0x0,0x0,0x3,0x0,0x0,0x0,0x0,0x0,
0xb6,0x0,0x0,0x0,0x62,0x1,0xd0,0x2,
0x62,0x1,0x30,0x3,0x7d,0x0,0x0,0x0,
0x0,0x0,0x9,0x0,0x4e,0x0,0x0,0x0,
0x0,0x0,0x0,0x0,0x63,0x1,0xd0,0x2,
0x63,0x1,0x40,0x3,0x0,0x0,0x0,0x0,
0x0,0x0,0x0,0x0,0x0,0x0,0x0,0x0,
0x0,0x0,0xff,0xff,0xff,0xff,0xff,0xff,
0x0,0x0,0x0,0x0,0x54,0x0,0x0,0x0,
0x54,0x0,0x0,0x0,0x54,0x0,0x0,0x0,
0x0,0x0,0x0,0x0,0x54,0x0,0x0,0x0,
0x54,0x0,0x0,0x0,0x0,0x0,0x1,0x0,
0x54,0x0,0x0,0x0,0x0,0x0,0x0,0x0,
0x6c,0x0,0x0,0x0,0x63,0x1,0xd0,0x2,
0x0,0x0,0x0,0x0,0x6c,0x0,0x0,0x0,
0x0,0x0,0x0,0x0,0x6c,0x0,0x0,0x0,
0x0,0x0,0x0,0x0,0x75,0x0,0x0,0x0,
0x0,0x0,0x2,0x0,0x9,0x0,0x0,0x0,
0x0,0x0,0x0,0x0,0x63,0x1,0x40,0x3,
0x63,0x1,0x40,0x4,0x0,0x0,0x0,0x0,
0xa0,0x0,0x0,0x0,0x0,0x0,0x0,0x0,
0x0,0x0,0xff,0xff,0xff,0xff,0xff,0xff,
0x0,0x0,0x0,0x0,0x54,0x0,0x0,0x0,
0x54,0x0,0x0,0x0,0x54,0x0,0x0,0x0,
0x0,0x0,0x0,0x0,0x54,0x0,0x0,0x0,
0x54,0x0,0x0,0x0,0x0,0x0,0x2,0x0,
0x54,0x0,0x0,0x0,0x0,0x0,0x0,0x0,
0x84,0x0,0x0,0x0,0x65,0x1,0x90,0x2,
0x0,0x0,0x0,0x0,0x84,0x0,0x0,0x0,
0x0,0x0,0x0,0x0,0x84,0x0,0x0,0x0,
0x0,0x0,0x0,0x0,0xa2,0x0,0x0,0x0,
0x0,0x0,0x7,0x0,0x51,0x0,0x0,0x0,
0x0,0x0,0x0,0x0,0x67,0x1,0xd0,0x2,
0x67,0x1,0x80,0x3,0x18,0x0,0x0,0x0,
0x0,0x0,0x5,0x0,0x1c,0x0,0x0,0x0,
0x0,0x0,0x0,0x0,0x66,0x1,0xd0,0x2,
0x66,0x1,0x30,0x3,0x0,0x0,0x0,0x0,
0xa0,0x0,0x0,0x0,0x0,0x0,0x0,0x0,
0x0,0x0,0xff,0xff,0xff,0xff,0xff,0xff,
0x0,0x0,0x0,0x0,0x54,0x0,0x0,0x0,
0x54,0x0,0x0,0x0,0x54,0x0,0x0,0x0,
0x0,0x0,0x0,0x0,0x54,0x0,0x0,0x0,
0x54,0x0,0x0,0x0,0x0,0x0,0x2,0x0,
0x54,0x0,0x0,0x0,0x0,0x0,0x0,0x0,
0x84,0x0,0x0,0x0,0x6c,0x1,0x90,0x2,
0x0,0x0,0x0,0x0,0x84,0x0,0x0,0x0,
0x0,0x0,0x0,0x0,0x84,0x0,0x0,0x0,
0x0,0x0,0x0,0x0,0xa2,0x0,0x0,0x0,
0x0,0x0,0x7,0x0,0x52,0x0,0x0,0x0,
0x0,0x0,0x0,0x0,0x6e,0x1,0xd0,0x2,
0x6e,0x1,0x80,0x3,0x18,0x0,0x0,0x0,
0x0,0x0,0x5,0x0,0x1d,0x0,0x0,0x0,
0x0,0x0,0x0,0x0,0x6d,0x1,0xd0,0x2,
0x6d,0x1,0x30,0x3,0x0,0x0,0x0,0x0,
0xa7,0x0,0x0,0x0,0x0,0x0,0x0,0x0,
0x0,0x0,0xff,0xff,0xff,0xff,0xff,0xff,
0x0,0x0,0x0,0x0,0x54,0x0,0x0,0x0,
0x54,0x0,0x0,0x0,0x54,0x0,0x0,0x0,
0x0,0x0,0x0,0x0,0x54,0x0,0x0,0x0,
0x54,0x0,0x0,0x0,0x0,0x0,0x1,0x0,
0x54,0x0,0x0,0x0,0x0,0x0,0x0,0x0,
0x6c,0x0,0x0,0x0,0x73,0x1,0x90,0x2,
0x0,0x0,0x0,0x0,0x6c,0x0,0x0,0x0,
0x0,0x0,0x0,0x0,0x6c,0x0,0x0,0x0,
0x0,0x0,0x0,0x0,0x7d,0x0,0x0,0x0,
0x0,0x0,0x9,0x0,0x52,0x0,0x0,0x0,
0x0,0x0,0x0,0x0,0x73,0x1,0x0,0x3,
0x73,0x1,0x70,0x3,0x0,0x0,0x0,0x0,
0x0,0x0,0x0,0x0,0x0,0x0,0x0,0x0,
0x0,0x0,0xff,0xff,0xff,0xff,0xff,0xff,
0x0,0x0,0x0,0x0,0x54,0x0,0x0,0x0,
0x54,0x0,0x0,0x0,0x54,0x0,0x0,0x0,
0x0,0x0,0x0,0x0,0x54,0x0,0x0,0x0,
0x54,0x0,0x0,0x0,0x0,0x0,0x1,0x0,
0x54,0x0,0x0,0x0,0x0,0x0,0x0,0x0,
0x6c,0x0,0x0,0x0,0x73,0x1,0x0,0x3,
0x0,0x0,0x0,0x0,0x6c,0x0,0x0,0x0,
0x0,0x0,0x0,0x0,0x6c,0x0,0x0,0x0,
0x0,0x0,0x0,0x0,0x74,0x0,0x0,0x0,
0x0,0x0,0x1,0x0,0x1,0x0,0x0,0x0,
0x0,0x0,0x0,0x0,0x73,0x1,0x70,0x3,
0x73,0x1,0x20,0x4,0x0,0x0,0x0,0x0,
0xb9,0x0,0x0,0x0,0xba,0x0,0x0,0x0,
0x0,0x0,0xff,0xff,0xff,0xff,0xff,0xff,
0x0,0x0,0x0,0x0,0x54,0x0,0x0,0x0,
0x54,0x0,0x0,0x0,0x54,0x0,0x0,0x0,
0x0,0x0,0x0,0x0,0x54,0x0,0x0,0x0,
0x54,0x0,0x0,0x0,0x0,0x0,0x3,0x0,
0x54,0x0,0x0,0x0,0x0,0x0,0x0,0x0,
0x9c,0x0,0x0,0x0,0x76,0x1,0x50,0x2,
0x77,0x1,0x90,0x2,0x9c,0x0,0x0,0x0,
0x0,0x0,0x0,0x0,0x9c,0x0,0x0,0x0,
0x0,0x0,0x0,0x0,0x18,0x0,0x0,0x0,
0x0,0x0,0x3,0x0,0x0,0x0,0x0,0x0,
0xbc,0x0,0x0,0x0,0x7b,0x1,0x90,0x2,
0x7b,0x1,0xf0,0x2,0xa9,0x0,0x0,0x0,
0x0,0x0,0x7,0x0,0x53,0x0,0x0,0x0,
0x0,0x0,0x0,0x0,0x7a,0x1,0x90,0x2,
0x7a,0x1,0x30,0x3,0x7d,0x0,0x0,0x0,
0x0,0x0,0x9,0x0,0x54,0x0,0x0,0x0,
0x0,0x0,0x0,0x0,0x78,0x1,0x90,0x2,
0x78,0x1,0x0,0x3,0x0,0x0,0x0,0x0,
0x0,0x0,0x0,0x0,0x0,0x0,0x0,0x0,
0x0,0x0,0xff,0xff,0xff,0xff,0xff,0xff,
0x0,0x0,0x0,0x0,0x54,0x0,0x0,0x0,
0x54,0x0,0x0,0x0,0x54,0x0,0x0,0x0,
0x0,0x0,0x0,0x0,0x54,0x0,0x0,0x0,
0x54,0x0,0x0,0x0,0x0,0x0,0x2,0x0,
0x54,0x0,0x0,0x0,0x0,0x0,0x0,0x0,
0x84,0x0,0x0,0x0,0x78,0x1,0x90,0x2,
0x0,0x0,0x0,0x0,0x84,0x0,0x0,0x0,
0x0,0x0,0x0,0x0,0x84,0x0,0x0,0x0,
0x0,0x0,0x0,0x0,0xbb,0x0,0x0,0x0,
0x0,0x0,0x2,0x0,0xa,0x0,0x0,0x0,
0x0,0x0,0x0,0x0,0x79,0x1,0x0,0x3,
0x79,0x1,0x10,0x4,0x74,0x0,0x0,0x0,
0x0,0x0,0x1,0x0,0x1,0x0,0x0,0x0,
0x0,0x0,0x0,0x0,0x78,0x1,0x0,0x3,
0x78,0x1,0xb0,0x3,0x0,0x0,0x0,0x0,
0x9b,0x0,0x0,0x0,0x0,0x0,0x0,0x0,
0x0,0x0,0xff,0xff,0xff,0xff,0xff,0xff,
0x0,0x0,0x0,0x0,0x54,0x0,0x0,0x0,
0x54,0x0,0x0,0x0,0x54,0x0,0x0,0x0,
0x0,0x0,0x0,0x0,0x54,0x0,0x0,0x0,
0x54,0x0,0x0,0x0,0x0,0x0,0x2,0x0,
0x54,0x0,0x0,0x0,0x0,0x0,0x0,0x0,
0x84,0x0,0x0,0x0,0x82,0x1,0x50,0x1,
0x0,0x0,0x0,0x0,0x84,0x0,0x0,0x0,
0x0,0x0,0x0,0x0,0x84,0x0,0x0,0x0,
0x0,0x0,0x0,0x0,0x9c,0x0,0x0,0x0,
0x0,0x0,0x1,0x0,0x1,0x0,0x0,0x0,
0x0,0x0,0x0,0x0,0x83,0x1,0x90,0x1,
0x83,0x1,0xf0,0x1,0x0,0x0,0x0,0x0,
0x0,0x0,0x8,0x0,0x56,0x0,0x0,0x0,
0x0,0x0,0x0,0x0,0x84,0x1,0x90,0x1,
0x84,0x1,0x90,0x1,0x0,0x0,0x0,0x0,
0x78,0x0,0x0,0x0,0x0,0x0,0x0,0x0,
0x0,0x0,0xff,0xff,0xff,0xff,0xff,0xff,
0x0,0x0,0x0,0x0,0x54,0x0,0x0,0x0,
0x54,0x0,0x0,0x0,0x54,0x0,0x0,0x0,
0x0,0x0,0x0,0x0,0x54,0x0,0x0,0x0,
0x54,0x0,0x0,0x0,0x0,0x0,0x4,0x0,
0x54,0x0,0x0,0x0,0x0,0x0,0x0,0x0,
0xb4,0x0,0x0,0x0,0x84,0x1,0x90,0x1,
0x0,0x0,0x0,0x0,0xb4,0x0,0x0,0x0,
0x0,0x0,0x0,0x0,0xb4,0x0,0x0,0x0,
0x0,0x0,0x0,0x0,0x7a,0x0,0x0,0x0,
0x0,0x0,0x2,0x0,0x4,0x0,0x0,0x0,
0x0,0x0,0x0,0x0,0x86,0x1,0xd0,0x1,
0x86,0x1,0x60,0x2,0x6,0x0,0x0,0x0,
0x0,0x0,0x7,0x0,0x54,0x0,0x0,0x0,
0x0,0x0,0x0,0x0,0x85,0x1,0xd0,0x1,
0x85,0x1,0x40,0x2,0x0,0x0,0x0,0x0,
0x0,0x0,0x8,0x0,0x57,0x0,0x0,0x0,
0x0,0x0,0x0,0x0,0x88,0x1,0xd0,0x1,
0x88,0x1,0xd0,0x1,0x0,0x0,0x0,0x0,
0x0,0x0,0x8,0x0,0x76,0x0,0x0,0x0,
0x0,0x0,0x0,0x0,0xd2,0x1,0xd0,0x1,
0xd2,0x1,0xd0,0x1,0x0,0x0,0x0,0x0,
0x7b,0x0,0x0,0x0,0x0,0x0,0x0,0x0,
0x0,0x0,0xff,0xff,0xff,0xff,0xff,0xff,
0x0,0x0,0x0,0x0,0x54,0x0,0x0,0x0,
0x54,0x0,0x0,0x0,0x54,0x0,0x0,0x0,
0x0,0x0,0x0,0x0,0x54,0x0,0x0,0x0,
0x54,0x0,0x0,0x0,0x0,0x0,0x3,0x0,
0x54,0x0,0x0,0x0,0x0,0x0,0x0,0x0,
0x9c,0x0,0x0,0x0,0x88,0x1,0xd0,0x1,
0x0,0x0,0x0,0x0,0x9c,0x0,0x0,0x0,
0x0,0x0,0x0,0x0,0x9c,0x0,0x0,0x0,
0x0,0x0,0x0,0x0,0x9,0x0,0x0,0x0,
0x0,0x0,0x5,0x0,0x1e,0x0,0x0,0x0,
0x0,0x0,0x0,0x0,0x89,0x1,0x10,0x2,
0x89,0x1,0x80,0x2,0x0,0x0,0x0,0x0,
0x0,0x0,0x8,0x0,0x59,0x0,0x0,0x0,
0x0,0x0,0x0,0x0,0x8b,0x1,0x10,0x2,
0x8b,0x1,0x10,0x2,0x7d,0x0,0x0,0x0,
0x0,0x0,0x9,0x0,0x58,0x0,0x0,0x0,
0x0,0x0,0x0,0x0,0x8a,0x1,0x10,0x2,
0x8a,0x1,0x80,0x2,0x0,0x0,0x0,0x0,
0x0,0x0,0x0,0x0,0x0,0x0,0x0,0x0,
0x0,0x0,0xff,0xff,0xff,0xff,0xff,0xff,
0x0,0x0,0x0,0x0,0x54,0x0,0x0,0x0,
0x54,0x0,0x0,0x0,0x54,0x0,0x0,0x0,
0x0,0x0,0x0,0x0,0x54,0x0,0x0,0x0,
0x54,0x0,0x0,0x0,0x0,0x0,0x1,0x0,
0x54,0x0,0x0,0x0,0x0,0x0,0x0,0x0,
0x6c,0x0,0x0,0x0,0x8a,0x1,0x10,0x2,
0x0,0x0,0x0,0x0,0x6c,0x0,0x0,0x0,
0x0,0x0,0x0,0x0,0x6c,0x0,0x0,0x0,
0x0,0x0,0x0,0x0,0x74,0x0,0x0,0x0,
0x0,0x0,0x1,0x0,0x1,0x0,0x0,0x0,
0x0,0x0,0x0,0x0,0x8a,0x1,0x80,0x2,
0x8a,0x1,0x30,0x3,0x0,0x0,0x0,0x0,
0x78,0x0,0x0,0x0,0x0,0x0,0x0,0x0,
0x0,0x0,0xff,0xff,0xff,0xff,0xff,0xff,
0x0,0x0,0x0,0x0,0x54,0x0,0x0,0x0,
0x54,0x0,0x0,0x0,0x54,0x0,0x0,0x0,
0x0,0x0,0x0,0x0,0x54,0x0,0x0,0x0,
0x54,0x0,0x0,0x0,0x0,0x0,0x5,0x0,
0x54,0x0,0x0,0x0,0x0,0x0,0x0,0x0,
0xcc,0x0,0x0,0x0,0x8b,0x1,0x10,0x2,
0x0,0x0,0x0,0x0,0xcc,0x0,0x0,0x0,
0x0,0x0,0x0,0x0,0xcc,0x0,0x0,0x0,
0x0,0x0,0x0,0x0,0x7a,0x0,0x0,0x0,
0x0,0x0,0x2,0x0,0x5,0x0,0x0,0x0,
0x0,0x0,0x0,0x0,0x8e,0x1,0x50,0x2,
0x8e,0x1,0xe0,0x2,0x0,0x0,0x0,0x0,
0x0,0x0,0x8,0x0,0x5b,0x0,0x0,0x0,
0x0,0x0,0x0,0x0,0x90,0x1,0x50,0x2,
0x90,0x1,0x50,0x2,0x0,0x0,0x0,0x0,
0x0,0x0,0x8,0x0,0x6c,0x0,0x0,0x0,
0x0,0x0,0x0,0x0,0x9f,0x1,0x50,0x2,
0x9f,0x1,0x50,0x2,0x0,0x0,0x0,0x0,
0x0,0x0,0x8,0x0,0x75,0x0,0x0,0x0,
0x0,0x0,0x0,0x0,0xce,0x1,0x50,0x2,
0xce,0x1,0x50,0x2,0x6e,0x0,0x0,0x0,
0x0,0x0,0xa,0x0,0x5a,0x0,0x0,0x0,
0x0,0x0,0x0,0x0,0x8c,0x1,0x50,0x2,
0x8c,0x1,0xd0,0x2,0x0,0x0,0x0,0x0,
0x0,0x0,0x0,0x0,0x0,0x0,0x0,0x0,
0x0,0x0,0xff,0xff,0xff,0xff,0xff,0xff,
0x0,0x0,0x0,0x0,0x54,0x0,0x0,0x0,
0x54,0x0,0x0,0x0,0x54,0x0,0x0,0x0,
0x0,0x0,0x0,0x0,0x54,0x0,0x0,0x0,
0x54,0x0,0x0,0x0,0x0,0x0,0x2,0x0,
0x54,0x0,0x0,0x0,0x0,0x0,0x0,0x0,
0x84,0x0,0x0,0x0,0x8c,0x1,0x50,0x2,
0x0,0x0,0x0,0x0,0x84,0x0,0x0,0x0,
0x0,0x0,0x0,0x0,0x84,0x0,0x0,0x0,
0x0,0x0,0x0,0x0,0x79,0x0,0x0,0x0,
0x0,0x0,0x2,0x0,0x5,0x0,0x0,0x0,
0x0,0x0,0x0,0x0,0x8d,0x1,0xd0,0x2,
0x8d,0x1,0x60,0x3,0x6f,0x0,0x0,0x0,
0x0,0x0,0x7,0x0,0x55,0x0,0x0,0x0,
0x0,0x0,0x0,0x0,0x8c,0x1,0xd0,0x2,
0x8c,0x1,0x30,0x3,0x0,0x0,0x0,0x0,
0x7e,0x0,0x0,0x0,0x0,0x0,0x0,0x0,
0x0,0x0,0xff,0xff,0xff,0xff,0xff,0xff,
0x0,0x0,0x0,0x0,0x54,0x0,0x0,0x0,
0x54,0x0,0x0,0x0,0x54,0x0,0x0,0x0,
0x0,0x0,0x0,0x0,0x54,0x0,0x0,0x0,
0x54,0x0,0x0,0x0,0x0,0x0,0xc,0x0,
0x54,0x0,0x0,0x0,0x0,0x0,0x0,0x0,
0x74,0x1,0x0,0x0,0x90,0x1,0x50,0x2,
0x0,0x0,0x0,0x0,0x74,0x1,0x0,0x0,
0x0,0x0,0x0,0x0,0x74,0x1,0x0,0x0,
0x0,0x0,0x0,0x0,0x7f,0x0,0x0,0x0,
0x0,0x0,0x2,0x0,0x5,0x0,0x0,0x0,
0x0,0x0,0x0,0x0,0x92,0x1,0x90,0x2,
0x92,0x1,0x20,0x3,0x0,0x0,0x0,0x0,
0x0,0x0,0x8,0x0,0x5d,0x0,0x0,0x0,
0x0,0x0,0x0,0x0,0x93,0x1,0x90,0x2,
0x93,0x1,0x90,0x2,0x0,0x0,0x0,0x0,
0x0,0x0,0x8,0x0,0x5e,0x0,0x0,0x0,
0x0,0x0,0x0,0x0,0x94,0x1,0x90,0x2,
0x94,0x1,0x90,0x2,0x0,0x0,0x0,0x0,
0x0,0x0,0x8,0x0,0x60,0x0,0x0,0x0,
0x0,0x0,0x0,0x0,0x95,0x1,0x90,0x2,
0x95,0x1,0x90,0x2,0x0,0x0,0x0,0x0,
0x0,0x0,0x8,0x0,0x61,0x0,0x0,0x0,
0x0,0x0,0x0,0x0,0x96,0x1,0x90,0x2,
0x96,0x1,0x90,0x2,0x0,0x0,0x0,0x0,
0x0,0x0,0x8,0x0,0x63,0x0,0x0,0x0,
0x0,0x0,0x0,0x0,0x97,0x1,0x90,0x2,
0x97,0x1,0x90,0x2,0x0,0x0,0x0,0x0,
0x0,0x0,0x8,0x0,0x64,0x0,0x0,0x0,
0x0,0x0,0x0,0x0,0x98,0x1,0x90,0x2,
0x98,0x1,0x90,0x2,0x0,0x0,0x0,0x0,
0x0,0x0,0x8,0x0,0x66,0x0,0x0,0x0,
0x0,0x0,0x0,0x0,0x99,0x1,0x90,0x2,
0x99,0x1,0x90,0x2,0x0,0x0,0x0,0x0,
0x0,0x0,0x8,0x0,0x67,0x0,0x0,0x0,
0x0,0x0,0x0,0x0,0x9a,0x1,0x90,0x2,
0x9a,0x1,0x90,0x2,0x0,0x0,0x0,0x0,
0x0,0x0,0x8,0x0,0x69,0x0,0x0,0x0,
0x0,0x0,0x0,0x0,0x9b,0x1,0x90,0x2,
0x9b,0x1,0x90,0x2,0x0,0x0,0x0,0x0,
0x0,0x0,0x8,0x0,0x6a,0x0,0x0,0x0,
0x0,0x0,0x0,0x0,0x9c,0x1,0x90,0x2,
0x9c,0x1,0x90,0x2,0x7d,0x0,0x0,0x0,
0x0,0x0,0x9,0x0,0x5c,0x0,0x0,0x0,
0x0,0x0,0x0,0x0,0x91,0x1,0x90,0x2,
0x91,0x1,0x0,0x3,0x0,0x0,0x0,0x0,
0x0,0x0,0x0,0x0,0x0,0x0,0x0,0x0,
0x0,0x0,0xff,0xff,0xff,0xff,0xff,0xff,
0x0,0x0,0x0,0x0,0x54,0x0,0x0,0x0,
0x54,0x0,0x0,0x0,0x54,0x0,0x0,0x0,
0x0,0x0,0x0,0x0,0x54,0x0,0x0,0x0,
0x54,0x0,0x0,0x0,0x0,0x0,0x1,0x0,
0x54,0x0,0x0,0x0,0x0,0x0,0x0,0x0,
0x6c,0x0,0x0,0x0,0x91,0x1,0x90,0x2,
0x0,0x0,0x0,0x0,0x6c,0x0,0x0,0x0,
0x0,0x0,0x0,0x0,0x6c,0x0,0x0,0x0,
0x0,0x0,0x0,0x0,0x74,0x0,0x0,0x0,
0x0,0x0,0x1,0x0,0x1,0x0,0x0,0x0,
0x0,0x0,0x0,0x0,0x91,0x1,0x0,0x3,
0x91,0x1,0xb0,0x3,0x0,0x0,0x0,0x0,
0x82,0x0,0x0,0x0,0x0,0x0,0x0,0x0,
0x0,0x0,0xff,0xff,0xff,0xff,0xff,0xff,
0x0,0x0,0x0,0x0,0x54,0x0,0x0,0x0,
0x54,0x0,0x0,0x0,0x54,0x0,0x0,0x0,
0x0,0x0,0x0,0x0,0x54,0x0,0x0,0x0,
0x54,0x0,0x0,0x0,0x0,0x0,0x1,0x0,
0x54,0x0,0x0,0x0,0x0,0x0,0x0,0x0,
0x6c,0x0,0x0,0x0,0x93,0x1,0x90,0x2,
0x0,0x0,0x0,0x0,0x6c,0x0,0x0,0x0,
0x0,0x0,0x0,0x0,0x6c,0x0,0x0,0x0,
0x0,0x0,0x0,0x0,0x18,0x0,0x0,0x0,
0x0,0x0,0x5,0x0,0x1f,0x0,0x0,0x0,
0x0,0x0,0x0,0x0,0x93,0x1,0x10,0x3,
0x93,0x1,0x70,0x3,0x0,0x0,0x0,0x0,
0xae,0x0,0x0,0x0,0x6a,0x0,0x0,0x0,
0x0,0x0,0xff,0xff,0xff,0xff,0xff,0xff,
0x0,0x0,0x0,0x0,0x54,0x0,0x0,0x0,
0x54,0x0,0x0,0x0,0x54,0x0,0x0,0x0,
0x0,0x0,0x0,0x0,0x54,0x0,0x0,0x0,
0x54,0x0,0x0,0x0,0x0,0x0,0x2,0x0,
0x54,0x0,0x0,0x0,0x0,0x0,0x0,0x0,
0x84,0x0,0x0,0x0,0x94,0x1,0x90,0x2,
0x94,0x1,0x50,0x3,0x84,0x0,0x0,0x0,
0x0,0x0,0x0,0x0,0x84,0x0,0x0,0x0,
0x0,0x0,0x0,0x0,0xbf,0x0,0x0,0x0,
0x0,0x0,0x5,0x0,0x20,0x0,0x0,0x0,
0x0,0x0,0x0,0x0,0x94,0x1,0x30,0x4,
0x94,0x1,0x40,0x5,0x7d,0x0,0x0,0x0,
0x0,0x0,0x9,0x0,0x5f,0x0,0x0,0x0,
0x0,0x0,0x0,0x0,0x94,0x1,0x10,0x6,
0x94,0x1,0x80,0x6,0x0,0x0,0x0,0x0,
0x0,0x0,0x0,0x0,0x0,0x0,0x0,0x0,
0x0,0x0,0xff,0xff,0xff,0xff,0xff,0xff,
0x0,0x0,0x0,0x0,0x54,0x0,0x0,0x0,
0x54,0x0,0x0,0x0,0x54,0x0,0x0,0x0,
0x0,0x0,0x0,0x0,0x54,0x0,0x0,0x0,
0x54,0x0,0x0,0x0,0x0,0x0,0x1,0x0,
0x54,0x0,0x0,0x0,0x0,0x0,0x0,0x0,
0x6c,0x0,0x0,0x0,0x94,0x1,0x10,0x6,
0x0,0x0,0x0,0x0,0x6c,0x0,0x0,0x0,
0x0,0x0,0x0,0x0,0x6c,0x0,0x0,0x0,
0x0,0x0,0x0,0x0,0x75,0x0,0x0,0x0,
0x0,0x0,0x2,0x0,0xb,0x0,0x0,0x0,
0x0,0x0,0x0,0x0,0x94,0x1,0x80,0x6,
0x94,0x1,0x80,0x7,0x0,0x0,0x0,0x0,
0x82,0x0,0x0,0x0,0x0,0x0,0x0,0x0,
0x0,0x0,0xff,0xff,0xff,0xff,0xff,0xff,
0x0,0x0,0x0,0x0,0x54,0x0,0x0,0x0,
0x54,0x0,0x0,0x0,0x54,0x0,0x0,0x0,
0x0,0x0,0x0,0x0,0x54,0x0,0x0,0x0,
0x54,0x0,0x0,0x0,0x0,0x0,0x1,0x0,
0x54,0x0,0x0,0x0,0x0,0x0,0x0,0x0,
0x6c,0x0,0x0,0x0,0x95,0x1,0x90,0x2,
0x0,0x0,0x0,0x0,0x6c,0x0,0x0,0x0,
0x0,0x0,0x0,0x0,0x6c,0x0,0x0,0x0,
0x0,0x0,0x0,0x0,0x18,0x0,0x0,0x0,
0x0,0x0,0x5,0x0,0x21,0x0,0x0,0x0,
0x0,0x0,0x0,0x0,0x95,0x1,0x10,0x3,
0x95,0x1,0x70,0x3,0x0,0x0,0x0,0x0,
0xae,0x0,0x0,0x0,0xc2,0x0,0x0,0x0,
0x0,0x0,0xff,0xff,0xff,0xff,0xff,0xff,
0x0,0x0,0x0,0x0,0x54,0x0,0x0,0x0,
0x54,0x0,0x0,0x0,0x54,0x0,0x0,0x0,
0x0,0x0,0x0,0x0,0x54,0x0,0x0,0x0,
0x54,0x0,0x0,0x0,0x0,0x0,0x2,0x0,
0x54,0x0,0x0,0x0,0x0,0x0,0x0,0x0,
0x84,0x0,0x0,0x0,0x96,0x1,0x90,0x2,
0x96,0x1,0x50,0x3,0x84,0x0,0x0,0x0,
0x0,0x0,0x0,0x0,0x84,0x0,0x0,0x0,
0x0,0x0,0x0,0x0,0xbf,0x0,0x0,0x0,
0x0,0x0,0x5,0x0,0x22,0x0,0x0,0x0,
0x0,0x0,0x0,0x0,0x96,0x1,0x50,0x4,
0x96,0x1,0x60,0x5,0x7d,0x0,0x0,0x0,
0x0,0x0,0x9,0x0,0x62,0x0,0x0,0x0,
0x0,0x0,0x0,0x0,0x96,0x1,0x20,0x6,
0x96,0x1,0x90,0x6,0x0,0x0,0x0,0x0,
0x0,0x0,0x0,0x0,0x0,0x0,0x0,0x0,
0x0,0x0,0xff,0xff,0xff,0xff,0xff,0xff,
0x0,0x0,0x0,0x0,0x54,0x0,0x0,0x0,
0x54,0x0,0x0,0x0,0x54,0x0,0x0,0x0,
0x0,0x0,0x0,0x0,0x54,0x0,0x0,0x0,
0x54,0x0,0x0,0x0,0x0,0x0,0x1,0x0,
0x54,0x0,0x0,0x0,0x0,0x0,0x0,0x0,
0x6c,0x0,0x0,0x0,0x96,0x1,0x20,0x6,
0x0,0x0,0x0,0x0,0x6c,0x0,0x0,0x0,
0x0,0x0,0x0,0x0,0x6c,0x0,0x0,0x0,
0x0,0x0,0x0,0x0,0x75,0x0,0x0,0x0,
0x0,0x0,0x2,0x0,0xc,0x0,0x0,0x0,
0x0,0x0,0x0,0x0,0x96,0x1,0x90,0x6,
0x96,0x1,0x90,0x7,0x0,0x0,0x0,0x0,
0x82,0x0,0x0,0x0,0x0,0x0,0x0,0x0,
0x0,0x0,0xff,0xff,0xff,0xff,0xff,0xff,
0x0,0x0,0x0,0x0,0x54,0x0,0x0,0x0,
0x54,0x0,0x0,0x0,0x54,0x0,0x0,0x0,
0x0,0x0,0x0,0x0,0x54,0x0,0x0,0x0,
0x54,0x0,0x0,0x0,0x0,0x0,0x1,0x0,
0x54,0x0,0x0,0x0,0x0,0x0,0x0,0x0,
0x6c,0x0,0x0,0x0,0x97,0x1,0x90,0x2,
0x0,0x0,0x0,0x0,0x6c,0x0,0x0,0x0,
0x0,0x0,0x0,0x0,0x6c,0x0,0x0,0x0,
0x0,0x0,0x0,0x0,0x18,0x0,0x0,0x0,
0x0,0x0,0x5,0x0,0x23,0x0,0x0,0x0,
0x0,0x0,0x0,0x0,0x97,0x1,0x10,0x3,
0x97,0x1,0x70,0x3,0x0,0x0,0x0,0x0,
0xae,0x0,0x0,0x0,0xc5,0x0,0x0,0x0,
0x0,0x0,0xff,0xff,0xff,0xff,0xff,0xff,
0x0,0x0,0x0,0x0,0x54,0x0,0x0,0x0,
0x54,0x0,0x0,0x0,0x54,0x0,0x0,0x0,
0x0,0x0,0x0,0x0,0x54,0x0,0x0,0x0,
0x54,0x0,0x0,0x0,0x0,0x0,0x2,0x0,
0x54,0x0,0x0,0x0,0x0,0x0,0x0,0x0,
0x84,0x0,0x0,0x0,0x98,0x1,0x90,0x2,
0x98,0x1,0x50,0x3,0x84,0x0,0x0,0x0,
0x0,0x0,0x0,0x0,0x84,0x0,0x0,0x0,
0x0,0x0,0x0,0x0,0xbf,0x0,0x0,0x0,
0x0,0x0,0x5,0x0,0x24,0x0,0x0,0x0,
0x0,0x0,0x0,0x0,0x98,0x1,0xb0,0x4,
0x98,0x1,0xc0,0x5,0x7d,0x0,0x0,0x0,
0x0,0x0,0x9,0x0,0x65,0x0,0x0,0x0,
0x0,0x0,0x0,0x0,0x98,0x1,0xc0,0x6,
0x98,0x1,0x30,0x7,0x0,0x0,0x0,0x0,
0x0,0x0,0x0,0x0,0x0,0x0,0x0,0x0,
0x0,0x0,0xff,0xff,0xff,0xff,0xff,0xff,
0x0,0x0,0x0,0x0,0x54,0x0,0x0,0x0,
0x54,0x0,0x0,0x0,0x54,0x0,0x0,0x0,
0x0,0x0,0x0,0x0,0x54,0x0,0x0,0x0,
0x54,0x0,0x0,0x0,0x0,0x0,0x1,0x0,
0x54,0x0,0x0,0x0,0x0,0x0,0x0,0x0,
0x6c,0x0,0x0,0x0,0x98,0x1,0xc0,0x6,
0x0,0x0,0x0,0x0,0x6c,0x0,0x0,0x0,
0x0,0x0,0x0,0x0,0x6c,0x0,0x0,0x0,
0x0,0x0,0x0,0x0,0x75,0x0,0x0,0x0,
0x0,0x0,0x2,0x0,0xc,0x0,0x0,0x0,
0x0,0x0,0x0,0x0,0x98,0x1,0x30,0x7,
0x98,0x1,0x30,0x8,0x0,0x0,0x0,0x0,
0x82,0x0,0x0,0x0,0x0,0x0,0x0,0x0,
0x0,0x0,0xff,0xff,0xff,0xff,0xff,0xff,
0x0,0x0,0x0,0x0,0x54,0x0,0x0,0x0,
0x54,0x0,0x0,0x0,0x54,0x0,0x0,0x0,
0x0,0x0,0x0,0x0,0x54,0x0,0x0,0x0,
0x54,0x0,0x0,0x0,0x0,0x0,0x1,0x0,
0x54,0x0,0x0,0x0,0x0,0x0,0x0,0x0,
0x6c,0x0,0x0,0x0,0x99,0x1,0x90,0x2,
0x0,0x0,0x0,0x0,0x6c,0x0,0x0,0x0,
0x0,0x0,0x0,0x0,0x6c,0x0,0x0,0x0,
0x0,0x0,0x0,0x0,0x18,0x0,0x0,0x0,
0x0,0x0,0x5,0x0,0x25,0x0,0x0,0x0,
0x0,0x0,0x0,0x0,0x99,0x1,0x10,0x3,
0x99,0x1,0x70,0x3,0x0,0x0,0x0,0x0,
0xae,0x0,0x0,0x0,0xc8,0x0,0x0,0x0,
0x0,0x0,0xff,0xff,0xff,0xff,0xff,0xff,
0x0,0x0,0x0,0x0,0x54,0x0,0x0,0x0,
0x54,0x0,0x0,0x0,0x54,0x0,0x0,0x0,
0x0,0x0,0x0,0x0,0x54,0x0,0x0,0x0,
0x54,0x0,0x0,0x0,0x0,0x0,0x2,0x0,
0x54,0x0,0x0,0x0,0x0,0x0,0x0,0x0,
0x84,0x0,0x0,0x0,0x9a,0x1,0x90,0x2,
0x9a,0x1,0x50,0x3,0x84,0x0,0x0,0x0,
0x0,0x0,0x0,0x0,0x84,0x0,0x0,0x0,
0x0,0x0,0x0,0x0,0xbf,0x0,0x0,0x0,
0x0,0x0,0x5,0x0,0x26,0x0,0x0,0x0,
0x0,0x0,0x0,0x0,0x9a,0x1,0xb0,0x4,
0x9a,0x1,0xc0,0x5,0x7d,0x0,0x0,0x0,
0x0,0x0,0x9,0x0,0x68,0x0,0x0,0x0,
0x0,0x0,0x0,0x0,0x9a,0x1,0x90,0x6,
0x9a,0x1,0x0,0x7,0x0,0x0,0x0,0x0,
0x0,0x0,0x0,0x0,0x0,0x0,0x0,0x0,
0x0,0x0,0xff,0xff,0xff,0xff,0xff,0xff,
0x0,0x0,0x0,0x0,0x54,0x0,0x0,0x0,
0x54,0x0,0x0,0x0,0x54,0x0,0x0,0x0,
0x0,0x0,0x0,0x0,0x54,0x0,0x0,0x0,
0x54,0x0,0x0,0x0,0x0,0x0,0x1,0x0,
0x54,0x0,0x0,0x0,0x0,0x0,0x0,0x0,
0x6c,0x0,0x0,0x0,0x9a,0x1,0x90,0x6,
0x0,0x0,0x0,0x0,0x6c,0x0,0x0,0x0,
0x0,0x0,0x0,0x0,0x6c,0x0,0x0,0x0,
0x0,0x0,0x0,0x0,0x75,0x0,0x0,0x0,
0x0,0x0,0x2,0x0,0xc,0x0,0x0,0x0,
0x0,0x0,0x0,0x0,0x9a,0x1,0x0,0x7,
0x9a,0x1,0x0,0x8,0x0,0x0,0x0,0x0,
0x82,0x0,0x0,0x0,0x0,0x0,0x0,0x0,
0x0,0x0,0xff,0xff,0xff,0xff,0xff,0xff,
0x0,0x0,0x0,0x0,0x54,0x0,0x0,0x0,
0x54,0x0,0x0,0x0,0x54,0x0,0x0,0x0,
0x0,0x0,0x0,0x0,0x54,0x0,0x0,0x0,
0x54,0x0,0x0,0x0,0x0,0x0,0x1,0x0,
0x54,0x0,0x0,0x0,0x0,0x0,0x0,0x0,
0x6c,0x0,0x0,0x0,0x9b,0x1,0x90,0x2,
0x0,0x0,0x0,0x0,0x6c,0x0,0x0,0x0,
0x0,0x0,0x0,0x0,0x6c,0x0,0x0,0x0,
0x0,0x0,0x0,0x0,0x18,0x0,0x0,0x0,
0x0,0x0,0x5,0x0,0x27,0x0,0x0,0x0,
0x0,0x0,0x0,0x0,0x9b,0x1,0x10,0x3,
0x9b,0x1,0x70,0x3,0x0,0x0,0x0,0x0,
0xae,0x0,0x0,0x0,0xcb,0x0,0x0,0x0,
0x0,0x0,0xff,0xff,0xff,0xff,0xff,0xff,
0x0,0x0,0x0,0x0,0x54,0x0,0x0,0x0,
0x54,0x0,0x0,0x0,0x54,0x0,0x0,0x0,
0x0,0x0,0x0,0x0,0x54,0x0,0x0,0x0,
0x54,0x0,0x0,0x0,0x0,0x0,0x2,0x0,
0x54,0x0,0x0,0x0,0x0,0x0,0x0,0x0,
0x84,0x0,0x0,0x0,0x9c,0x1,0x90,0x2,
0x9c,0x1,0x50,0x3,0x84,0x0,0x0,0x0,
0x0,0x0,0x0,0x0,0x84,0x0,0x0,0x0,
0x0,0x0,0x0,0x0,0xbf,0x0,0x0,0x0,
0x0,0x0,0x5,0x0,0x28,0x0,0x0,0x0,
0x0,0x0,0x0,0x0,0x9c,0x1,0x90,0x4,
0x9c,0x1,0xa0,0x5,0x7d,0x0,0x0,0x0,
0x0,0x0,0x9,0x0,0x6b,0x0,0x0,0x0,
0x0,0x0,0x0,0x0,0x9c,0x1,0x70,0x6,
0x9c,0x1,0xe0,0x6,0x0,0x0,0x0,0x0,
0x0,0x0,0x0,0x0,0x0,0x0,0x0,0x0,
0x0,0x0,0xff,0xff,0xff,0xff,0xff,0xff,
0x0,0x0,0x0,0x0,0x54,0x0,0x0,0x0,
0x54,0x0,0x0,0x0,0x54,0x0,0x0,0x0,
0x0,0x0,0x0,0x0,0x54,0x0,0x0,0x0,
0x54,0x0,0x0,0x0,0x0,0x0,0x1,0x0,
0x54,0x0,0x0,0x0,0x0,0x0,0x0,0x0,
0x6c,0x0,0x0,0x0,0x9c,0x1,0x70,0x6,
0x0,0x0,0x0,0x0,0x6c,0x0,0x0,0x0,
0x0,0x0,0x0,0x0,0x6c,0x0,0x0,0x0,
0x0,0x0,0x0,0x0,0x75,0x0,0x0,0x0,
0x0,0x0,0x2,0x0,0xc,0x0,0x0,0x0,
0x0,0x0,0x0,0x0,0x9c,0x1,0xe0,0x6,
0x9c,0x1,0xe0,0x7,0x0,0x0,0x0,0x0,
0x9f,0x0,0x0,0x0,0x0,0x0,0x0,0x0,
0x0,0x0,0xff,0xff,0xff,0xff,0xff,0xff,
0x0,0x0,0x0,0x0,0x54,0x0,0x0,0x0,
0x54,0x0,0x0,0x0,0x54,0x0,0x0,0x0,
0x0,0x0,0x0,0x0,0x54,0x0,0x0,0x0,
0x54,0x0,0x0,0x0,0x0,0x0,0x8,0x0,
0x54,0x0,0x0,0x0,0x0,0x0,0x0,0x0,
0x14,0x1,0x0,0x0,0x9f,0x1,0x50,0x2,
0x0,0x0,0x0,0x0,0x14,0x1,0x0,0x0,
0x0,0x0,0x0,0x0,0x14,0x1,0x0,0x0,
0x0,0x0,0x0,0x0,0x7a,0x0,0x0,0x0,
0x0,0x0,0x2,0x0,0x5,0x0,0x0,0x0,
0x0,0x0,0x0,0x0,0xa0,0x1,0x90,0x2,
0xa0,0x1,0x20,0x3,0x0,0x0,0x0,0x0,
0x0,0x0,0x8,0x0,0x6d,0x0,0x0,0x0,
0x0,0x0,0x0,0x0,0xa1,0x1,0x90,0x2,
0xa1,0x1,0x90,0x2,0x0,0x0,0x0,0x0,
0x0,0x0,0x8,0x0,0x6e,0x0,0x0,0x0,
0x0,0x0,0x0,0x0,0xa9,0x1,0x90,0x2,
0xa9,0x1,0x90,0x2,0x0,0x0,0x0,0x0,
0x0,0x0,0x8,0x0,0x6f,0x0,0x0,0x0,
0x0,0x0,0x0,0x0,0xb1,0x1,0x90,0x2,
0xb1,0x1,0x90,0x2,0x0,0x0,0x0,0x0,
0x0,0x0,0x8,0x0,0x70,0x0,0x0,0x0,
0x0,0x0,0x0,0x0,0xb9,0x1,0x90,0x2,
0xb9,0x1,0x90,0x2,0x0,0x0,0x0,0x0,
0x0,0x0,0x8,0x0,0x71,0x0,0x0,0x0,
0x0,0x0,0x0,0x0,0xc0,0x1,0x90,0x2,
0xc0,0x1,0x90,0x2,0x0,0x0,0x0,0x0,
0x0,0x0,0x8,0x0,0x72,0x0,0x0,0x0,
0x0,0x0,0x0,0x0,0xc7,0x1,0x90,0x2,
0xc7,0x1,0x90,0x2,0x0,0x0,0x0,0x0,
0x0,0x0,0x8,0x0,0x73,0x0,0x0,0x0,
0x0,0x0,0x0,0x0,0xcb,0x1,0x90,0x2,
0xcb,0x1,0x90,0x2,0x0,0x0,0x0,0x0,
0xa0,0x0,0x0,0x0,0x0,0x0,0x0,0x0,
0x0,0x0,0xff,0xff,0xff,0xff,0xff,0xff,
0x0,0x0,0x0,0x0,0x54,0x0,0x0,0x0,
0x54,0x0,0x0,0x0,0x54,0x0,0x0,0x0,
0x0,0x0,0x0,0x0,0x54,0x0,0x0,0x0,
0x54,0x0,0x0,0x0,0x0,0x0,0x2,0x0,
0x54,0x0,0x0,0x0,0x0,0x0,0x0,0x0,
0x84,0x0,0x0,0x0,0xa1,0x1,0x90,0x2,
0x0,0x0,0x0,0x0,0x84,0x0,0x0,0x0,
0x0,0x0,0x0,0x0,0x84,0x0,0x0,0x0,
0x0,0x0,0x0,0x0,0xa2,0x0,0x0,0x0,
0x0,0x0,0x7,0x0,0x56,0x0,0x0,0x0,
0x0,0x0,0x0,0x0,0xa3,0x1,0xd0,0x2,
0xa3,0x1,0x80,0x3,0x18,0x0,0x0,0x0,
0x0,0x0,0x5,0x0,0x29,0x0,0x0,0x0,
0x0,0x0,0x0,0x0,0xa2,0x1,0xd0,0x2,
0xa2,0x1,0x30,0x3,0x0,0x0,0x0,0x0,
0xa0,0x0,0x0,0x0,0x0,0x0,0x0,0x0,
0x0,0x0,0xff,0xff,0xff,0xff,0xff,0xff,
0x0,0x0,0x0,0x0,0x54,0x0,0x0,0x0,
0x54,0x0,0x0,0x0,0x54,0x0,0x0,0x0,
0x0,0x0,0x0,0x0,0x54,0x0,0x0,0x0,
0x54,0x0,0x0,0x0,0x0,0x0,0x2,0x0,
0x54,0x0,0x0,0x0,0x0,0x0,0x0,0x0,
0x84,0x0,0x0,0x0,0xa9,0x1,0x90,0x2,
0x0,0x0,0x0,0x0,0x84,0x0,0x0,0x0,
0x0,0x0,0x0,0x0,0x84,0x0,0x0,0x0,
0x0,0x0,0x0,0x0,0xa2,0x0,0x0,0x0,
0x0,0x0,0x7,0x0,0x57,0x0,0x0,0x0,
0x0,0x0,0x0,0x0,0xab,0x1,0xd0,0x2,
0xab,0x1,0x80,0x3,0x18,0x0,0x0,0x0,
0x0,0x0,0x5,0x0,0x2a,0x0,0x0,0x0,
0x0,0x0,0x0,0x0,0xaa,0x1,0xd0,0x2,
0xaa,0x1,0x30,0x3,0x0,0x0,0x0,0x0,
0xa0,0x0,0x0,0x0,0x0,0x0,0x0,0x0,
0x0,0x0,0xff,0xff,0xff,0xff,0xff,0xff,
0x0,0x0,0x0,0x0,0x54,0x0,0x0,0x0,
0x54,0x0,0x0,0x0,0x54,0x0,0x0,0x0,
0x0,0x0,0x0,0x0,0x54,0x0,0x0,0x0,
0x54,0x0,0x0,0x0,0x0,0x0,0x2,0x0,
0x54,0x0,0x0,0x0,0x0,0x0,0x0,0x0,
0x84,0x0,0x0,0x0,0xb1,0x1,0x90,0x2,
0x0,0x0,0x0,0x0,0x84,0x0,0x0,0x0,
0x0,0x0,0x0,0x0,0x84,0x0,0x0,0x0,
0x0,0x0,0x0,0x0,0xa2,0x0,0x0,0x0,
0x0,0x0,0x7,0x0,0x58,0x0,0x0,0x0,
0x0,0x0,0x0,0x0,0xb3,0x1,0xd0,0x2,
0xb3,0x1,0x80,0x3,0x18,0x0,0x0,0x0,
0x0,0x0,0x5,0x0,0x2b,0x0,0x0,0x0,
0x0,0x0,0x0,0x0,0xb2,0x1,0xd0,0x2,
0xb2,0x1,0x30,0x3,0x0,0x0,0x0,0x0,
0xa0,0x0,0x0,0x0,0x0,0x0,0x0,0x0,
0x0,0x0,0xff,0xff,0xff,0xff,0xff,0xff,
0x0,0x0,0x0,0x0,0x54,0x0,0x0,0x0,
0x54,0x0,0x0,0x0,0x54,0x0,0x0,0x0,
0x0,0x0,0x0,0x0,0x54,0x0,0x0,0x0,
0x54,0x0,0x0,0x0,0x0,0x0,0x2,0x0,
0x54,0x0,0x0,0x0,0x0,0x0,0x0,0x0,
0x84,0x0,0x0,0x0,0xb9,0x1,0x90,0x2,
0x0,0x0,0x0,0x0,0x84,0x0,0x0,0x0,
0x0,0x0,0x0,0x0,0x84,0x0,0x0,0x0,
0x0,0x0,0x0,0x0,0xa2,0x0,0x0,0x0,
0x0,0x0,0x7,0x0,0x59,0x0,0x0,0x0,
0x0,0x0,0x0,0x0,0xbb,0x1,0xd0,0x2,
0xbb,0x1,0x80,0x3,0x18,0x0,0x0,0x0,
0x0,0x0,0x5,0x0,0x2c,0x0,0x0,0x0,
0x0,0x0,0x0,0x0,0xba,0x1,0xd0,0x2,
0xba,0x1,0x30,0x3,0x0,0x0,0x0,0x0,
0xa0,0x0,0x0,0x0,0x0,0x0,0x0,0x0,
0x0,0x0,0xff,0xff,0xff,0xff,0xff,0xff,
0x0,0x0,0x0,0x0,0x54,0x0,0x0,0x0,
0x54,0x0,0x0,0x0,0x54,0x0,0x0,0x0,
0x0,0x0,0x0,0x0,0x54,0x0,0x0,0x0,
0x54,0x0,0x0,0x0,0x0,0x0,0x2,0x0,
0x54,0x0,0x0,0x0,0x0,0x0,0x0,0x0,
0x84,0x0,0x0,0x0,0xc0,0x1,0x90,0x2,
0x0,0x0,0x0,0x0,0x84,0x0,0x0,0x0,
0x0,0x0,0x0,0x0,0x84,0x0,0x0,0x0,
0x0,0x0,0x0,0x0,0xa2,0x0,0x0,0x0,
0x0,0x0,0x7,0x0,0x5a,0x0,0x0,0x0,
0x0,0x0,0x0,0x0,0xc2,0x1,0xd0,0x2,
0xc2,0x1,0x80,0x3,0x18,0x0,0x0,0x0,
0x0,0x0,0x5,0x0,0x2d,0x0,0x0,0x0,
0x0,0x0,0x0,0x0,0xc1,0x1,0xd0,0x2,
0xc1,0x1,0x30,0x3,0x0,0x0,0x0,0x0,
0xa0,0x0,0x0,0x0,0x0,0x0,0x0,0x0,
0x0,0x0,0xff,0xff,0xff,0xff,0xff,0xff,
0x0,0x0,0x0,0x0,0x54,0x0,0x0,0x0,
0x54,0x0,0x0,0x0,0x54,0x0,0x0,0x0,
0x0,0x0,0x0,0x0,0x54,0x0,0x0,0x0,
0x54,0x0,0x0,0x0,0x0,0x0,0x2,0x0,
0x54,0x0,0x0,0x0,0x0,0x0,0x0,0x0,
0x84,0x0,0x0,0x0,0xc7,0x1,0x90,0x2,
0x0,0x0,0x0,0x0,0x84,0x0,0x0,0x0,
0x0,0x0,0x0,0x0,0x84,0x0,0x0,0x0,
0x0,0x0,0x0,0x0,0xa2,0x0,0x0,0x0,
0x0,0x0,0x7,0x0,0x5b,0x0,0x0,0x0,
0x0,0x0,0x0,0x0,0xc9,0x1,0xd0,0x2,
0xc9,0x1,0x80,0x3,0x18,0x0,0x0,0x0,
0x0,0x0,0x5,0x0,0x2e,0x0,0x0,0x0,
0x0,0x0,0x0,0x0,0xc8,0x1,0xd0,0x2,
0xc8,0x1,0x30,0x3,0x0,0x0,0x0,0x0,
0xa7,0x0,0x0,0x0,0x0,0x0,0x0,0x0,
0x0,0x0,0xff,0xff,0xff,0xff,0xff,0xff,
0x0,0x0,0x0,0x0,0x54,0x0,0x0,0x0,
0x54,0x0,0x0,0x0,0x54,0x0,0x0,0x0,
0x0,0x0,0x0,0x0,0x54,0x0,0x0,0x0,
0x54,0x0,0x0,0x0,0x0,0x0,0x1,0x0,
0x54,0x0,0x0,0x0,0x0,0x0,0x0,0x0,
0x6c,0x0,0x0,0x0,0xcb,0x1,0x90,0x2,
0x0,0x0,0x0,0x0,0x6c,0x0,0x0,0x0,
0x0,0x0,0x0,0x0,0x6c,0x0,0x0,0x0,
0x0,0x0,0x0,0x0,0x7d,0x0,0x0,0x0,
0x0,0x0,0x9,0x0,0x74,0x0,0x0,0x0,
0x0,0x0,0x0,0x0,0xcb,0x1,0x0,0x3,
0xcb,0x1,0x70,0x3,0x0,0x0,0x0,0x0,
0x0,0x0,0x0,0x0,0x0,0x0,0x0,0x0,
0x0,0x0,0xff,0xff,0xff,0xff,0xff,0xff,
0x0,0x0,0x0,0x0,0x54,0x0,0x0,0x0,
0x54,0x0,0x0,0x0,0x54,0x0,0x0,0x0,
0x0,0x0,0x0,0x0,0x54,0x0,0x0,0x0,
0x54,0x0,0x0,0x0,0x0,0x0,0x1,0x0,
0x54,0x0,0x0,0x0,0x0,0x0,0x0,0x0,
0x6c,0x0,0x0,0x0,0xcb,0x1,0x0,0x3,
0x0,0x0,0x0,0x0,0x6c,0x0,0x0,0x0,
0x0,0x0,0x0,0x0,0x6c,0x0,0x0,0x0,
0x0,0x0,0x0,0x0,0x74,0x0,0x0,0x0,
0x0,0x0,0x1,0x0,0x1,0x0,0x0,0x0,
0x0,0x0,0x0,0x0,0xcb,0x1,0x70,0x3,
0xcb,0x1,0x20,0x4,0x0,0x0,0x0,0x0,
0x82,0x0,0x0,0x0,0x0,0x0,0x0,0x0,
0x0,0x0,0xff,0xff,0xff,0xff,0xff,0xff,
0x0,0x0,0x0,0x0,0x54,0x0,0x0,0x0,
0x54,0x0,0x0,0x0,0x54,0x0,0x0,0x0,
0x0,0x0,0x0,0x0,0x54,0x0,0x0,0x0,
0x54,0x0,0x0,0x0,0x0,0x0,0x1,0x0,
0x54,0x0,0x0,0x0,0x0,0x0,0x0,0x0,
0x6c,0x0,0x0,0x0,0xce,0x1,0x50,0x2,
0x0,0x0,0x0,0x0,0x6c,0x0,0x0,0x0,
0x0,0x0,0x0,0x0,0x6c,0x0,0x0,0x0,
0x0,0x0,0x0,0x0,0x18,0x0,0x0,0x0,
0x0,0x0,0x7,0x0,0x5c,0x0,0x0,0x0,
0x0,0x0,0x0,0x0,0xce,0x1,0xd0,0x2,
0xce,0x1,0x30,0x3,0x0,0x0,0x0,0x0,
0x7b,0x0,0x0,0x0,0x0,0x0,0x0,0x0,
0x0,0x0,0xff,0xff,0xff,0xff,0xff,0xff,
0x0,0x0,0x0,0x0,0x54,0x0,0x0,0x0,
0x54,0x0,0x0,0x0,0x54,0x0,0x0,0x0,
0x0,0x0,0x0,0x0,0x54,0x0,0x0,0x0,
0x54,0x0,0x0,0x0,0x0,0x0,0x3,0x0,
0x54,0x0,0x0,0x0,0x0,0x0,0x0,0x0,
0x9c,0x0,0x0,0x0,0xd2,0x1,0xd0,0x1,
0x0,0x0,0x0,0x0,0x9c,0x0,0x0,0x0,
0x0,0x0,0x0,0x0,0x9c,0x0,0x0,0x0,
0x0,0x0,0x0,0x0,0x9,0x0,0x0,0x0,
0x0,0x0,0x5,0x0,0x2f,0x0,0x0,0x0,
0x0,0x0,0x0,0x0,0xd3,0x1,0x10,0x2,
0xd3,0x1,0x80,0x2,0x0,0x0,0x0,0x0,
0x0,0x0,0x8,0x0,0x78,0x0,0x0,0x0,
0x0,0x0,0x0,0x0,0xd5,0x1,0x10,0x2,
0xd5,0x1,0x10,0x2,0x7d,0x0,0x0,0x0,
0x0,0x0,0x9,0x0,0x77,0x0,0x0,0x0,
0x0,0x0,0x0,0x0,0xd4,0x1,0x10,0x2,
0xd4,0x1,0x80,0x2,0x0,0x0,0x0,0x0,
0x0,0x0,0x0,0x0,0x0,0x0,0x0,0x0,
0x0,0x0,0xff,0xff,0xff,0xff,0xff,0xff,
0x0,0x0,0x0,0x0,0x54,0x0,0x0,0x0,
0x54,0x0,0x0,0x0,0x54,0x0,0x0,0x0,
0x0,0x0,0x0,0x0,0x54,0x0,0x0,0x0,
0x54,0x0,0x0,0x0,0x0,0x0,0x1,0x0,
0x54,0x0,0x0,0x0,0x0,0x0,0x0,0x0,
0x6c,0x0,0x0,0x0,0xd4,0x1,0x10,0x2,
0x0,0x0,0x0,0x0,0x6c,0x0,0x0,0x0,
0x0,0x0,0x0,0x0,0x6c,0x0,0x0,0x0,
0x0,0x0,0x0,0x0,0x74,0x0,0x0,0x0,
0x0,0x0,0x1,0x0,0x1,0x0,0x0,0x0,
0x0,0x0,0x0,0x0,0xd4,0x1,0x80,0x2,
0xd4,0x1,0x30,0x3,0x0,0x0,0x0,0x0,
0xd4,0x0,0x0,0x0,0x0,0x0,0x0,0x0,
0x0,0x0,0xff,0xff,0xff,0xff,0xff,0xff,
0x0,0x0,0x0,0x0,0x54,0x0,0x0,0x0,
0x54,0x0,0x0,0x0,0x54,0x0,0x0,0x0,
0x0,0x0,0x0,0x0,0x54,0x0,0x0,0x0,
0x54,0x0,0x0,0x0,0x0,0x0,0x4,0x0,
0x54,0x0,0x0,0x0,0x0,0x0,0x0,0x0,
0xb4,0x0,0x0,0x0,0xd5,0x1,0x10,0x2,
0x0,0x0,0x0,0x0,0xb4,0x0,0x0,0x0,
0x0,0x0,0x0,0x0,0xb4,0x0,0x0,0x0,
0x0,0x0,0x0,0x0,0xd9,0x0,0x0,0x0,
0x0,0x0,0x8,0x0,0x7a,0x0,0x0,0x0,
0x0,0x0,0x0,0x0,0xda,0x1,0x50,0x2,
0xda,0x1,0xf0,0x2,0xd5,0x0,0x0,0x0,
0x0,0x0,0x7,0x0,0x5d,0x0,0x0,0x0,
0x0,0x0,0x0,0x0,0xd9,0x1,0x50,0x2,
0xd9,0x1,0xc0,0x2,0x9c,0x0,0x0,0x0,
0x0,0x0,0x1,0x0,0x1,0x0,0x0,0x0,
0x0,0x0,0x0,0x0,0xd8,0x1,0x50,0x2,
0xd8,0x1,0xb0,0x2,0x7d,0x0,0x0,0x0,
0x0,0x0,0x9,0x0,0x79,0x0,0x0,0x0,
0x0,0x0,0x0,0x0,0xd6,0x1,0x50,0x2,
0xd6,0x1,0xc0,0x2,0x0,0x0,0x0,0x0,
0x0,0x0,0x0,0x0,0x0,0x0,0x0,0x0,
0x0,0x0,0xff,0xff,0xff,0xff,0xff,0xff,
0x0,0x0,0x0,0x0,0x54,0x0,0x0,0x0,
0x54,0x0,0x0,0x0,0x54,0x0,0x0,0x0,
0x0,0x0,0x0,0x0,0x54,0x0,0x0,0x0,
0x54,0x0,0x0,0x0,0x0,0x0,0x2,0x0,
0x54,0x0,0x0,0x0,0x0,0x0,0x0,0x0,
0x84,0x0,0x0,0x0,0xd6,0x1,0x50,0x2,
0x0,0x0,0x0,0x0,0x84,0x0,0x0,0x0,
0x0,0x0,0x0,0x0,0x84,0x0,0x0,0x0,
0x0,0x0,0x0,0x0,0xbb,0x0,0x0,0x0,
0x0,0x0,0x2,0x0,0xd,0x0,0x0,0x0,
0x0,0x0,0x0,0x0,0xd7,0x1,0xc0,0x2,
0xd7,0x1,0xd0,0x3,0x74,0x0,0x0,0x0,
0x0,0x0,0x1,0x0,0x1,0x0,0x0,0x0,
0x0,0x0,0x0,0x0,0xd6,0x1,0xc0,0x2,
0xd6,0x1,0x70,0x3,0x0,0x0,0x0,0x0,
0xd7,0x0,0x0,0x0,0x0,0x0,0x0,0x0,
0x0,0x0,0xff,0xff,0xff,0xff,0xff,0xff,
0x0,0x0,0x1,0x0,0x54,0x0,0x0,0x0,
0x54,0x0,0x0,0x0,0x60,0x0,0x0,0x0,
0x0,0x0,0x0,0x0,0x60,0x0,0x0,0x0,
0x60,0x0,0x0,0x0,0x0,0x0,0x3,0x0,
0x60,0x0,0x0,0x0,0x0,0x0,0x0,0x0,
0xa8,0x0,0x0,0x0,0xda,0x1,0xf0,0x2,
0x0,0x0,0x0,0x0,0xa8,0x0,0x0,0x0,
0x0,0x0,0x0,0x0,0xa8,0x0,0x0,0x0,
0x0,0x0,0x0,0x0,0xd8,0x0,0x0,0x0,
0x1,0x0,0x0,0x30,0xdb,0x1,0x90,0x2,
0xa2,0x0,0x0,0x0,0x0,0x0,0x7,0x0,
0x60,0x0,0x0,0x0,0x0,0x0,0x0,0x0,
0xde,0x1,0x90,0x2,0xde,0x1,0x40,0x3,
0x18,0x0,0x0,0x0,0x0,0x0,0x7,0x0,
0x5f,0x0,0x0,0x0,0x0,0x0,0x0,0x0,
0xdd,0x1,0x90,0x2,0xdd,0x1,0xf0,0x2,
0x6,0x0,0x0,0x0,0x0,0x0,0x7,0x0,
0x5e,0x0,0x0,0x0,0x0,0x0,0x0,0x0,
0xdc,0x1,0x90,0x2,0xdc,0x1,0x0,0x3,
0x9b,0x0,0x0,0x0,0x0,0x0,0x0,0x0,
0x0,0x0,0xff,0xff,0xff,0xff,0xff,0xff,
0x0,0x0,0x0,0x0,0x54,0x0,0x0,0x0,
0x54,0x0,0x0,0x0,0x54,0x0,0x0,0x0,
0x0,0x0,0x0,0x0,0x54,0x0,0x0,0x0,
0x54,0x0,0x0,0x0,0x0,0x0,0x2,0x0,
0x54,0x0,0x0,0x0,0x0,0x0,0x0,0x0,
0x84,0x0,0x0,0x0,0xec,0x1,0x50,0x1,
0x0,0x0,0x0,0x0,0x84,0x0,0x0,0x0,
0x0,0x0,0x0,0x0,0x84,0x0,0x0,0x0,
0x0,0x0,0x0,0x0,0x9c,0x0,0x0,0x0,
0x0,0x0,0x1,0x0,0x1,0x0,0x0,0x0,
0x0,0x0,0x0,0x0,0xed,0x1,0x90,0x1,
0xed,0x1,0xf0,0x1,0x0,0x0,0x0,0x0,
0x0,0x0,0x8,0x0,0x7c,0x0,0x0,0x0,
0x0,0x0,0x0,0x0,0xee,0x1,0x90,0x1,
0xee,0x1,0x90,0x1,0x0,0x0,0x0,0x0,
0x78,0x0,0x0,0x0,0x0,0x0,0x0,0x0,
0x0,0x0,0xff,0xff,0xff,0xff,0xff,0xff,
0x0,0x0,0x0,0x0,0x54,0x0,0x0,0x0,
0x54,0x0,0x0,0x0,0x54,0x0,0x0,0x0,
0x0,0x0,0x0,0x0,0x54,0x0,0x0,0x0,
0x54,0x0,0x0,0x0,0x0,0x0,0x4,0x0,
0x54,0x0,0x0,0x0,0x0,0x0,0x0,0x0,
0xb4,0x0,0x0,0x0,0xee,0x1,0x90,0x1,
0x0,0x0,0x0,0x0,0xb4,0x0,0x0,0x0,
0x0,0x0,0x0,0x0,0xb4,0x0,0x0,0x0,
0x0,0x0,0x0,0x0,0x7a,0x0,0x0,0x0,
0x0,0x0,0x2,0x0,0x4,0x0,0x0,0x0,
0x0,0x0,0x0,0x0,0xf0,0x1,0xd0,0x1,
0xf0,0x1,0x60,0x2,0x6,0x0,0x0,0x0,
0x0,0x0,0x7,0x0,0x61,0x0,0x0,0x0,
0x0,0x0,0x0,0x0,0xef,0x1,0xd0,0x1,
0xef,0x1,0x40,0x2,0x0,0x0,0x0,0x0,
0x0,0x0,0x8,0x0,0x7d,0x0,0x0,0x0,
0x0,0x0,0x0,0x0,0xf2,0x1,0xd0,0x1,
0xf2,0x1,0xd0,0x1,0x0,0x0,0x0,0x0,
0x0,0x0,0x8,0x0,0x97,0x0,0x0,0x0,
0x0,0x0,0x0,0x0,0x2f,0x2,0xd0,0x1,
0x2f,0x2,0xd0,0x1,0x0,0x0,0x0,0x0,
0x7b,0x0,0x0,0x0,0x0,0x0,0x0,0x0,
0x0,0x0,0xff,0xff,0xff,0xff,0xff,0xff,
0x0,0x0,0x0,0x0,0x54,0x0,0x0,0x0,
0x54,0x0,0x0,0x0,0x54,0x0,0x0,0x0,
0x0,0x0,0x0,0x0,0x54,0x0,0x0,0x0,
0x54,0x0,0x0,0x0,0x0,0x0,0x3,0x0,
0x54,0x0,0x0,0x0,0x0,0x0,0x0,0x0,
0x9c,0x0,0x0,0x0,0xf2,0x1,0xd0,0x1,
0x0,0x0,0x0,0x0,0x9c,0x0,0x0,0x0,
0x0,0x0,0x0,0x0,0x9c,0x0,0x0,0x0,
0x0,0x0,0x0,0x0,0x9,0x0,0x0,0x0,
0x0,0x0,0x5,0x0,0x30,0x0,0x0,0x0,
0x0,0x0,0x0,0x0,0xf3,0x1,0x10,0x2,
0xf3,0x1,0x80,0x2,0x0,0x0,0x0,0x0,
0x0,0x0,0x8,0x0,0x7f,0x0,0x0,0x0,
0x0,0x0,0x0,0x0,0xf5,0x1,0x10,0x2,
0xf5,0x1,0x10,0x2,0x7d,0x0,0x0,0x0,
0x0,0x0,0x9,0x0,0x7e,0x0,0x0,0x0,
0x0,0x0,0x0,0x0,0xf4,0x1,0x10,0x2,
0xf4,0x1,0x80,0x2,0x0,0x0,0x0,0x0,
0x0,0x0,0x0,0x0,0x0,0x0,0x0,0x0,
0x0,0x0,0xff,0xff,0xff,0xff,0xff,0xff,
0x0,0x0,0x0,0x0,0x54,0x0,0x0,0x0,
0x54,0x0,0x0,0x0,0x54,0x0,0x0,0x0,
0x0,0x0,0x0,0x0,0x54,0x0,0x0,0x0,
0x54,0x0,0x0,0x0,0x0,0x0,0x1,0x0,
0x54,0x0,0x0,0x0,0x0,0x0,0x0,0x0,
0x6c,0x0,0x0,0x0,0xf4,0x1,0x10,0x2,
0x0,0x0,0x0,0x0,0x6c,0x0,0x0,0x0,
0x0,0x0,0x0,0x0,0x6c,0x0,0x0,0x0,
0x0,0x0,0x0,0x0,0x74,0x0,0x0,0x0,
0x0,0x0,0x1,0x0,0x1,0x0,0x0,0x0,
0x0,0x0,0x0,0x0,0xf4,0x1,0x80,0x2,
0xf4,0x1,0x30,0x3,0x0,0x0,0x0,0x0,
0x78,0x0,0x0,0x0,0x0,0x0,0x0,0x0,
0x0,0x0,0xff,0xff,0xff,0xff,0xff,0xff,
0x0,0x0,0x0,0x0,0x54,0x0,0x0,0x0,
0x54,0x0,0x0,0x0,0x54,0x0,0x0,0x0,
0x0,0x0,0x0,0x0,0x54,0x0,0x0,0x0,
0x54,0x0,0x0,0x0,0x0,0x0,0x5,0x0,
0x54,0x0,0x0,0x0,0x0,0x0,0x0,0x0,
0xcc,0x0,0x0,0x0,0xf5,0x1,0x10,0x2,
0x0,0x0,0x0,0x0,0xcc,0x0,0x0,0x0,
0x0,0x0,0x0,0x0,0xcc,0x0,0x0,0x0,
0x0,0x0,0x0,0x0,0x7a,0x0,0x0,0x0,
0x0,0x0,0x2,0x0,0x5,0x0,0x0,0x0,
0x0,0x0,0x0,0x0,0xf8,0x1,0x50,0x2,
0xf8,0x1,0xe0,0x2,0x0,0x0,0x0,0x0,
0x0,0x0,0x8,0x0,0x81,0x0,0x0,0x0,
0x0,0x0,0x0,0x0,0xfa,0x1,0x50,0x2,
0xfa,0x1,0x50,0x2,0x0,0x0,0x0,0x0,
0x0,0x0,0x8,0x0,0x8f,0x0,0x0,0x0,
0x0,0x0,0x0,0x0,0xb,0x2,0x50,0x2,
0xb,0x2,0x50,0x2,0x0,0x0,0x0,0x0,
0x0,0x0,0x8,0x0,0x96,0x0,0x0,0x0,
0x0,0x0,0x0,0x0,0x2b,0x2,0x50,0x2,
0x2b,0x2,0x50,0x2,0x6e,0x0,0x0,0x0,
0x0,0x0,0xa,0x0,0x80,0x0,0x0,0x0,
0x0,0x0,0x0,0x0,0xf6,0x1,0x50,0x2,
0xf6,0x1,0xd0,0x2,0x0,0x0,0x0,0x0,
0x0,0x0,0x0,0x0,0x0,0x0,0x0,0x0,
0x0,0x0,0xff,0xff,0xff,0xff,0xff,0xff,
0x0,0x0,0x0,0x0,0x54,0x0,0x0,0x0,
0x54,0x0,0x0,0x0,0x54,0x0,0x0,0x0,
0x0,0x0,0x0,0x0,0x54,0x0,0x0,0x0,
0x54,0x0,0x0,0x0,0x0,0x0,0x2,0x0,
0x54,0x0,0x0,0x0,0x0,0x0,0x0,0x0,
0x84,0x0,0x0,0x0,0xf6,0x1,0x50,0x2,
0x0,0x0,0x0,0x0,0x84,0x0,0x0,0x0,
0x0,0x0,0x0,0x0,0x84,0x0,0x0,0x0,
0x0,0x0,0x0,0x0,0x79,0x0,0x0,0x0,
0x0,0x0,0x2,0x0,0x5,0x0,0x0,0x0,
0x0,0x0,0x0,0x0,0xf7,0x1,0xd0,0x2,
0xf7,0x1,0x60,0x3,0x6f,0x0,0x0,0x0,
0x0,0x0,0x7,0x0,0x62,0x0,0x0,0x0,
0x0,0x0,0x0,0x0,0xf6,0x1,0xd0,0x2,
0xf6,0x1,0x30,0x3,0x0,0x0,0x0,0x0,
0x7e,0x0,0x0,0x0,0x0,0x0,0x0,0x0,
0x0,0x0,0xff,0xff,0xff,0xff,0xff,0xff,
0x0,0x0,0x0,0x0,0x54,0x0,0x0,0x0,
0x54,0x0,0x0,0x0,0x54,0x0,0x0,0x0,
0x0,0x0,0x0,0x0,0x54,0x0,0x0,0x0,
0x54,0x0,0x0,0x0,0x0,0x0,0xa,0x0,
0x54,0x0,0x0,0x0,0x0,0x0,0x0,0x0,
0x44,0x1,0x0,0x0,0xfa,0x1,0x50,0x2,
0x0,0x0,0x0,0x0,0x44,0x1,0x0,0x0,
0x0,0x0,0x0,0x0,0x44,0x1,0x0,0x0,
0x0,0x0,0x0,0x0,0x7f,0x0,0x0,0x0,
0x0,0x0,0x2,0x0,0x5,0x0,0x0,0x0,
0x0,0x0,0x0,0x0,0xfc,0x1,0x90,0x2,
0xfc,0x1,0x20,0x3,0x0,0x0,0x0,0x0,
0x0,0x0,0x8,0x0,0x83,0x0,0x0,0x0,
0x0,0x0,0x0,0x0,0xfd,0x1,0x90,0x2,
0xfd,0x1,0x90,0x2,0x0,0x0,0x0,0x0,
0x0,0x0,0x8,0x0,0x84,0x0,0x0,0x0,
0x0,0x0,0x0,0x0,0xfe,0x1,0x90,0x2,
0xfe,0x1,0x90,0x2,0x0,0x0,0x0,0x0,
0x0,0x0,0x8,0x0,0x86,0x0,0x0,0x0,
0x0,0x0,0x0,0x0,0xff,0x1,0x90,0x2,
0xff,0x1,0x90,0x2,0x0,0x0,0x0,0x0,
0x0,0x0,0x8,0x0,0x87,0x0,0x0,0x0,
0x0,0x0,0x0,0x0,0x0,0x2,0x90,0x2,
0x0,0x2,0x90,0x2,0x0,0x0,0x0,0x0,
0x0,0x0,0x8,0x0,0x89,0x0,0x0,0x0,
0x0,0x0,0x0,0x0,0x1,0x2,0x90,0x2,
0x1,0x2,0x90,0x2,0x0,0x0,0x0,0x0,
0x0,0x0,0x8,0x0,0x8a,0x0,0x0,0x0,
0x0,0x0,0x0,0x0,0x2,0x2,0x90,0x2,
0x2,0x2,0x90,0x2,0x0,0x0,0x0,0x0,
0x0,0x0,0x8,0x0,0x8c,0x0,0x0,0x0,
0x0,0x0,0x0,0x0,0x3,0x2,0x90,0x2,
0x3,0x2,0x90,0x2,0x0,0x0,0x0,0x0,
0x0,0x0,0x8,0x0,0x8d,0x0,0x0,0x0,
0x0,0x0,0x0,0x0,0x4,0x2,0x90,0x2,
0x4,0x2,0x90,0x2,0x7d,0x0,0x0,0x0,
0x0,0x0,0x9,0x0,0x82,0x0,0x0,0x0,
0x0,0x0,0x0,0x0,0xfb,0x1,0x90,0x2,
0xfb,0x1,0x0,0x3,0x0,0x0,0x0,0x0,
0x0,0x0,0x0,0x0,0x0,0x0,0x0,0x0,
0x0,0x0,0xff,0xff,0xff,0xff,0xff,0xff,
0x0,0x0,0x0,0x0,0x54,0x0,0x0,0x0,
0x54,0x0,0x0,0x0,0x54,0x0,0x0,0x0,
0x0,0x0,0x0,0x0,0x54,0x0,0x0,0x0,
0x54,0x0,0x0,0x0,0x0,0x0,0x1,0x0,
0x54,0x0,0x0,0x0,0x0,0x0,0x0,0x0,
0x6c,0x0,0x0,0x0,0xfb,0x1,0x90,0x2,
0x0,0x0,0x0,0x0,0x6c,0x0,0x0,0x0,
0x0,0x0,0x0,0x0,0x6c,0x0,0x0,0x0,
0x0,0x0,0x0,0x0,0x74,0x0,0x0,0x0,
0x0,0x0,0x1,0x0,0x1,0x0,0x0,0x0,
0x0,0x0,0x0,0x0,0xfb,0x1,0x0,0x3,
0xfb,0x1,0xb0,0x3,0x0,0x0,0x0,0x0,
0x82,0x0,0x0,0x0,0x0,0x0,0x0,0x0,
0x0,0x0,0xff,0xff,0xff,0xff,0xff,0xff,
0x0,0x0,0x0,0x0,0x54,0x0,0x0,0x0,
0x54,0x0,0x0,0x0,0x54,0x0,0x0,0x0,
0x0,0x0,0x0,0x0,0x54,0x0,0x0,0x0,
0x54,0x0,0x0,0x0,0x0,0x0,0x1,0x0,
0x54,0x0,0x0,0x0,0x0,0x0,0x0,0x0,
0x6c,0x0,0x0,0x0,0xfd,0x1,0x90,0x2,
0x0,0x0,0x0,0x0,0x6c,0x0,0x0,0x0,
0x0,0x0,0x0,0x0,0x6c,0x0,0x0,0x0,
0x0,0x0,0x0,0x0,0x18,0x0,0x0,0x0,
0x0,0x0,0x5,0x0,0x31,0x0,0x0,0x0,
0x0,0x0,0x0,0x0,0xfd,0x1,0x10,0x3,
0xfd,0x1,0x70,0x3,0x0,0x0,0x0,0x0,
0xae,0x0,0x0,0x0,0x57,0x0,0x0,0x0,
0x0,0x0,0xff,0xff,0xff,0xff,0xff,0xff,
0x0,0x0,0x0,0x0,0x54,0x0,0x0,0x0,
0x54,0x0,0x0,0x0,0x54,0x0,0x0,0x0,
0x0,0x0,0x0,0x0,0x54,0x0,0x0,0x0,
0x54,0x0,0x0,0x0,0x0,0x0,0x2,0x0,
0x54,0x0,0x0,0x0,0x0,0x0,0x0,0x0,
0x84,0x0,0x0,0x0,0xfe,0x1,0x90,0x2,
0xfe,0x1,0x50,0x3,0x84,0x0,0x0,0x0,
0x0,0x0,0x0,0x0,0x84,0x0,0x0,0x0,
0x0,0x0,0x0,0x0,0x18,0x0,0x0,0x0,
0x0,0x0,0x3,0x0,0x0,0x0,0x0,0x0,
0xb6,0x0,0x0,0x0,0xfe,0x1,0x30,0x4,
0xfe,0x1,0x90,0x4,0x7d,0x0,0x0,0x0,
0x0,0x0,0x9,0x0,0x85,0x0,0x0,0x0,
0x0,0x0,0x0,0x0,0xfe,0x1,0x30,0x5,
0xfe,0x1,0xa0,0x5,0x0,0x0,0x0,0x0,
0x0,0x0,0x0,0x0,0x0,0x0,0x0,0x0,
0x0,0x0,0xff,0xff,0xff,0xff,0xff,0xff,
0x0,0x0,0x0,0x0,0x54,0x0,0x0,0x0,
0x54,0x0,0x0,0x0,0x54,0x0,0x0,0x0,
0x0,0x0,0x0,0x0,0x54,0x0,0x0,0x0,
0x54,0x0,0x0,0x0,0x0,0x0,0x1,0x0,
0x54,0x0,0x0,0x0,0x0,0x0,0x0,0x0,
0x6c,0x0,0x0,0x0,0xfe,0x1,0x30,0x5,
0x0,0x0,0x0,0x0,0x6c,0x0,0x0,0x0,
0x0,0x0,0x0,0x0,0x6c,0x0,0x0,0x0,
0x0,0x0,0x0,0x0,0x75,0x0,0x0,0x0,
0x0,0x0,0x2,0x0,0xc,0x0,0x0,0x0,
0x0,0x0,0x0,0x0,0xfe,0x1,0xa0,0x5,
0xfe,0x1,0xa0,0x6,0x0,0x0,0x0,0x0,
0x82,0x0,0x0,0x0,0x0,0x0,0x0,0x0,
0x0,0x0,0xff,0xff,0xff,0xff,0xff,0xff,
0x0,0x0,0x0,0x0,0x54,0x0,0x0,0x0,
0x54,0x0,0x0,0x0,0x54,0x0,0x0,0x0,
0x0,0x0,0x0,0x0,0x54,0x0,0x0,0x0,
0x54,0x0,0x0,0x0,0x0,0x0,0x1,0x0,
0x54,0x0,0x0,0x0,0x0,0x0,0x0,0x0,
0x6c,0x0,0x0,0x0,0xff,0x1,0x90,0x2,
0x0,0x0,0x0,0x0,0x6c,0x0,0x0,0x0,
0x0,0x0,0x0,0x0,0x6c,0x0,0x0,0x0,
0x0,0x0,0x0,0x0,0x18,0x0,0x0,0x0,
0x0,0x0,0x5,0x0,0x32,0x0,0x0,0x0,
0x0,0x0,0x0,0x0,0xff,0x1,0x10,0x3,
0xff,0x1,0x70,0x3,0x0,0x0,0x0,0x0,
0xae,0x0,0x0,0x0,0xdc,0x0,0x0,0x0,
0x0,0x0,0xff,0xff,0xff,0xff,0xff,0xff,
0x0,0x0,0x0,0x0,0x54,0x0,0x0,0x0,
0x54,0x0,0x0,0x0,0x54,0x0,0x0,0x0,
0x0,0x0,0x0,0x0,0x54,0x0,0x0,0x0,
0x54,0x0,0x0,0x0,0x0,0x0,0x2,0x0,
0x54,0x0,0x0,0x0,0x0,0x0,0x0,0x0,
0x84,0x0,0x0,0x0,0x0,0x2,0x90,0x2,
0x0,0x2,0x50,0x3,0x84,0x0,0x0,0x0,
0x0,0x0,0x0,0x0,0x84,0x0,0x0,0x0,
0x0,0x0,0x0,0x0,0xbf,0x0,0x0,0x0,
0x0,0x0,0x5,0x0,0x33,0x0,0x0,0x0,
0x0,0x0,0x0,0x0,0x0,0x2,0x50,0x4,
0x0,0x2,0x60,0x5,0x7d,0x0,0x0,0x0,
0x0,0x0,0x9,0x0,0x88,0x0,0x0,0x0,
0x0,0x0,0x0,0x0,0x0,0x2,0x50,0x6,
0x0,0x2,0xc0,0x6,0x0,0x0,0x0,0x0,
0x0,0x0,0x0,0x0,0x0,0x0,0x0,0x0,
0x0,0x0,0xff,0xff,0xff,0xff,0xff,0xff,
0x0,0x0,0x0,0x0,0x54,0x0,0x0,0x0,
0x54,0x0,0x0,0x0,0x54,0x0,0x0,0x0,
0x0,0x0,0x0,0x0,0x54,0x0,0x0,0x0,
0x54,0x0,0x0,0x0,0x0,0x0,0x1,0x0,
0x54,0x0,0x0,0x0,0x0,0x0,0x0,0x0,
0x6c,0x0,0x0,0x0,0x0,0x2,0x50,0x6,
0x0,0x0,0x0,0x0,0x6c,0x0,0x0,0x0,
0x0,0x0,0x0,0x0,0x6c,0x0,0x0,0x0,
0x0,0x0,0x0,0x0,0x75,0x0,0x0,0x0,
0x0,0x0,0x2,0x0,0xe,0x0,0x0,0x0,
0x0,0x0,0x0,0x0,0x0,0x2,0xc0,0x6,
0x0,0x2,0xc0,0x7,0x0,0x0,0x0,0x0,
0x82,0x0,0x0,0x0,0x0,0x0,0x0,0x0,
0x0,0x0,0xff,0xff,0xff,0xff,0xff,0xff,
0x0,0x0,0x0,0x0,0x54,0x0,0x0,0x0,
0x54,0x0,0x0,0x0,0x54,0x0,0x0,0x0,
0x0,0x0,0x0,0x0,0x54,0x0,0x0,0x0,
0x54,0x0,0x0,0x0,0x0,0x0,0x1,0x0,
0x54,0x0,0x0,0x0,0x0,0x0,0x0,0x0,
0x6c,0x0,0x0,0x0,0x1,0x2,0x90,0x2,
0x0,0x0,0x0,0x0,0x6c,0x0,0x0,0x0,
0x0,0x0,0x0,0x0,0x6c,0x0,0x0,0x0,
0x0,0x0,0x0,0x0,0x18,0x0,0x0,0x0,
0x0,0x0,0x5,0x0,0x34,0x0,0x0,0x0,
0x0,0x0,0x0,0x0,0x1,0x2,0x10,0x3,
0x1,0x2,0x70,0x3,0x0,0x0,0x0,0x0,
0xae,0x0,0x0,0x0,0xdf,0x0,0x0,0x0,
0x0,0x0,0xff,0xff,0xff,0xff,0xff,0xff,
0x0,0x0,0x0,0x0,0x54,0x0,0x0,0x0,
0x54,0x0,0x0,0x0,0x54,0x0,0x0,0x0,
0x0,0x0,0x0,0x0,0x54,0x0,0x0,0x0,
0x54,0x0,0x0,0x0,0x0,0x0,0x2,0x0,
0x54,0x0,0x0,0x0,0x0,0x0,0x0,0x0,
0x84,0x0,0x0,0x0,0x2,0x2,0x90,0x2,
0x2,0x2,0x50,0x3,0x84,0x0,0x0,0x0,
0x0,0x0,0x0,0x0,0x84,0x0,0x0,0x0,
0x0,0x0,0x0,0x0,0xbf,0x0,0x0,0x0,
0x0,0x0,0x5,0x0,0x35,0x0,0x0,0x0,
0x0,0x0,0x0,0x0,0x2,0x2,0x30,0x4,
0x2,0x2,0x40,0x5,0x7d,0x0,0x0,0x0,
0x0,0x0,0x9,0x0,0x8b,0x0,0x0,0x0,
0x0,0x0,0x0,0x0,0x2,0x2,0x70,0x6,
0x2,0x2,0xe0,0x6,0x0,0x0,0x0,0x0,
0x0,0x0,0x0,0x0,0x0,0x0,0x0,0x0,
0x0,0x0,0xff,0xff,0xff,0xff,0xff,0xff,
0x0,0x0,0x0,0x0,0x54,0x0,0x0,0x0,
0x54,0x0,0x0,0x0,0x54,0x0,0x0,0x0,
0x0,0x0,0x0,0x0,0x54,0x0,0x0,0x0,
0x54,0x0,0x0,0x0,0x0,0x0,0x1,0x0,
0x54,0x0,0x0,0x0,0x0,0x0,0x0,0x0,
0x6c,0x0,0x0,0x0,0x2,0x2,0x70,0x6,
0x0,0x0,0x0,0x0,0x6c,0x0,0x0,0x0,
0x0,0x0,0x0,0x0,0x6c,0x0,0x0,0x0,
0x0,0x0,0x0,0x0,0x75,0x0,0x0,0x0,
0x0,0x0,0x2,0x0,0xe,0x0,0x0,0x0,
0x0,0x0,0x0,0x0,0x2,0x2,0xe0,0x6,
0x2,0x2,0xe0,0x7,0x0,0x0,0x0,0x0,
0x82,0x0,0x0,0x0,0x0,0x0,0x0,0x0,
0x0,0x0,0xff,0xff,0xff,0xff,0xff,0xff,
0x0,0x0,0x0,0x0,0x54,0x0,0x0,0x0,
0x54,0x0,0x0,0x0,0x54,0x0,0x0,0x0,
0x0,0x0,0x0,0x0,0x54,0x0,0x0,0x0,
0x54,0x0,0x0,0x0,0x0,0x0,0x1,0x0,
0x54,0x0,0x0,0x0,0x0,0x0,0x0,0x0,
0x6c,0x0,0x0,0x0,0x3,0x2,0x90,0x2,
0x0,0x0,0x0,0x0,0x6c,0x0,0x0,0x0,
0x0,0x0,0x0,0x0,0x6c,0x0,0x0,0x0,
0x0,0x0,0x0,0x0,0x18,0x0,0x0,0x0,
0x0,0x0,0x5,0x0,0x36,0x0,0x0,0x0,
0x0,0x0,0x0,0x0,0x3,0x2,0x10,0x3,
0x3,0x2,0x70,0x3,0x0,0x0,0x0,0x0,
0xe2,0x0,0x0,0x0,0xe3,0x0,0x0,0x0,
0x0,0x0,0xff,0xff,0xff,0xff,0xff,0xff,
0x0,0x0,0x0,0x0,0x54,0x0,0x0,0x0,
0x54,0x0,0x0,0x0,0x54,0x0,0x0,0x0,
0x0,0x0,0x0,0x0,0x54,0x0,0x0,0x0,
0x54,0x0,0x0,0x0,0x0,0x0,0x2,0x0,
0x54,0x0,0x0,0x0,0x0,0x0,0x0,0x0,
0x84,0x0,0x0,0x0,0x4,0x2,0x90,0x2,
0x5,0x2,0xd0,0x2,0x84,0x0,0x0,0x0,
0x0,0x0,0x0,0x0,0x84,0x0,0x0,0x0,
0x0,0x0,0x0,0x0,0xd5,0x0,0x0,0x0,
0x0,0x0,0x7,0x0,0x63,0x0,0x0,0x0,
0x0,0x0,0x0,0x0,0x6,0x2,0xd0,0x2,
0x6,0x2,0x40,0x3,0x7d,0x0,0x0,0x0,
0x0,0x0,0x9,0x0,0x8e,0x0,0x0,0x0,
0x0,0x0,0x0,0x0,0x7,0x2,0xd0,0x2,
0x7,0x2,0x40,0x3,0x0,0x0,0x0,0x0,
0x0,0x0,0x0,0x0,0x0,0x0,0x0,0x0,
0x0,0x0,0xff,0xff,0xff,0xff,0xff,0xff,
0x0,0x0,0x0,0x0,0x54,0x0,0x0,0x0,
0x54,0x0,0x0,0x0,0x54,0x0,0x0,0x0,
0x0,0x0,0x0,0x0,0x54,0x0,0x0,0x0,
0x54,0x0,0x0,0x0,0x0,0x0,0x1,0x0,
0x54,0x0,0x0,0x0,0x0,0x0,0x0,0x0,
0x6c,0x0,0x0,0x0,0x7,0x2,0xd0,0x2,
0x0,0x0,0x0,0x0,0x6c,0x0,0x0,0x0,
0x0,0x0,0x0,0x0,0x6c,0x0,0x0,0x0,
0x0,0x0,0x0,0x0,0x75,0x0,0x0,0x0,
0x0,0x0,0x2,0x0,0xa,0x0,0x0,0x0,
0x0,0x0,0x0,0x0,0x7,0x2,0x40,0x3,
0x7,0x2,0x40,0x4,0x0,0x0,0x0,0x0,
0x9f,0x0,0x0,0x0,0x0,0x0,0x0,0x0,
0x0,0x0,0xff,0xff,0xff,0xff,0xff,0xff,
0x0,0x0,0x0,0x0,0x54,0x0,0x0,0x0,
0x54,0x0,0x0,0x0,0x54,0x0,0x0,0x0,
0x0,0x0,0x0,0x0,0x54,0x0,0x0,0x0,
0x54,0x0,0x0,0x0,0x0,0x0,0x6,0x0,
0x54,0x0,0x0,0x0,0x0,0x0,0x0,0x0,
0xe4,0x0,0x0,0x0,0xb,0x2,0x50,0x2,
0x0,0x0,0x0,0x0,0xe4,0x0,0x0,0x0,
0x0,0x0,0x0,0x0,0xe4,0x0,0x0,0x0,
0x0,0x0,0x0,0x0,0x7a,0x0,0x0,0x0,
0x0,0x0,0x2,0x0,0x5,0x0,0x0,0x0,
0x0,0x0,0x0,0x0,0xc,0x2,0x90,0x2,
0xc,0x2,0x20,0x3,0x0,0x0,0x0,0x0,
0x0,0x0,0x8,0x0,0x90,0x0,0x0,0x0,
0x0,0x0,0x0,0x0,0xd,0x2,0x90,0x2,
0xd,0x2,0x90,0x2,0x0,0x0,0x0,0x0,
0x0,0x0,0x8,0x0,0x91,0x0,0x0,0x0,
0x0,0x0,0x0,0x0,0x15,0x2,0x90,0x2,
0x15,0x2,0x90,0x2,0x0,0x0,0x0,0x0,
0x0,0x0,0x8,0x0,0x92,0x0,0x0,0x0,
0x0,0x0,0x0,0x0,0x1d,0x2,0x90,0x2,
0x1d,0x2,0x90,0x2,0x0,0x0,0x0,0x0,
0x0,0x0,0x8,0x0,0x93,0x0,0x0,0x0,
0x0,0x0,0x0,0x0,0x24,0x2,0x90,0x2,
0x24,0x2,0x90,0x2,0x0,0x0,0x0,0x0,
0x0,0x0,0x8,0x0,0x94,0x0,0x0,0x0,
0x0,0x0,0x0,0x0,0x28,0x2,0x90,0x2,
0x28,0x2,0x90,0x2,0x0,0x0,0x0,0x0,
0xa0,0x0,0x0,0x0,0x0,0x0,0x0,0x0,
0x0,0x0,0xff,0xff,0xff,0xff,0xff,0xff,
0x0,0x0,0x0,0x0,0x54,0x0,0x0,0x0,
0x54,0x0,0x0,0x0,0x54,0x0,0x0,0x0,
0x0,0x0,0x0,0x0,0x54,0x0,0x0,0x0,
0x54,0x0,0x0,0x0,0x0,0x0,0x2,0x0,
0x54,0x0,0x0,0x0,0x0,0x0,0x0,0x0,
0x84,0x0,0x0,0x0,0xd,0x2,0x90,0x2,
0x0,0x0,0x0,0x0,0x84,0x0,0x0,0x0,
0x0,0x0,0x0,0x0,0x84,0x0,0x0,0x0,
0x0,0x0,0x0,0x0,0xa2,0x0,0x0,0x0,
0x0,0x0,0x7,0x0,0x64,0x0,0x0,0x0,
0x0,0x0,0x0,0x0,0xf,0x2,0xd0,0x2,
0xf,0x2,0x80,0x3,0x18,0x0,0x0,0x0,
0x0,0x0,0x5,0x0,0x37,0x0,0x0,0x0,
0x0,0x0,0x0,0x0,0xe,0x2,0xd0,0x2,
0xe,0x2,0x30,0x3,0x0,0x0,0x0,0x0,
0xa0,0x0,0x0,0x0,0x0,0x0,0x0,0x0,
0x0,0x0,0xff,0xff,0xff,0xff,0xff,0xff,
0x0,0x0,0x0,0x0,0x54,0x0,0x0,0x0,
0x54,0x0,0x0,0x0,0x54,0x0,0x0,0x0,
0x0,0x0,0x0,0x0,0x54,0x0,0x0,0x0,
0x54,0x0,0x0,0x0,0x0,0x0,0x2,0x0,
0x54,0x0,0x0,0x0,0x0,0x0,0x0,0x0,
0x84,0x0,0x0,0x0,0x15,0x2,0x90,0x2,
0x0,0x0,0x0,0x0,0x84,0x0,0x0,0x0,
0x0,0x0,0x0,0x0,0x84,0x0,0x0,0x0,
0x0,0x0,0x0,0x0,0xa2,0x0,0x0,0x0,
0x0,0x0,0x7,0x0,0x65,0x0,0x0,0x0,
0x0,0x0,0x0,0x0,0x17,0x2,0xd0,0x2,
0x17,0x2,0x80,0x3,0x18,0x0,0x0,0x0,
0x0,0x0,0x5,0x0,0x38,0x0,0x0,0x0,
0x0,0x0,0x0,0x0,0x16,0x2,0xd0,0x2,
0x16,0x2,0x30,0x3,0x0,0x0,0x0,0x0,
0xa0,0x0,0x0,0x0,0x0,0x0,0x0,0x0,
0x0,0x0,0xff,0xff,0xff,0xff,0xff,0xff,
0x0,0x0,0x0,0x0,0x54,0x0,0x0,0x0,
0x54,0x0,0x0,0x0,0x54,0x0,0x0,0x0,
0x0,0x0,0x0,0x0,0x54,0x0,0x0,0x0,
0x54,0x0,0x0,0x0,0x0,0x0,0x2,0x0,
0x54,0x0,0x0,0x0,0x0,0x0,0x0,0x0,
0x84,0x0,0x0,0x0,0x1d,0x2,0x90,0x2,
0x0,0x0,0x0,0x0,0x84,0x0,0x0,0x0,
0x0,0x0,0x0,0x0,0x84,0x0,0x0,0x0,
0x0,0x0,0x0,0x0,0xa2,0x0,0x0,0x0,
0x0,0x0,0x7,0x0,0x66,0x0,0x0,0x0,
0x0,0x0,0x0,0x0,0x1f,0x2,0xd0,0x2,
0x1f,0x2,0x80,0x3,0x18,0x0,0x0,0x0,
0x0,0x0,0x5,0x0,0x39,0x0,0x0,0x0,
0x0,0x0,0x0,0x0,0x1e,0x2,0xd0,0x2,
0x1e,0x2,0x30,0x3,0x0,0x0,0x0,0x0,
0xa0,0x0,0x0,0x0,0x0,0x0,0x0,0x0,
0x0,0x0,0xff,0xff,0xff,0xff,0xff,0xff,
0x0,0x0,0x0,0x0,0x54,0x0,0x0,0x0,
0x54,0x0,0x0,0x0,0x54,0x0,0x0,0x0,
0x0,0x0,0x0,0x0,0x54,0x0,0x0,0x0,
0x54,0x0,0x0,0x0,0x0,0x0,0x2,0x0,
0x54,0x0,0x0,0x0,0x0,0x0,0x0,0x0,
0x84,0x0,0x0,0x0,0x24,0x2,0x90,0x2,
0x0,0x0,0x0,0x0,0x84,0x0,0x0,0x0,
0x0,0x0,0x0,0x0,0x84,0x0,0x0,0x0,
0x0,0x0,0x0,0x0,0xa2,0x0,0x0,0x0,
0x0,0x0,0x7,0x0,0x67,0x0,0x0,0x0,
0x0,0x0,0x0,0x0,0x26,0x2,0xd0,0x2,
0x26,0x2,0x80,0x3,0x18,0x0,0x0,0x0,
0x0,0x0,0x5,0x0,0x3a,0x0,0x0,0x0,
0x0,0x0,0x0,0x0,0x25,0x2,0xd0,0x2,
0x25,0x2,0x30,0x3,0x0,0x0,0x0,0x0,
0xa7,0x0,0x0,0x0,0x0,0x0,0x0,0x0,
0x0,0x0,0xff,0xff,0xff,0xff,0xff,0xff,
0x0,0x0,0x0,0x0,0x54,0x0,0x0,0x0,
0x54,0x0,0x0,0x0,0x54,0x0,0x0,0x0,
0x0,0x0,0x0,0x0,0x54,0x0,0x0,0x0,
0x54,0x0,0x0,0x0,0x0,0x0,0x1,0x0,
0x54,0x0,0x0,0x0,0x0,0x0,0x0,0x0,
0x6c,0x0,0x0,0x0,0x28,0x2,0x90,0x2,
0x0,0x0,0x0,0x0,0x6c,0x0,0x0,0x0,
0x0,0x0,0x0,0x0,0x6c,0x0,0x0,0x0,
0x0,0x0,0x0,0x0,0x7d,0x0,0x0,0x0,
0x0,0x0,0x9,0x0,0x95,0x0,0x0,0x0,
0x0,0x0,0x0,0x0,0x28,0x2,0x0,0x3,
0x28,0x2,0x70,0x3,0x0,0x0,0x0,0x0,
0x0,0x0,0x0,0x0,0x0,0x0,0x0,0x0,
0x0,0x0,0xff,0xff,0xff,0xff,0xff,0xff,
0x0,0x0,0x0,0x0,0x54,0x0,0x0,0x0,
0x54,0x0,0x0,0x0,0x54,0x0,0x0,0x0,
0x0,0x0,0x0,0x0,0x54,0x0,0x0,0x0,
0x54,0x0,0x0,0x0,0x0,0x0,0x1,0x0,
0x54,0x0,0x0,0x0,0x0,0x0,0x0,0x0,
0x6c,0x0,0x0,0x0,0x28,0x2,0x0,0x3,
0x0,0x0,0x0,0x0,0x6c,0x0,0x0,0x0,
0x0,0x0,0x0,0x0,0x6c,0x0,0x0,0x0,
0x0,0x0,0x0,0x0,0x74,0x0,0x0,0x0,
0x0,0x0,0x1,0x0,0x1,0x0,0x0,0x0,
0x0,0x0,0x0,0x0,0x28,0x2,0x70,0x3,
0x28,0x2,0x20,0x4,0x0,0x0,0x0,0x0,
0x82,0x0,0x0,0x0,0x0,0x0,0x0,0x0,
0x0,0x0,0xff,0xff,0xff,0xff,0xff,0xff,
0x0,0x0,0x0,0x0,0x54,0x0,0x0,0x0,
0x54,0x0,0x0,0x0,0x54,0x0,0x0,0x0,
0x0,0x0,0x0,0x0,0x54,0x0,0x0,0x0,
0x54,0x0,0x0,0x0,0x0,0x0,0x1,0x0,
0x54,0x0,0x0,0x0,0x0,0x0,0x0,0x0,
0x6c,0x0,0x0,0x0,0x2b,0x2,0x50,0x2,
0x0,0x0,0x0,0x0,0x6c,0x0,0x0,0x0,
0x0,0x0,0x0,0x0,0x6c,0x0,0x0,0x0,
0x0,0x0,0x0,0x0,0x18,0x0,0x0,0x0,
0x0,0x0,0x7,0x0,0x68,0x0,0x0,0x0,
0x0,0x0,0x0,0x0,0x2b,0x2,0xd0,0x2,
0x2b,0x2,0x30,0x3,0x0,0x0,0x0,0x0,
0x7b,0x0,0x0,0x0,0x0,0x0,0x0,0x0,
0x0,0x0,0xff,0xff,0xff,0xff,0xff,0xff,
0x0,0x0,0x0,0x0,0x54,0x0,0x0,0x0,
0x54,0x0,0x0,0x0,0x54,0x0,0x0,0x0,
0x0,0x0,0x0,0x0,0x54,0x0,0x0,0x0,
0x54,0x0,0x0,0x0,0x0,0x0,0x3,0x0,
0x54,0x0,0x0,0x0,0x0,0x0,0x0,0x0,
0x9c,0x0,0x0,0x0,0x2f,0x2,0xd0,0x1,
0x0,0x0,0x0,0x0,0x9c,0x0,0x0,0x0,
0x0,0x0,0x0,0x0,0x9c,0x0,0x0,0x0,
0x0,0x0,0x0,0x0,0x9,0x0,0x0,0x0,
0x0,0x0,0x5,0x0,0x3b,0x0,0x0,0x0,
0x0,0x0,0x0,0x0,0x30,0x2,0x10,0x2,
0x30,0x2,0x80,0x2,0x0,0x0,0x0,0x0,
0x0,0x0,0x8,0x0,0x99,0x0,0x0,0x0,
0x0,0x0,0x0,0x0,0x32,0x2,0x10,0x2,
0x32,0x2,0x10,0x2,0x7d,0x0,0x0,0x0,
0x0,0x0,0x9,0x0,0x98,0x0,0x0,0x0,
0x0,0x0,0x0,0x0,0x31,0x2,0x10,0x2,
0x31,0x2,0x80,0x2,0x0,0x0,0x0,0x0,
0x0,0x0,0x0,0x0,0x0,0x0,0x0,0x0,
0x0,0x0,0xff,0xff,0xff,0xff,0xff,0xff,
0x0,0x0,0x0,0x0,0x54,0x0,0x0,0x0,
0x54,0x0,0x0,0x0,0x54,0x0,0x0,0x0,
0x0,0x0,0x0,0x0,0x54,0x0,0x0,0x0,
0x54,0x0,0x0,0x0,0x0,0x0,0x1,0x0,
0x54,0x0,0x0,0x0,0x0,0x0,0x0,0x0,
0x6c,0x0,0x0,0x0,0x31,0x2,0x10,0x2,
0x0,0x0,0x0,0x0,0x6c,0x0,0x0,0x0,
0x0,0x0,0x0,0x0,0x6c,0x0,0x0,0x0,
0x0,0x0,0x0,0x0,0x74,0x0,0x0,0x0,
0x0,0x0,0x1,0x0,0x1,0x0,0x0,0x0,
0x0,0x0,0x0,0x0,0x31,0x2,0x80,0x2,
0x31,0x2,0x30,0x3,0x0,0x0,0x0,0x0,
0xd4,0x0,0x0,0x0,0x0,0x0,0x0,0x0,
0x0,0x0,0xff,0xff,0xff,0xff,0xff,0xff,
0x0,0x0,0x0,0x0,0x54,0x0,0x0,0x0,
0x54,0x0,0x0,0x0,0x54,0x0,0x0,0x0,
0x0,0x0,0x0,0x0,0x54,0x0,0x0,0x0,
0x54,0x0,0x0,0x0,0x0,0x0,0x4,0x0,
0x54,0x0,0x0,0x0,0x0,0x0,0x0,0x0,
0xb4,0x0,0x0,0x0,0x32,0x2,0x10,0x2,
0x0,0x0,0x0,0x0,0xb4,0x0,0x0,0x0,
0x0,0x0,0x0,0x0,0xb4,0x0,0x0,0x0,
0x0,0x0,0x0,0x0,0xd9,0x0,0x0,0x0,
0x0,0x0,0x8,0x0,0x9b,0x0,0x0,0x0,
0x0,0x0,0x0,0x0,0x37,0x2,0x50,0x2,
0x37,0x2,0xf0,0x2,0xd5,0x0,0x0,0x0,
0x0,0x0,0x7,0x0,0x69,0x0,0x0,0x0,
0x0,0x0,0x0,0x0,0x36,0x2,0x50,0x2,
0x36,0x2,0xc0,0x2,0x9c,0x0,0x0,0x0,
0x0,0x0,0x1,0x0,0x1,0x0,0x0,0x0,
0x0,0x0,0x0,0x0,0x35,0x2,0x50,0x2,
0x35,0x2,0xb0,0x2,0x7d,0x0,0x0,0x0,
0x0,0x0,0x9,0x0,0x9a,0x0,0x0,0x0,
0x0,0x0,0x0,0x0,0x33,0x2,0x50,0x2,
0x33,0x2,0xc0,0x2,0x0,0x0,0x0,0x0,
0x0,0x0,0x0,0x0,0x0,0x0,0x0,0x0,
0x0,0x0,0xff,0xff,0xff,0xff,0xff,0xff,
0x0,0x0,0x0,0x0,0x54,0x0,0x0,0x0,
0x54,0x0,0x0,0x0,0x54,0x0,0x0,0x0,
0x0,0x0,0x0,0x0,0x54,0x0,0x0,0x0,
0x54,0x0,0x0,0x0,0x0,0x0,0x2,0x0,
0x54,0x0,0x0,0x0,0x0,0x0,0x0,0x0,
0x84,0x0,0x0,0x0,0x33,0x2,0x50,0x2,
0x0,0x0,0x0,0x0,0x84,0x0,0x0,0x0,
0x0,0x0,0x0,0x0,0x84,0x0,0x0,0x0,
0x0,0x0,0x0,0x0,0xbb,0x0,0x0,0x0,
0x0,0x0,0x2,0x0,0xf,0x0,0x0,0x0,
0x0,0x0,0x0,0x0,0x34,0x2,0xc0,0x2,
0x34,0x2,0xd0,0x3,0x74,0x0,0x0,0x0,
0x0,0x0,0x1,0x0,0x1,0x0,0x0,0x0,
0x0,0x0,0x0,0x0,0x33,0x2,0xc0,0x2,
0x33,0x2,0x70,0x3,0x0,0x0,0x0,0x0,
0xd7,0x0,0x0,0x0,0x0,0x0,0x0,0x0,
0x0,0x0,0xff,0xff,0xff,0xff,0xff,0xff,
0x0,0x0,0x1,0x0,0x54,0x0,0x0,0x0,
0x54,0x0,0x0,0x0,0x60,0x0,0x0,0x0,
0x0,0x0,0x0,0x0,0x60,0x0,0x0,0x0,
0x60,0x0,0x0,0x0,0x0,0x0,0x3,0x0,
0x60,0x0,0x0,0x0,0x0,0x0,0x0,0x0,
0xa8,0x0,0x0,0x0,0x37,0x2,0xf0,0x2,
0x0,0x0,0x0,0x0,0xa8,0x0,0x0,0x0,
0x0,0x0,0x0,0x0,0xa8,0x0,0x0,0x0,
0x0,0x0,0x0,0x0,0xd8,0x0,0x0,0x0,
0x1,0x0,0x0,0x30,0x38,0x2,0x90,0x2,
0xa2,0x0,0x0,0x0,0x0,0x0,0x7,0x0,
0x6c,0x0,0x0,0x0,0x0,0x0,0x0,0x0,
0x3b,0x2,0x90,0x2,0x3b,0x2,0x40,0x3,
0x18,0x0,0x0,0x0,0x0,0x0,0x7,0x0,
0x6b,0x0,0x0,0x0,0x0,0x0,0x0,0x0,
0x3a,0x2,0x90,0x2,0x3a,0x2,0xf0,0x2,
0x6,0x0,0x0,0x0,0x0,0x0,0x7,0x0,
0x6a,0x0,0x0,0x0,0x0,0x0,0x0,0x0,
0x39,0x2,0x90,0x2,0x39,0x2,0x0,0x3,
0x9b,0x0,0x0,0x0,0x0,0x0,0x0,0x0,
0x0,0x0,0xff,0xff,0xff,0xff,0xff,0xff,
0x0,0x0,0x0,0x0,0x54,0x0,0x0,0x0,
0x54,0x0,0x0,0x0,0x54,0x0,0x0,0x0,
0x0,0x0,0x0,0x0,0x54,0x0,0x0,0x0,
0x54,0x0,0x0,0x0,0x0,0x0,0x2,0x0,
0x54,0x0,0x0,0x0,0x0,0x0,0x0,0x0,
0x84,0x0,0x0,0x0,0x48,0x2,0x50,0x1,
0x0,0x0,0x0,0x0,0x84,0x0,0x0,0x0,
0x0,0x0,0x0,0x0,0x84,0x0,0x0,0x0,
0x0,0x0,0x0,0x0,0x9c,0x0,0x0,0x0,
0x0,0x0,0x1,0x0,0x1,0x0,0x0,0x0,
0x0,0x0,0x0,0x0,0x49,0x2,0x90,0x1,
0x49,0x2,0xf0,0x1,0x0,0x0,0x0,0x0,
0x0,0x0,0x8,0x0,0x9d,0x0,0x0,0x0,
0x0,0x0,0x0,0x0,0x4a,0x2,0x90,0x1,
0x4a,0x2,0x90,0x1,0x0,0x0,0x0,0x0,
0x78,0x0,0x0,0x0,0x0,0x0,0x0,0x0,
0x0,0x0,0xff,0xff,0xff,0xff,0xff,0xff,
0x0,0x0,0x0,0x0,0x54,0x0,0x0,0x0,
0x54,0x0,0x0,0x0,0x54,0x0,0x0,0x0,
0x0,0x0,0x0,0x0,0x54,0x0,0x0,0x0,
0x54,0x0,0x0,0x0,0x0,0x0,0x4,0x0,
0x54,0x0,0x0,0x0,0x0,0x0,0x0,0x0,
0xb4,0x0,0x0,0x0,0x4a,0x2,0x90,0x1,
0x0,0x0,0x0,0x0,0xb4,0x0,0x0,0x0,
0x0,0x0,0x0,0x0,0xb4,0x0,0x0,0x0,
0x0,0x0,0x0,0x0,0x7a,0x0,0x0,0x0,
0x0,0x0,0x2,0x0,0x4,0x0,0x0,0x0,
0x0,0x0,0x0,0x0,0x4c,0x2,0xd0,0x1,
0x4c,0x2,0x60,0x2,0x6,0x0,0x0,0x0,
0x0,0x0,0x7,0x0,0x6d,0x0,0x0,0x0,
0x0,0x0,0x0,0x0,0x4b,0x2,0xd0,0x1,
0x4b,0x2,0x40,0x2,0x0,0x0,0x0,0x0,
0x0,0x0,0x8,0x0,0x9e,0x0,0x0,0x0,
0x0,0x0,0x0,0x0,0x4e,0x2,0xd0,0x1,
0x4e,0x2,0xd0,0x1,0x0,0x0,0x0,0x0,
0x0,0x0,0x8,0x0,0xbc,0x0,0x0,0x0,
0x0,0x0,0x0,0x0,0x88,0x2,0xd0,0x1,
0x88,0x2,0xd0,0x1,0x0,0x0,0x0,0x0,
0x7b,0x0,0x0,0x0,0x0,0x0,0x0,0x0,
0x0,0x0,0xff,0xff,0xff,0xff,0xff,0xff,
0x0,0x0,0x0,0x0,0x54,0x0,0x0,0x0,
0x54,0x0,0x0,0x0,0x54,0x0,0x0,0x0,
0x0,0x0,0x0,0x0,0x54,0x0,0x0,0x0,
0x54,0x0,0x0,0x0,0x0,0x0,0x3,0x0,
0x54,0x0,0x0,0x0,0x0,0x0,0x0,0x0,
0x9c,0x0,0x0,0x0,0x4e,0x2,0xd0,0x1,
0x0,0x0,0x0,0x0,0x9c,0x0,0x0,0x0,
0x0,0x0,0x0,0x0,0x9c,0x0,0x0,0x0,
0x0,0x0,0x0,0x0,0x9,0x0,0x0,0x0,
0x0,0x0,0x5,0x0,0x3c,0x0,0x0,0x0,
0x0,0x0,0x0,0x0,0x4f,0x2,0x10,0x2,
0x4f,0x2,0x80,0x2,0x0,0x0,0x0,0x0,
0x0,0x0,0x8,0x0,0xa0,0x0,0x0,0x0,
0x0,0x0,0x0,0x0,0x51,0x2,0x10,0x2,
0x51,0x2,0x10,0x2,0x7d,0x0,0x0,0x0,
0x0,0x0,0x9,0x0,0x9f,0x0,0x0,0x0,
0x0,0x0,0x0,0x0,0x50,0x2,0x10,0x2,
0x50,0x2,0x80,0x2,0x0,0x0,0x0,0x0,
0x0,0x0,0x0,0x0,0x0,0x0,0x0,0x0,
0x0,0x0,0xff,0xff,0xff,0xff,0xff,0xff,
0x0,0x0,0x0,0x0,0x54,0x0,0x0,0x0,
0x54,0x0,0x0,0x0,0x54,0x0,0x0,0x0,
0x0,0x0,0x0,0x0,0x54,0x0,0x0,0x0,
0x54,0x0,0x0,0x0,0x0,0x0,0x1,0x0,
0x54,0x0,0x0,0x0,0x0,0x0,0x0,0x0,
0x6c,0x0,0x0,0x0,0x50,0x2,0x10,0x2,
0x0,0x0,0x0,0x0,0x6c,0x0,0x0,0x0,
0x0,0x0,0x0,0x0,0x6c,0x0,0x0,0x0,
0x0,0x0,0x0,0x0,0x74,0x0,0x0,0x0,
0x0,0x0,0x1,0x0,0x1,0x0,0x0,0x0,
0x0,0x0,0x0,0x0,0x50,0x2,0x80,0x2,
0x50,0x2,0x30,0x3,0x0,0x0,0x0,0x0,
0x78,0x0,0x0,0x0,0x0,0x0,0x0,0x0,
0x0,0x0,0xff,0xff,0xff,0xff,0xff,0xff,
0x0,0x0,0x0,0x0,0x54,0x0,0x0,0x0,
0x54,0x0,0x0,0x0,0x54,0x0,0x0,0x0,
0x0,0x0,0x0,0x0,0x54,0x0,0x0,0x0,
0x54,0x0,0x0,0x0,0x0,0x0,0x4,0x0,
0x54,0x0,0x0,0x0,0x0,0x0,0x0,0x0,
0xb4,0x0,0x0,0x0,0x51,0x2,0x10,0x2,
0x0,0x0,0x0,0x0,0xb4,0x0,0x0,0x0,
0x0,0x0,0x0,0x0,0xb4,0x0,0x0,0x0,
0x0,0x0,0x0,0x0,0x7a,0x0,0x0,0x0,
0x0,0x0,0x2,0x0,0x5,0x0,0x0,0x0,
0x0,0x0,0x0,0x0,0x54,0x2,0x50,0x2,
0x54,0x2,0xe0,0x2,0x0,0x0,0x0,0x0,
0x0,0x0,0x8,0x0,0xa2,0x0,0x0,0x0,
0x0,0x0,0x0,0x0,0x56,0x2,0x50,0x2,
0x56,0x2,0x50,0x2,0x0,0x0,0x0,0x0,
0x0,0x0,0x8,0x0,0xb6,0x0,0x0,0x0,
0x0,0x0,0x0,0x0,0x67,0x2,0x50,0x2,
0x67,0x2,0x50,0x2,0x6e,0x0,0x0,0x0,
0x0,0x0,0xa,0x0,0xa1,0x0,0x0,0x0,
0x0,0x0,0x0,0x0,0x52,0x2,0x50,0x2,
0x52,0x2,0xd0,0x2,0x0,0x0,0x0,0x0,
0x0,0x0,0x0,0x0,0x0,0x0,0x0,0x0,
0x0,0x0,0xff,0xff,0xff,0xff,0xff,0xff,
0x0,0x0,0x0,0x0,0x54,0x0,0x0,0x0,
0x54,0x0,0x0,0x0,0x54,0x0,0x0,0x0,
0x0,0x0,0x0,0x0,0x54,0x0,0x0,0x0,
0x54,0x0,0x0,0x0,0x0,0x0,0x2,0x0,
0x54,0x0,0x0,0x0,0x0,0x0,0x0,0x0,
0x84,0x0,0x0,0x0,0x52,0x2,0x50,0x2,
0x0,0x0,0x0,0x0,0x84,0x0,0x0,0x0,
0x0,0x0,0x0,0x0,0x84,0x0,0x0,0x0,
0x0,0x0,0x0,0x0,0x79,0x0,0x0,0x0,
0x0,0x0,0x2,0x0,0x5,0x0,0x0,0x0,
0x0,0x0,0x0,0x0,0x53,0x2,0xd0,0x2,
0x53,0x2,0x60,0x3,0x6f,0x0,0x0,0x0,
0x0,0x0,0x7,0x0,0x6e,0x0,0x0,0x0,
0x0,0x0,0x0,0x0,0x52,0x2,0xd0,0x2,
0x52,0x2,0x30,0x3,0x0,0x0,0x0,0x0,
0x7e,0x0,0x0,0x0,0x0,0x0,0x0,0x0,
0x0,0x0,0xff,0xff,0xff,0xff,0xff,0xff,
0x0,0x0,0x0,0x0,0x54,0x0,0x0,0x0,
0x54,0x0,0x0,0x0,0x54,0x0,0x0,0x0,
0x0,0x0,0x0,0x0,0x54,0x0,0x0,0x0,
0x54,0x0,0x0,0x0,0x0,0x0,0xe,0x0,
0x54,0x0,0x0,0x0,0x0,0x0,0x0,0x0,
0xa4,0x1,0x0,0x0,0x56,0x2,0x50,0x2,
0x0,0x0,0x0,0x0,0xa4,0x1,0x0,0x0,
0x0,0x0,0x0,0x0,0xa4,0x1,0x0,0x0,
0x0,0x0,0x0,0x0,0x7f,0x0,0x0,0x0,
0x0,0x0,0x2,0x0,0x5,0x0,0x0,0x0,
0x0,0x0,0x0,0x0,0x58,0x2,0x90,0x2,
0x58,0x2,0x20,0x3,0x0,0x0,0x0,0x0,
0x0,0x0,0x8,0x0,0xa4,0x0,0x0,0x0,
0x0,0x0,0x0,0x0,0x59,0x2,0x90,0x2,
0x59,0x2,0x90,0x2,0x0,0x0,0x0,0x0,
0x0,0x0,0x8,0x0,0xa5,0x0,0x0,0x0,
0x0,0x0,0x0,0x0,0x5a,0x2,0x90,0x2,
0x5a,0x2,0x90,0x2,0x0,0x0,0x0,0x0,
0x0,0x0,0x8,0x0,0xa7,0x0,0x0,0x0,
0x0,0x0,0x0,0x0,0x5b,0x2,0x90,0x2,
0x5b,0x2,0x90,0x2,0x0,0x0,0x0,0x0,
0x0,0x0,0x8,0x0,0xa8,0x0,0x0,0x0,
0x0,0x0,0x0,0x0,0x5c,0x2,0x90,0x2,
0x5c,0x2,0x90,0x2,0x0,0x0,0x0,0x0,
0x0,0x0,0x8,0x0,0xaa,0x0,0x0,0x0,
0x0,0x0,0x0,0x0,0x5d,0x2,0x90,0x2,
0x5d,0x2,0x90,0x2,0x0,0x0,0x0,0x0,
0x0,0x0,0x8,0x0,0xab,0x0,0x0,0x0,
0x0,0x0,0x0,0x0,0x5e,0x2,0x90,0x2,
0x5e,0x2,0x90,0x2,0x0,0x0,0x0,0x0,
0x0,0x0,0x8,0x0,0xad,0x0,0x0,0x0,
0x0,0x0,0x0,0x0,0x5f,0x2,0x90,0x2,
0x5f,0x2,0x90,0x2,0x0,0x0,0x0,0x0,
0x0,0x0,0x8,0x0,0xae,0x0,0x0,0x0,
0x0,0x0,0x0,0x0,0x60,0x2,0x90,0x2,
0x60,0x2,0x90,0x2,0x0,0x0,0x0,0x0,
0x0,0x0,0x8,0x0,0xb0,0x0,0x0,0x0,
0x0,0x0,0x0,0x0,0x61,0x2,0x90,0x2,
0x61,0x2,0x90,0x2,0x0,0x0,0x0,0x0,
0x0,0x0,0x8,0x0,0xb1,0x0,0x0,0x0,
0x0,0x0,0x0,0x0,0x62,0x2,0x90,0x2,
0x62,0x2,0x90,0x2,0x0,0x0,0x0,0x0,
0x0,0x0,0x8,0x0,0xb3,0x0,0x0,0x0,
0x0,0x0,0x0,0x0,0x63,0x2,0x90,0x2,
0x63,0x2,0x90,0x2,0x0,0x0,0x0,0x0,
0x0,0x0,0x8,0x0,0xb4,0x0,0x0,0x0,
0x0,0x0,0x0,0x0,0x64,0x2,0x90,0x2,
0x64,0x2,0x90,0x2,0x7d,0x0,0x0,0x0,
0x0,0x0,0x9,0x0,0xa3,0x0,0x0,0x0,
0x0,0x0,0x0,0x0,0x57,0x2,0x90,0x2,
0x57,0x2,0x0,0x3,0x0,0x0,0x0,0x0,
0x0,0x0,0x0,0x0,0x0,0x0,0x0,0x0,
0x0,0x0,0xff,0xff,0xff,0xff,0xff,0xff,
0x0,0x0,0x0,0x0,0x54,0x0,0x0,0x0,
0x54,0x0,0x0,0x0,0x54,0x0,0x0,0x0,
0x0,0x0,0x0,0x0,0x54,0x0,0x0,0x0,
0x54,0x0,0x0,0x0,0x0,0x0,0x1,0x0,
0x54,0x0,0x0,0x0,0x0,0x0,0x0,0x0,
0x6c,0x0,0x0,0x0,0x57,0x2,0x90,0x2,
0x0,0x0,0x0,0x0,0x6c,0x0,0x0,0x0,
0x0,0x0,0x0,0x0,0x6c,0x0,0x0,0x0,
0x0,0x0,0x0,0x0,0x74,0x0,0x0,0x0,
0x0,0x0,0x1,0x0,0x1,0x0,0x0,0x0,
0x0,0x0,0x0,0x0,0x57,0x2,0x0,0x3,
0x57,0x2,0xb0,0x3,0x0,0x0,0x0,0x0,
0x82,0x0,0x0,0x0,0x0,0x0,0x0,0x0,
0x0,0x0,0xff,0xff,0xff,0xff,0xff,0xff,
0x0,0x0,0x0,0x0,0x54,0x0,0x0,0x0,
0x54,0x0,0x0,0x0,0x54,0x0,0x0,0x0,
0x0,0x0,0x0,0x0,0x54,0x0,0x0,0x0,
0x54,0x0,0x0,0x0,0x0,0x0,0x1,0x0,
0x54,0x0,0x0,0x0,0x0,0x0,0x0,0x0,
0x6c,0x0,0x0,0x0,0x59,0x2,0x90,0x2,
0x0,0x0,0x0,0x0,0x6c,0x0,0x0,0x0,
0x0,0x0,0x0,0x0,0x6c,0x0,0x0,0x0,
0x0,0x0,0x0,0x0,0x18,0x0,0x0,0x0,
0x0,0x0,0x5,0x0,0x3d,0x0,0x0,0x0,
0x0,0x0,0x0,0x0,0x59,0x2,0x10,0x3,
0x59,0x2,0x70,0x3,0x0,0x0,0x0,0x0,
0xae,0x0,0x0,0x0,0xea,0x0,0x0,0x0,
0x0,0x0,0xff,0xff,0xff,0xff,0xff,0xff,
0x0,0x0,0x0,0x0,0x54,0x0,0x0,0x0,
0x54,0x0,0x0,0x0,0x54,0x0,0x0,0x0,
0x0,0x0,0x0,0x0,0x54,0x0,0x0,0x0,
0x54,0x0,0x0,0x0,0x0,0x0,0x2,0x0,
0x54,0x0,0x0,0x0,0x0,0x0,0x0,0x0,
0x84,0x0,0x0,0x0,0x5a,0x2,0x90,0x2,
0x5a,0x2,0x50,0x3,0x84,0x0,0x0,0x0,
0x0,0x0,0x0,0x0,0x84,0x0,0x0,0x0,
0x0,0x0,0x0,0x0,0x18,0x0,0x0,0x0,
0x0,0x0,0x3,0x0,0x0,0x0,0x0,0x0,
0xeb,0x0,0x0,0x0,0x5a,0x2,0xd0,0x4,
0x5a,0x2,0x30,0x5,0x7d,0x0,0x0,0x0,
0x0,0x0,0x9,0x0,0xa6,0x0,0x0,0x0,
0x0,0x0,0x0,0x0,0x5a,0x2,0x80,0x5,
0x5a,0x2,0xf0,0x5,0x0,0x0,0x0,0x0,
0x0,0x0,0x0,0x0,0x0,0x0,0x0,0x0,
0x0,0x0,0xff,0xff,0xff,0xff,0xff,0xff,
0x0,0x0,0x0,0x0,0x54,0x0,0x0,0x0,
0x54,0x0,0x0,0x0,0x54,0x0,0x0,0x0,
0x0,0x0,0x0,0x0,0x54,0x0,0x0,0x0,
0x54,0x0,0x0,0x0,0x0,0x0,0x1,0x0,
0x54,0x0,0x0,0x0,0x0,0x0,0x0,0x0,
0x6c,0x0,0x0,0x0,0x5a,0x2,0x80,0x5,
0x0,0x0,0x0,0x0,0x6c,0x0,0x0,0x0,
0x0,0x0,0x0,0x0,0x6c,0x0,0x0,0x0,
0x0,0x0,0x0,0x0,0x75,0x0,0x0,0x0,
0x0,0x0,0x2,0x0,0x10,0x0,0x0,0x0,
0x0,0x0,0x0,0x0,0x5a,0x2,0xf0,0x5,
0x5a,0x2,0xf0,0x6,0x0,0x0,0x0,0x0,
0x82,0x0,0x0,0x0,0x0,0x0,0x0,0x0,
0x0,0x0,0xff,0xff,0xff,0xff,0xff,0xff,
0x0,0x0,0x0,0x0,0x54,0x0,0x0,0x0,
0x54,0x0,0x0,0x0,0x54,0x0,0x0,0x0,
0x0,0x0,0x0,0x0,0x54,0x0,0x0,0x0,
0x54,0x0,0x0,0x0,0x0,0x0,0x1,0x0,
0x54,0x0,0x0,0x0,0x0,0x0,0x0,0x0,
0x6c,0x0,0x0,0x0,0x5b,0x2,0x90,0x2,
0x0,0x0,0x0,0x0,0x6c,0x0,0x0,0x0,
0x0,0x0,0x0,0x0,0x6c,0x0,0x0,0x0,
0x0,0x0,0x0,0x0,0x18,0x0,0x0,0x0,
0x0,0x0,0x5,0x0,0x3e,0x0,0x0,0x0,
0x0,0x0,0x0,0x0,0x5b,0x2,0x10,0x3,
0x5b,0x2,0x70,0x3,0x0,0x0,0x0,0x0,
0xae,0x0,0x0,0x0,0xed,0x0,0x0,0x0,
0x0,0x0,0xff,0xff,0xff,0xff,0xff,0xff,
0x0,0x0,0x0,0x0,0x54,0x0,0x0,0x0,
0x54,0x0,0x0,0x0,0x54,0x0,0x0,0x0,
0x0,0x0,0x0,0x0,0x54,0x0,0x0,0x0,
0x54,0x0,0x0,0x0,0x0,0x0,0x2,0x0,
0x54,0x0,0x0,0x0,0x0,0x0,0x0,0x0,
0x84,0x0,0x0,0x0,0x5c,0x2,0x90,0x2,
0x5c,0x2,0x50,0x3,0x84,0x0,0x0,0x0,
0x0,0x0,0x0,0x0,0x84,0x0,0x0,0x0,
0x0,0x0,0x0,0x0,0x18,0x0,0x0,0x0,
0x0,0x0,0x7,0x0,0x6f,0x0,0x0,0x0,
0x0,0x0,0x0,0x0,0x5c,0x2,0xe0,0x4,
0x5c,0x2,0x40,0x5,0x7d,0x0,0x0,0x0,
0x0,0x0,0x9,0x0,0xa9,0x0,0x0,0x0,
0x0,0x0,0x0,0x0,0x5c,0x2,0xa0,0x8,
0x5c,0x2,0x10,0x9,0x0,0x0,0x0,0x0,
0x0,0x0,0x0,0x0,0x0,0x0,0x0,0x0,
0x0,0x0,0xff,0xff,0xff,0xff,0xff,0xff,
0x0,0x0,0x0,0x0,0x54,0x0,0x0,0x0,
0x54,0x0,0x0,0x0,0x54,0x0,0x0,0x0,
0x0,0x0,0x0,0x0,0x54,0x0,0x0,0x0,
0x54,0x0,0x0,0x0,0x0,0x0,0x1,0x0,
0x54,0x0,0x0,0x0,0x0,0x0,0x0,0x0,
0x6c,0x0,0x0,0x0,0x5c,0x2,0xa0,0x8,
0x0,0x0,0x0,0x0,0x6c,0x0,0x0,0x0,
0x0,0x0,0x0,0x0,0x6c,0x0,0x0,0x0,
0x0,0x0,0x0,0x0,0x75,0x0,0x0,0x0,
0x0,0x0,0x2,0x0,0x9,0x0,0x0,0x0,
0x0,0x0,0x0,0x0,0x5c,0x2,0x10,0x9,
0x5c,0x2,0x10,0xa,0x0,0x0,0x0,0x0,
0x82,0x0,0x0,0x0,0x0,0x0,0x0,0x0,
0x0,0x0,0xff,0xff,0xff,0xff,0xff,0xff,
0x0,0x0,0x0,0x0,0x54,0x0,0x0,0x0,
0x54,0x0,0x0,0x0,0x54,0x0,0x0,0x0,
0x0,0x0,0x0,0x0,0x54,0x0,0x0,0x0,
0x54,0x0,0x0,0x0,0x0,0x0,0x1,0x0,
0x54,0x0,0x0,0x0,0x0,0x0,0x0,0x0,
0x6c,0x0,0x0,0x0,0x5d,0x2,0x90,0x2,
0x0,0x0,0x0,0x0,0x6c,0x0,0x0,0x0,
0x0,0x0,0x0,0x0,0x6c,0x0,0x0,0x0,
0x0,0x0,0x0,0x0,0x18,0x0,0x0,0x0,
0x0,0x0,0x5,0x0,0x3f,0x0,0x0,0x0,
0x0,0x0,0x0,0x0,0x5d,0x2,0x10,0x3,
0x5d,0x2,0x70,0x3,0x0,0x0,0x0,0x0,
0xae,0x0,0x0,0x0,0xee,0x0,0x0,0x0,
0x0,0x0,0xff,0xff,0xff,0xff,0xff,0xff,
0x0,0x0,0x0,0x0,0x54,0x0,0x0,0x0,
0x54,0x0,0x0,0x0,0x54,0x0,0x0,0x0,
0x0,0x0,0x0,0x0,0x54,0x0,0x0,0x0,
0x54,0x0,0x0,0x0,0x0,0x0,0x2,0x0,
0x54,0x0,0x0,0x0,0x0,0x0,0x0,0x0,
0x84,0x0,0x0,0x0,0x5e,0x2,0x90,0x2,
0x5e,0x2,0x50,0x3,0x84,0x0,0x0,0x0,
0x0,0x0,0x0,0x0,0x84,0x0,0x0,0x0,
0x0,0x0,0x0,0x0,0x18,0x0,0x0,0x0,
0x0,0x0,0x3,0x0,0x0,0x0,0x0,0x0,
0xb6,0x0,0x0,0x0,0x5e,0x2,0xd0,0x4,
0x5e,0x2,0x30,0x5,0x7d,0x0,0x0,0x0,
0x0,0x0,0x9,0x0,0xac,0x0,0x0,0x0,
0x0,0x0,0x0,0x0,0x5e,0x2,0xd0,0x5,
0x5e,0x2,0x40,0x6,0x0,0x0,0x0,0x0,
0x0,0x0,0x0,0x0,0x0,0x0,0x0,0x0,
0x0,0x0,0xff,0xff,0xff,0xff,0xff,0xff,
0x0,0x0,0x0,0x0,0x54,0x0,0x0,0x0,
0x54,0x0,0x0,0x0,0x54,0x0,0x0,0x0,
0x0,0x0,0x0,0x0,0x54,0x0,0x0,0x0,
0x54,0x0,0x0,0x0,0x0,0x0,0x1,0x0,
0x54,0x0,0x0,0x0,0x0,0x0,0x0,0x0,
0x6c,0x0,0x0,0x0,0x5e,0x2,0xd0,0x5,
0x0,0x0,0x0,0x0,0x6c,0x0,0x0,0x0,
0x0,0x0,0x0,0x0,0x6c,0x0,0x0,0x0,
0x0,0x0,0x0,0x0,0x75,0x0,0x0,0x0,
0x0,0x0,0x2,0x0,0xc,0x0,0x0,0x0,
0x0,0x0,0x0,0x0,0x5e,0x2,0x40,0x6,
0x5e,0x2,0x40,0x7,0x0,0x0,0x0,0x0,
0x82,0x0,0x0,0x0,0x0,0x0,0x0,0x0,
0x0,0x0,0xff,0xff,0xff,0xff,0xff,0xff,
0x0,0x0,0x0,0x0,0x54,0x0,0x0,0x0,
0x54,0x0,0x0,0x0,0x54,0x0,0x0,0x0,
0x0,0x0,0x0,0x0,0x54,0x0,0x0,0x0,
0x54,0x0,0x0,0x0,0x0,0x0,0x1,0x0,
0x54,0x0,0x0,0x0,0x0,0x0,0x0,0x0,
0x6c,0x0,0x0,0x0,0x5f,0x2,0x90,0x2,
0x0,0x0,0x0,0x0,0x6c,0x0,0x0,0x0,
0x0,0x0,0x0,0x0,0x6c,0x0,0x0,0x0,
0x0,0x0,0x0,0x0,0x18,0x0,0x0,0x0,
0x0,0x0,0x5,0x0,0x40,0x0,0x0,0x0,
0x0,0x0,0x0,0x0,0x5f,0x2,0x10,0x3,
0x5f,0x2,0x70,0x3,0x0,0x0,0x0,0x0,
0xe2,0x0,0x0,0x0,0xef,0x0,0x0,0x0,
0x0,0x0,0xff,0xff,0xff,0xff,0xff,0xff,
0x0,0x0,0x0,0x0,0x54,0x0,0x0,0x0,
0x54,0x0,0x0,0x0,0x54,0x0,0x0,0x0,
0x0,0x0,0x0,0x0,0x54,0x0,0x0,0x0,
0x54,0x0,0x0,0x0,0x0,0x0,0x2,0x0,
0x54,0x0,0x0,0x0,0x0,0x0,0x0,0x0,
0x84,0x0,0x0,0x0,0x60,0x2,0x90,0x2,
0x60,0x2,0x40,0x3,0x84,0x0,0x0,0x0,
0x0,0x0,0x0,0x0,0x84,0x0,0x0,0x0,
0x0,0x0,0x0,0x0,0xd5,0x0,0x0,0x0,
0x0,0x0,0x7,0x0,0x70,0x0,0x0,0x0,
0x0,0x0,0x0,0x0,0x60,0x2,0xa0,0x4,
0x60,0x2,0x10,0x5,0x7d,0x0,0x0,0x0,
0x0,0x0,0x9,0x0,0xaf,0x0,0x0,0x0,
0x0,0x0,0x0,0x0,0x60,0x2,0x80,0x7,
0x60,0x2,0xf0,0x7,0x0,0x0,0x0,0x0,
0x0,0x0,0x0,0x0,0x0,0x0,0x0,0x0,
0x0,0x0,0xff,0xff,0xff,0xff,0xff,0xff,
0x0,0x0,0x0,0x0,0x54,0x0,0x0,0x0,
0x54,0x0,0x0,0x0,0x54,0x0,0x0,0x0,
0x0,0x0,0x0,0x0,0x54,0x0,0x0,0x0,
0x54,0x0,0x0,0x0,0x0,0x0,0x1,0x0,
0x54,0x0,0x0,0x0,0x0,0x0,0x0,0x0,
0x6c,0x0,0x0,0x0,0x60,0x2,0x80,0x7,
0x0,0x0,0x0,0x0,0x6c,0x0,0x0,0x0,
0x0,0x0,0x0,0x0,0x6c,0x0,0x0,0x0,
0x0,0x0,0x0,0x0,0x75,0x0,0x0,0x0,
0x0,0x0,0x2,0x0,0x11,0x0,0x0,0x0,
0x0,0x0,0x0,0x0,0x60,0x2,0xf0,0x7,
0x60,0x2,0xf0,0x8,0x0,0x0,0x0,0x0,
0x82,0x0,0x0,0x0,0x0,0x0,0x0,0x0,
0x0,0x0,0xff,0xff,0xff,0xff,0xff,0xff,
0x0,0x0,0x0,0x0,0x54,0x0,0x0,0x0,
0x54,0x0,0x0,0x0,0x54,0x0,0x0,0x0,
0x0,0x0,0x0,0x0,0x54,0x0,0x0,0x0,
0x54,0x0,0x0,0x0,0x0,0x0,0x1,0x0,
0x54,0x0,0x0,0x0,0x0,0x0,0x0,0x0,
0x6c,0x0,0x0,0x0,0x61,0x2,0x90,0x2,
0x0,0x0,0x0,0x0,0x6c,0x0,0x0,0x0,
0x0,0x0,0x0,0x0,0x6c,0x0,0x0,0x0,
0x0,0x0,0x0,0x0,0x18,0x0,0x0,0x0,
0x0,0x0,0x5,0x0,0x41,0x0,0x0,0x0,
0x0,0x0,0x0,0x0,0x61,0x2,0x10,0x3,
0x61,0x2,0x70,0x3,0x0,0x0,0x0,0x0,
0xae,0x0,0x0,0x0,0xf1,0x0,0x0,0x0,
0x0,0x0,0xff,0xff,0xff,0xff,0xff,0xff,
0x0,0x0,0x0,0x0,0x54,0x0,0x0,0x0,
0x54,0x0,0x0,0x0,0x54,0x0,0x0,0x0,
0x0,0x0,0x0,0x0,0x54,0x0,0x0,0x0,
0x54,0x0,0x0,0x0,0x0,0x0,0x2,0x0,
0x54,0x0,0x0,0x0,0x0,0x0,0x0,0x0,
0x84,0x0,0x0,0x0,0x62,0x2,0x90,0x2,
0x62,0x2,0x50,0x3,0x84,0x0,0x0,0x0,
0x0,0x0,0x0,0x0,0x84,0x0,0x0,0x0,
0x0,0x0,0x0,0x0,0x18,0x0,0x0,0x0,
0x0,0x0,0x3,0x0,0x0,0x0,0x0,0x0,
0xf2,0x0,0x0,0x0,0x62,0x2,0xa0,0x4,
0x62,0x2,0x0,0x5,0x7d,0x0,0x0,0x0,
0x0,0x0,0x9,0x0,0xb2,0x0,0x0,0x0,
0x0,0x0,0x0,0x0,0x62,0x2,0x70,0x6,
0x62,0x2,0xe0,0x6,0x0,0x0,0x0,0x0,
0x0,0x0,0x0,0x0,0x0,0x0,0x0,0x0,
0x0,0x0,0xff,0xff,0xff,0xff,0xff,0xff,
0x0,0x0,0x0,0x0,0x54,0x0,0x0,0x0,
0x54,0x0,0x0,0x0,0x54,0x0,0x0,0x0,
0x0,0x0,0x0,0x0,0x54,0x0,0x0,0x0,
0x54,0x0,0x0,0x0,0x0,0x0,0x1,0x0,
0x54,0x0,0x0,0x0,0x0,0x0,0x0,0x0,
0x6c,0x0,0x0,0x0,0x62,0x2,0x70,0x6,
0x0,0x0,0x0,0x0,0x6c,0x0,0x0,0x0,
0x0,0x0,0x0,0x0,0x6c,0x0,0x0,0x0,
0x0,0x0,0x0,0x0,0x75,0x0,0x0,0x0,
0x0,0x0,0x2,0x0,0x9,0x0,0x0,0x0,
0x0,0x0,0x0,0x0,0x62,0x2,0xe0,0x6,
0x62,0x2,0xe0,0x7,0x0,0x0,0x0,0x0,
0x82,0x0,0x0,0x0,0x0,0x0,0x0,0x0,
0x0,0x0,0xff,0xff,0xff,0xff,0xff,0xff,
0x0,0x0,0x0,0x0,0x54,0x0,0x0,0x0,
0x54,0x0,0x0,0x0,0x54,0x0,0x0,0x0,
0x0,0x0,0x0,0x0,0x54,0x0,0x0,0x0,
0x54,0x0,0x0,0x0,0x0,0x0,0x1,0x0,
0x54,0x0,0x0,0x0,0x0,0x0,0x0,0x0,
0x6c,0x0,0x0,0x0,0x63,0x2,0x90,0x2,
0x0,0x0,0x0,0x0,0x6c,0x0,0x0,0x0,
0x0,0x0,0x0,0x0,0x6c,0x0,0x0,0x0,
0x0,0x0,0x0,0x0,0x18,0x0,0x0,0x0,
0x0,0x0,0x5,0x0,0x42,0x0,0x0,0x0,
0x0,0x0,0x0,0x0,0x63,0x2,0x10,0x3,
0x63,0x2,0x70,0x3,0x0,0x0,0x0,0x0,
0xae,0x0,0x0,0x0,0xf4,0x0,0x0,0x0,
0x0,0x0,0xff,0xff,0xff,0xff,0xff,0xff,
0x0,0x0,0x0,0x0,0x54,0x0,0x0,0x0,
0x54,0x0,0x0,0x0,0x54,0x0,0x0,0x0,
0x0,0x0,0x0,0x0,0x54,0x0,0x0,0x0,
0x54,0x0,0x0,0x0,0x0,0x0,0x2,0x0,
0x54,0x0,0x0,0x0,0x0,0x0,0x0,0x0,
0x84,0x0,0x0,0x0,0x64,0x2,0x90,0x2,
0x64,0x2,0x50,0x3,0x84,0x0,0x0,0x0,
0x0,0x0,0x0,0x0,0x84,0x0,0x0,0x0,
0x0,0x0,0x0,0x0,0x18,0x0,0x0,0x0,
0x0,0x0,0x3,0x0,0x0,0x0,0x0,0x0,
0xf5,0x0,0x0,0x0,0x64,0x2,0x80,0x4,
0x64,0x2,0xe0,0x4,0x7d,0x0,0x0,0x0,
0x0,0x0,0x9,0x0,0xb5,0x0,0x0,0x0,
0x0,0x0,0x0,0x0,0x64,0x2,0x50,0x6,
0x64,0x2,0xc0,0x6,0x0,0x0,0x0,0x0,
0x0,0x0,0x0,0x0,0x0,0x0,0x0,0x0,
0x0,0x0,0xff,0xff,0xff,0xff,0xff,0xff,
0x0,0x0,0x0,0x0,0x54,0x0,0x0,0x0,
0x54,0x0,0x0,0x0,0x54,0x0,0x0,0x0,
0x0,0x0,0x0,0x0,0x54,0x0,0x0,0x0,
0x54,0x0,0x0,0x0,0x0,0x0,0x1,0x0,
0x54,0x0,0x0,0x0,0x0,0x0,0x0,0x0,
0x6c,0x0,0x0,0x0,0x64,0x2,0x50,0x6,
0x0,0x0,0x0,0x0,0x6c,0x0,0x0,0x0,
0x0,0x0,0x0,0x0,0x6c,0x0,0x0,0x0,
0x0,0x0,0x0,0x0,0x75,0x0,0x0,0x0,
0x0,0x0,0x2,0x0,0x9,0x0,0x0,0x0,
0x0,0x0,0x0,0x0,0x64,0x2,0xc0,0x6,
0x64,0x2,0xc0,0x7,0x0,0x0,0x0,0x0,
0x9f,0x0,0x0,0x0,0x0,0x0,0x0,0x0,
0x0,0x0,0xff,0xff,0xff,0xff,0xff,0xff,
0x0,0x0,0x0,0x0,0x54,0x0,0x0,0x0,
0x54,0x0,0x0,0x0,0x54,0x0,0x0,0x0,
0x0,0x0,0x0,0x0,0x54,0x0,0x0,0x0,
0x54,0x0,0x0,0x0,0x0,0x0,0x5,0x0,
0x54,0x0,0x0,0x0,0x0,0x0,0x0,0x0,
0xcc,0x0,0x0,0x0,0x67,0x2,0x50,0x2,
0x0,0x0,0x0,0x0,0xcc,0x0,0x0,0x0,
0x0,0x0,0x0,0x0,0xcc,0x0,0x0,0x0,
0x0,0x0,0x0,0x0,0x7a,0x0,0x0,0x0,
0x0,0x0,0x2,0x0,0x5,0x0,0x0,0x0,
0x0,0x0,0x0,0x0,0x68,0x2,0x90,0x2,
0x68,0x2,0x20,0x3,0x0,0x0,0x0,0x0,
0x0,0x0,0x8,0x0,0xb7,0x0,0x0,0x0,
0x0,0x0,0x0,0x0,0x69,0x2,0x90,0x2,
0x69,0x2,0x90,0x2,0x0,0x0,0x0,0x0,
0x0,0x0,0x8,0x0,0xb8,0x0,0x0,0x0,
0x0,0x0,0x0,0x0,0x75,0x2,0x90,0x2,
0x75,0x2,0x90,0x2,0x0,0x0,0x0,0x0,
0x0,0x0,0x8,0x0,0xb9,0x0,0x0,0x0,
0x0,0x0,0x0,0x0,0x7c,0x2,0x90,0x2,
0x7c,0x2,0x90,0x2,0x0,0x0,0x0,0x0,
0x0,0x0,0x8,0x0,0xba,0x0,0x0,0x0,
0x0,0x0,0x0,0x0,0x83,0x2,0x90,0x2,
0x83,0x2,0x90,0x2,0x0,0x0,0x0,0x0,
0xa0,0x0,0x0,0x0,0x0,0x0,0x0,0x0,
0x0,0x0,0xff,0xff,0xff,0xff,0xff,0xff,
0x0,0x0,0x0,0x0,0x54,0x0,0x0,0x0,
0x54,0x0,0x0,0x0,0x54,0x0,0x0,0x0,
0x0,0x0,0x0,0x0,0x54,0x0,0x0,0x0,
0x54,0x0,0x0,0x0,0x0,0x0,0x2,0x0,
0x54,0x0,0x0,0x0,0x0,0x0,0x0,0x0,
0x84,0x0,0x0,0x0,0x69,0x2,0x90,0x2,
0x0,0x0,0x0,0x0,0x84,0x0,0x0,0x0,
0x0,0x0,0x0,0x0,0x84,0x0,0x0,0x0,
0x0,0x0,0x0,0x0,0xa2,0x0,0x0,0x0,
0x0,0x0,0x7,0x0,0x71,0x0,0x0,0x0,
0x0,0x0,0x0,0x0,0x6b,0x2,0xd0,0x2,
0x6b,0x2,0x80,0x3,0x18,0x0,0x0,0x0,
0x0,0x0,0x5,0x0,0x43,0x0,0x0,0x0,
0x0,0x0,0x0,0x0,0x6a,0x2,0xd0,0x2,
0x6a,0x2,0x30,0x3,0x0,0x0,0x0,0x0,
0xa0,0x0,0x0,0x0,0x0,0x0,0x0,0x0,
0x0,0x0,0xff,0xff,0xff,0xff,0xff,0xff,
0x0,0x0,0x0,0x0,0x54,0x0,0x0,0x0,
0x54,0x0,0x0,0x0,0x54,0x0,0x0,0x0,
0x0,0x0,0x0,0x0,0x54,0x0,0x0,0x0,
0x54,0x0,0x0,0x0,0x0,0x0,0x2,0x0,
0x54,0x0,0x0,0x0,0x0,0x0,0x0,0x0,
0x84,0x0,0x0,0x0,0x75,0x2,0x90,0x2,
0x0,0x0,0x0,0x0,0x84,0x0,0x0,0x0,
0x0,0x0,0x0,0x0,0x84,0x0,0x0,0x0,
0x0,0x0,0x0,0x0,0xa2,0x0,0x0,0x0,
0x0,0x0,0x7,0x0,0x72,0x0,0x0,0x0,
0x0,0x0,0x0,0x0,0x77,0x2,0xd0,0x2,
0x77,0x2,0x80,0x3,0x18,0x0,0x0,0x0,
0x0,0x0,0x5,0x0,0x44,0x0,0x0,0x0,
0x0,0x0,0x0,0x0,0x76,0x2,0xd0,0x2,
0x76,0x2,0x30,0x3,0x0,0x0,0x0,0x0,
0xa0,0x0,0x0,0x0,0x0,0x0,0x0,0x0,
0x0,0x0,0xff,0xff,0xff,0xff,0xff,0xff,
0x0,0x0,0x0,0x0,0x54,0x0,0x0,0x0,
0x54,0x0,0x0,0x0,0x54,0x0,0x0,0x0,
0x0,0x0,0x0,0x0,0x54,0x0,0x0,0x0,
0x54,0x0,0x0,0x0,0x0,0x0,0x2,0x0,
0x54,0x0,0x0,0x0,0x0,0x0,0x0,0x0,
0x84,0x0,0x0,0x0,0x7c,0x2,0x90,0x2,
0x0,0x0,0x0,0x0,0x84,0x0,0x0,0x0,
0x0,0x0,0x0,0x0,0x84,0x0,0x0,0x0,
0x0,0x0,0x0,0x0,0xa2,0x0,0x0,0x0,
0x0,0x0,0x7,0x0,0x73,0x0,0x0,0x0,
0x0,0x0,0x0,0x0,0x7e,0x2,0xd0,0x2,
0x7e,0x2,0x80,0x3,0x18,0x0,0x0,0x0,
0x0,0x0,0x5,0x0,0x45,0x0,0x0,0x0,
0x0,0x0,0x0,0x0,0x7d,0x2,0xd0,0x2,
0x7d,0x2,0x30,0x3,0x0,0x0,0x0,0x0,
0xa7,0x0,0x0,0x0,0x0,0x0,0x0,0x0,
0x0,0x0,0xff,0xff,0xff,0xff,0xff,0xff,
0x0,0x0,0x0,0x0,0x54,0x0,0x0,0x0,
0x54,0x0,0x0,0x0,0x54,0x0,0x0,0x0,
0x0,0x0,0x0,0x0,0x54,0x0,0x0,0x0,
0x54,0x0,0x0,0x0,0x0,0x0,0x1,0x0,
0x54,0x0,0x0,0x0,0x0,0x0,0x0,0x0,
0x6c,0x0,0x0,0x0,0x83,0x2,0x90,0x2,
0x0,0x0,0x0,0x0,0x6c,0x0,0x0,0x0,
0x0,0x0,0x0,0x0,0x6c,0x0,0x0,0x0,
0x0,0x0,0x0,0x0,0x7d,0x0,0x0,0x0,
0x0,0x0,0x9,0x0,0xbb,0x0,0x0,0x0,
0x0,0x0,0x0,0x0,0x83,0x2,0x0,0x3,
0x83,0x2,0x70,0x3,0x0,0x0,0x0,0x0,
0x0,0x0,0x0,0x0,0x0,0x0,0x0,0x0,
0x0,0x0,0xff,0xff,0xff,0xff,0xff,0xff,
0x0,0x0,0x0,0x0,0x54,0x0,0x0,0x0,
0x54,0x0,0x0,0x0,0x54,0x0,0x0,0x0,
0x0,0x0,0x0,0x0,0x54,0x0,0x0,0x0,
0x54,0x0,0x0,0x0,0x0,0x0,0x1,0x0,
0x54,0x0,0x0,0x0,0x0,0x0,0x0,0x0,
0x6c,0x0,0x0,0x0,0x83,0x2,0x0,0x3,
0x0,0x0,0x0,0x0,0x6c,0x0,0x0,0x0,
0x0,0x0,0x0,0x0,0x6c,0x0,0x0,0x0,
0x0,0x0,0x0,0x0,0x74,0x0,0x0,0x0,
0x0,0x0,0x1,0x0,0x1,0x0,0x0,0x0,
0x0,0x0,0x0,0x0,0x83,0x2,0x70,0x3,
0x83,0x2,0x20,0x4,0x0,0x0,0x0,0x0,
0x7b,0x0,0x0,0x0,0x0,0x0,0x0,0x0,
0x0,0x0,0xff,0xff,0xff,0xff,0xff,0xff,
0x0,0x0,0x0,0x0,0x54,0x0,0x0,0x0,
0x54,0x0,0x0,0x0,0x54,0x0,0x0,0x0,
0x0,0x0,0x0,0x0,0x54,0x0,0x0,0x0,
0x54,0x0,0x0,0x0,0x0,0x0,0x3,0x0,
0x54,0x0,0x0,0x0,0x0,0x0,0x0,0x0,
0x9c,0x0,0x0,0x0,0x88,0x2,0xd0,0x1,
0x0,0x0,0x0,0x0,0x9c,0x0,0x0,0x0,
0x0,0x0,0x0,0x0,0x9c,0x0,0x0,0x0,
0x0,0x0,0x0,0x0,0x9,0x0,0x0,0x0,
0x0,0x0,0x5,0x0,0x46,0x0,0x0,0x0,
0x0,0x0,0x0,0x0,0x89,0x2,0x10,0x2,
0x89,0x2,0x80,0x2,0x0,0x0,0x0,0x0,
0x0,0x0,0x8,0x0,0xbe,0x0,0x0,0x0,
0x0,0x0,0x0,0x0,0x8b,0x2,0x10,0x2,
0x8b,0x2,0x10,0x2,0x7d,0x0,0x0,0x0,
0x0,0x0,0x9,0x0,0xbd,0x0,0x0,0x0,
0x0,0x0,0x0,0x0,0x8a,0x2,0x10,0x2,
0x8a,0x2,0x80,0x2,0x0,0x0,0x0,0x0,
0x0,0x0,0x0,0x0,0x0,0x0,0x0,0x0,
0x0,0x0,0xff,0xff,0xff,0xff,0xff,0xff,
0x0,0x0,0x0,0x0,0x54,0x0,0x0,0x0,
0x54,0x0,0x0,0x0,0x54,0x0,0x0,0x0,
0x0,0x0,0x0,0x0,0x54,0x0,0x0,0x0,
0x54,0x0,0x0,0x0,0x0,0x0,0x1,0x0,
0x54,0x0,0x0,0x0,0x0,0x0,0x0,0x0,
0x6c,0x0,0x0,0x0,0x8a,0x2,0x10,0x2,
0x0,0x0,0x0,0x0,0x6c,0x0,0x0,0x0,
0x0,0x0,0x0,0x0,0x6c,0x0,0x0,0x0,
0x0,0x0,0x0,0x0,0x74,0x0,0x0,0x0,
0x0,0x0,0x1,0x0,0x1,0x0,0x0,0x0,
0x0,0x0,0x0,0x0,0x8a,0x2,0x80,0x2,
0x8a,0x2,0x30,0x3,0x0,0x0,0x0,0x0,
0xd4,0x0,0x0,0x0,0x0,0x0,0x0,0x0,
0x0,0x0,0xff,0xff,0xff,0xff,0xff,0xff,
0x0,0x0,0x0,0x0,0x54,0x0,0x0,0x0,
0x54,0x0,0x0,0x0,0x54,0x0,0x0,0x0,
0x0,0x0,0x0,0x0,0x54,0x0,0x0,0x0,
0x54,0x0,0x0,0x0,0x0,0x0,0x4,0x0,
0x54,0x0,0x0,0x0,0x0,0x0,0x0,0x0,
0xb4,0x0,0x0,0x0,0x8b,0x2,0x10,0x2,
0x0,0x0,0x0,0x0,0xb4,0x0,0x0,0x0,
0x0,0x0,0x0,0x0,0xb4,0x0,0x0,0x0,
0x0,0x0,0x0,0x0,0xd9,0x0,0x0,0x0,
0x0,0x0,0x8,0x0,0xc0,0x0,0x0,0x0,
0x0,0x0,0x0,0x0,0x90,0x2,0x50,0x2,
0x90,0x2,0xf0,0x2,0xd5,0x0,0x0,0x0,
0x0,0x0,0x7,0x0,0x74,0x0,0x0,0x0,
0x0,0x0,0x0,0x0,0x8f,0x2,0x50,0x2,
0x8f,0x2,0xc0,0x2,0x9c,0x0,0x0,0x0,
0x0,0x0,0x1,0x0,0x1,0x0,0x0,0x0,
0x0,0x0,0x0,0x0,0x8e,0x2,0x50,0x2,
0x8e,0x2,0xb0,0x2,0x7d,0x0,0x0,0x0,
0x0,0x0,0x9,0x0,0xbf,0x0,0x0,0x0,
0x0,0x0,0x0,0x0,0x8c,0x2,0x50,0x2,
0x8c,0x2,0xc0,0x2,0x0,0x0,0x0,0x0,
0x0,0x0,0x0,0x0,0x0,0x0,0x0,0x0,
0x0,0x0,0xff,0xff,0xff,0xff,0xff,0xff,
0x0,0x0,0x0,0x0,0x54,0x0,0x0,0x0,
0x54,0x0,0x0,0x0,0x54,0x0,0x0,0x0,
0x0,0x0,0x0,0x0,0x54,0x0,0x0,0x0,
0x54,0x0,0x0,0x0,0x0,0x0,0x2,0x0,
0x54,0x0,0x0,0x0,0x0,0x0,0x0,0x0,
0x84,0x0,0x0,0x0,0x8c,0x2,0x50,0x2,
0x0,0x0,0x0,0x0,0x84,0x0,0x0,0x0,
0x0,0x0,0x0,0x0,0x84,0x0,0x0,0x0,
0x0,0x0,0x0,0x0,0xbb,0x0,0x0,0x0,
0x0,0x0,0x2,0x0,0x12,0x0,0x0,0x0,
0x0,0x0,0x0,0x0,0x8d,0x2,0xc0,0x2,
0x8d,0x2,0xd0,0x3,0x74,0x0,0x0,0x0,
0x0,0x0,0x1,0x0,0x1,0x0,0x0,0x0,
0x0,0x0,0x0,0x0,0x8c,0x2,0xc0,0x2,
0x8c,0x2,0x70,0x3,0x0,0x0,0x0,0x0,
0xd7,0x0,0x0,0x0,0x0,0x0,0x0,0x0,
0x0,0x0,0xff,0xff,0xff,0xff,0xff,0xff,
0x0,0x0,0x1,0x0,0x54,0x0,0x0,0x0,
0x54,0x0,0x0,0x0,0x60,0x0,0x0,0x0,
0x0,0x0,0x0,0x0,0x60,0x0,0x0,0x0,
0x60,0x0,0x0,0x0,0x0,0x0,0x2,0x0,
0x60,0x0,0x0,0x0,0x0,0x0,0x0,0x0,
0x90,0x0,0x0,0x0,0x90,0x2,0xf0,0x2,
0x0,0x0,0x0,0x0,0x90,0x0,0x0,0x0,
0x0,0x0,0x0,0x0,0x90,0x0,0x0,0x0,
0x0,0x0,0x0,0x0,0xd8,0x0,0x0,0x0,
0x1,0x0,0x0,0x30,0x91,0x2,0x90,0x2,
0x18,0x0,0x0,0x0,0x0,0x0,0x7,0x0,
0x76,0x0,0x0,0x0,0x0,0x0,0x0,0x0,
0x93,0x2,0x90,0x2,0x93,0x2,0xf0,0x2,
0x6,0x0,0x0,0x0,0x0,0x0,0x7,0x0,
0x75,0x0,0x0,0x0,0x0,0x0,0x0,0x0,
0x92,0x2,0x90,0x2,0x92,0x2,0x0,0x3,
0x9b,0x0,0x0,0x0,0x0,0x0,0x0,0x0,
0x0,0x0,0xff,0xff,0xff,0xff,0xff,0xff,
0x0,0x0,0x0,0x0,0x54,0x0,0x0,0x0,
0x54,0x0,0x0,0x0,0x54,0x0,0x0,0x0,
0x0,0x0,0x0,0x0,0x54,0x0,0x0,0x0,
0x54,0x0,0x0,0x0,0x0,0x0,0x2,0x0,
0x54,0x0,0x0,0x0,0x0,0x0,0x0,0x0,
0x84,0x0,0x0,0x0,0x9a,0x2,0x50,0x1,
0x0,0x0,0x0,0x0,0x84,0x0,0x0,0x0,
0x0,0x0,0x0,0x0,0x84,0x0,0x0,0x0,
0x0,0x0,0x0,0x0,0x9c,0x0,0x0,0x0,
0x0,0x0,0x1,0x0,0x1,0x0,0x0,0x0,
0x0,0x0,0x0,0x0,0x9b,0x2,0x90,0x1,
0x9b,0x2,0xf0,0x1,0x0,0x0,0x0,0x0,
0x0,0x0,0x8,0x0,0xc2,0x0,0x0,0x0,
0x0,0x0,0x0,0x0,0x9c,0x2,0x90,0x1,
0x9c,0x2,0x90,0x1,0x0,0x0,0x0,0x0,
0x78,0x0,0x0,0x0,0x0,0x0,0x0,0x0,
0x0,0x0,0xff,0xff,0xff,0xff,0xff,0xff,
0x0,0x0,0x0,0x0,0x54,0x0,0x0,0x0,
0x54,0x0,0x0,0x0,0x54,0x0,0x0,0x0,
0x0,0x0,0x0,0x0,0x54,0x0,0x0,0x0,
0x54,0x0,0x0,0x0,0x0,0x0,0x4,0x0,
0x54,0x0,0x0,0x0,0x0,0x0,0x0,0x0,
0xb4,0x0,0x0,0x0,0x9c,0x2,0x90,0x1,
0x0,0x0,0x0,0x0,0xb4,0x0,0x0,0x0,
0x0,0x0,0x0,0x0,0xb4,0x0,0x0,0x0,
0x0,0x0,0x0,0x0,0x7a,0x0,0x0,0x0,
0x0,0x0,0x2,0x0,0x4,0x0,0x0,0x0,
0x0,0x0,0x0,0x0,0x9e,0x2,0xd0,0x1,
0x9e,0x2,0x60,0x2,0x6,0x0,0x0,0x0,
0x0,0x0,0x7,0x0,0x77,0x0,0x0,0x0,
0x0,0x0,0x0,0x0,0x9d,0x2,0xd0,0x1,
0x9d,0x2,0x40,0x2,0x0,0x0,0x0,0x0,
0x0,0x0,0x8,0x0,0xc3,0x0,0x0,0x0,
0x0,0x0,0x0,0x0,0xa0,0x2,0xd0,0x1,
0xa0,0x2,0xd0,0x1,0x0,0x0,0x0,0x0,
0x0,0x0,0x8,0x0,0xe5,0x0,0x0,0x0,
0x0,0x0,0x0,0x0,0xf7,0x2,0xd0,0x1,
0xf7,0x2,0xd0,0x1,0x0,0x0,0x0,0x0,
0x7b,0x0,0x0,0x0,0x0,0x0,0x0,0x0,
0x0,0x0,0xff,0xff,0xff,0xff,0xff,0xff,
0x0,0x0,0x0,0x0,0x54,0x0,0x0,0x0,
0x54,0x0,0x0,0x0,0x54,0x0,0x0,0x0,
0x0,0x0,0x0,0x0,0x54,0x0,0x0,0x0,
0x54,0x0,0x0,0x0,0x0,0x0,0x3,0x0,
0x54,0x0,0x0,0x0,0x0,0x0,0x0,0x0,
0x9c,0x0,0x0,0x0,0xa0,0x2,0xd0,0x1,
0x0,0x0,0x0,0x0,0x9c,0x0,0x0,0x0,
0x0,0x0,0x0,0x0,0x9c,0x0,0x0,0x0,
0x0,0x0,0x0,0x0,0x9,0x0,0x0,0x0,
0x0,0x0,0x5,0x0,0x47,0x0,0x0,0x0,
0x0,0x0,0x0,0x0,0xa1,0x2,0x10,0x2,
0xa1,0x2,0x80,0x2,0x0,0x0,0x0,0x0,
0x0,0x0,0x8,0x0,0xc5,0x0,0x0,0x0,
0x0,0x0,0x0,0x0,0xa3,0x2,0x10,0x2,
0xa3,0x2,0x10,0x2,0x7d,0x0,0x0,0x0,
0x0,0x0,0x9,0x0,0xc4,0x0,0x0,0x0,
0x0,0x0,0x0,0x0,0xa2,0x2,0x10,0x2,
0xa2,0x2,0x80,0x2,0x0,0x0,0x0,0x0,
0x0,0x0,0x0,0x0,0x0,0x0,0x0,0x0,
0x0,0x0,0xff,0xff,0xff,0xff,0xff,0xff,
0x0,0x0,0x0,0x0,0x54,0x0,0x0,0x0,
0x54,0x0,0x0,0x0,0x54,0x0,0x0,0x0,
0x0,0x0,0x0,0x0,0x54,0x0,0x0,0x0,
0x54,0x0,0x0,0x0,0x0,0x0,0x1,0x0,
0x54,0x0,0x0,0x0,0x0,0x0,0x0,0x0,
0x6c,0x0,0x0,0x0,0xa2,0x2,0x10,0x2,
0x0,0x0,0x0,0x0,0x6c,0x0,0x0,0x0,
0x0,0x0,0x0,0x0,0x6c,0x0,0x0,0x0,
0x0,0x0,0x0,0x0,0x74,0x0,0x0,0x0,
0x0,0x0,0x1,0x0,0x1,0x0,0x0,0x0,
0x0,0x0,0x0,0x0,0xa2,0x2,0x80,0x2,
0xa2,0x2,0x30,0x3,0x0,0x0,0x0,0x0,
0x78,0x0,0x0,0x0,0x0,0x0,0x0,0x0,
0x0,0x0,0xff,0xff,0xff,0xff,0xff,0xff,
0x0,0x0,0x0,0x0,0x54,0x0,0x0,0x0,
0x54,0x0,0x0,0x0,0x54,0x0,0x0,0x0,
0x0,0x0,0x0,0x0,0x54,0x0,0x0,0x0,
0x54,0x0,0x0,0x0,0x0,0x0,0x8,0x0,
0x54,0x0,0x0,0x0,0x0,0x0,0x0,0x0,
0x14,0x1,0x0,0x0,0xa3,0x2,0x10,0x2,
0x0,0x0,0x0,0x0,0x14,0x1,0x0,0x0,
0x0,0x0,0x0,0x0,0x14,0x1,0x0,0x0,
0x0,0x0,0x0,0x0,0x7a,0x0,0x0,0x0,
0x0,0x0,0x2,0x0,0x5,0x0,0x0,0x0,
0x0,0x0,0x0,0x0,0xa6,0x2,0x50,0x2,
0xa6,0x2,0xe0,0x2,0x0,0x0,0x0,0x0,
0x0,0x0,0x8,0x0,0xc7,0x0,0x0,0x0,
0x0,0x0,0x0,0x0,0xa8,0x2,0x50,0x2,
0xa8,0x2,0x50,0x2,0x0,0x0,0x0,0x0,
0x0,0x0,0x8,0x0,0xd0,0x0,0x0,0x0,
0x0,0x0,0x0,0x0,0xb8,0x2,0x50,0x2,
0xb8,0x2,0x50,0x2,0x0,0x0,0x0,0x0,
0x0,0x0,0x8,0x0,0xd6,0x0,0x0,0x0,
0x0,0x0,0x0,0x0,0xce,0x2,0x50,0x2,
0xce,0x2,0x50,0x2,0x0,0x0,0x0,0x0,
0x0,0x0,0x8,0x0,0xdc,0x0,0x0,0x0,
0x0,0x0,0x0,0x0,0xe4,0x2,0x50,0x2,
0xe4,0x2,0x50,0x2,0x0,0x0,0x0,0x0,
0x0,0x0,0x8,0x0,0xe3,0x0,0x0,0x0,
0x0,0x0,0x0,0x0,0xf2,0x2,0x50,0x2,
0xf2,0x2,0x50,0x2,0x0,0x0,0x0,0x0,
0x0,0x0,0x8,0x0,0xe4,0x0,0x0,0x0,
0x0,0x0,0x0,0x0,0xf3,0x2,0x50,0x2,
0xf3,0x2,0x50,0x2,0x6e,0x0,0x0,0x0,
0x0,0x0,0xa,0x0,0xc6,0x0,0x0,0x0,
0x0,0x0,0x0,0x0,0xa4,0x2,0x50,0x2,
0xa4,0x2,0xd0,0x2,0x0,0x0,0x0,0x0,
0x0,0x0,0x0,0x0,0x0,0x0,0x0,0x0,
0x0,0x0,0xff,0xff,0xff,0xff,0xff,0xff,
0x0,0x0,0x0,0x0,0x54,0x0,0x0,0x0,
0x54,0x0,0x0,0x0,0x54,0x0,0x0,0x0,
0x0,0x0,0x0,0x0,0x54,0x0,0x0,0x0,
0x54,0x0,0x0,0x0,0x0,0x0,0x2,0x0,
0x54,0x0,0x0,0x0,0x0,0x0,0x0,0x0,
0x84,0x0,0x0,0x0,0xa4,0x2,0x50,0x2,
0x0,0x0,0x0,0x0,0x84,0x0,0x0,0x0,
0x0,0x0,0x0,0x0,0x84,0x0,0x0,0x0,
0x0,0x0,0x0,0x0,0x79,0x0,0x0,0x0,
0x0,0x0,0x2,0x0,0x5,0x0,0x0,0x0,
0x0,0x0,0x0,0x0,0xa5,0x2,0xd0,0x2,
0xa5,0x2,0x60,0x3,0x6f,0x0,0x0,0x0,
0x0,0x0,0x7,0x0,0x78,0x0,0x0,0x0,
0x0,0x0,0x0,0x0,0xa4,0x2,0xd0,0x2,
0xa4,0x2,0x30,0x3,0x0,0x0,0x0,0x0,
0x9f,0x0,0x0,0x0,0x0,0x0,0x0,0x0,
0x0,0x0,0xff,0xff,0xff,0xff,0xff,0xff,
0x0,0x0,0x0,0x0,0x54,0x0,0x0,0x0,
0x54,0x0,0x0,0x0,0x54,0x0,0x0,0x0,
0x0,0x0,0x0,0x0,0x54,0x0,0x0,0x0,
0x54,0x0,0x0,0x0,0x0,0x0,0x6,0x0,
0x54,0x0,0x0,0x0,0x0,0x0,0x0,0x0,
0xe4,0x0,0x0,0x0,0xa8,0x2,0x50,0x2,
0x0,0x0,0x0,0x0,0xe4,0x0,0x0,0x0,
0x0,0x0,0x0,0x0,0xe4,0x0,0x0,0x0,
0x0,0x0,0x0,0x0,0x0,0x0,0x0,0x0,
0x0,0x0,0x8,0x0,0xc8,0x0,0x0,0x0,
0x0,0x0,0x0,0x0,0xa9,0x2,0x90,0x2,
0xa9,0x2,0x90,0x2,0x0,0x0,0x0,0x0,
0x0,0x0,0x8,0x0,0xc9,0x0,0x0,0x0,
0x0,0x0,0x0,0x0,0xaa,0x2,0x90,0x2,
0xaa,0x2,0x90,0x2,0x0,0x0,0x0,0x0,
0x0,0x0,0x8,0x0,0xcb,0x0,0x0,0x0,
0x0,0x0,0x0,0x0,0xab,0x2,0x90,0x2,
0xab,0x2,0x90,0x2,0x0,0x0,0x0,0x0,
0x0,0x0,0x8,0x0,0xcc,0x0,0x0,0x0,
0x0,0x0,0x0,0x0,0xac,0x2,0x90,0x2,
0xac,0x2,0x90,0x2,0x0,0x0,0x0,0x0,
0x0,0x0,0x8,0x0,0xce,0x0,0x0,0x0,
0x0,0x0,0x0,0x0,0xad,0x2,0x90,0x2,
0xad,0x2,0x90,0x2,0x0,0x0,0x0,0x0,
0x0,0x0,0x8,0x0,0xcf,0x0,0x0,0x0,
0x0,0x0,0x0,0x0,0xb5,0x2,0x90,0x2,
0xb5,0x2,0x90,0x2,0x0,0x0,0x0,0x0,
0x82,0x0,0x0,0x0,0x0,0x0,0x0,0x0,
0x0,0x0,0xff,0xff,0xff,0xff,0xff,0xff,
0x0,0x0,0x0,0x0,0x54,0x0,0x0,0x0,
0x54,0x0,0x0,0x0,0x54,0x0,0x0,0x0,
0x0,0x0,0x0,0x0,0x54,0x0,0x0,0x0,
0x54,0x0,0x0,0x0,0x0,0x0,0x1,0x0,
0x54,0x0,0x0,0x0,0x0,0x0,0x0,0x0,
0x6c,0x0,0x0,0x0,0xa9,0x2,0x90,0x2,
0x0,0x0,0x0,0x0,0x6c,0x0,0x0,0x0,
0x0,0x0,0x0,0x0,0x6c,0x0,0x0,0x0,
0x0,0x0,0x0,0x0,0x18,0x0,0x0,0x0,
0x0,0x0,0x5,0x0,0x48,0x0,0x0,0x0,
0x0,0x0,0x0,0x0,0xa9,0x2,0x10,0x3,
0xa9,0x2,0x70,0x3,0x0,0x0,0x0,0x0,
0xae,0x0,0x0,0x0,0xfc,0x0,0x0,0x0,
0x0,0x0,0xff,0xff,0xff,0xff,0xff,0xff,
0x0,0x0,0x0,0x0,0x54,0x0,0x0,0x0,
0x54,0x0,0x0,0x0,0x54,0x0,0x0,0x0,
0x0,0x0,0x0,0x0,0x54,0x0,0x0,0x0,
0x54,0x0,0x0,0x0,0x0,0x0,0x1,0x0,
0x54,0x0,0x0,0x0,0x0,0x0,0x0,0x0,
0x6c,0x0,0x0,0x0,0xaa,0x2,0x90,0x2,
0xaa,0x2,0x50,0x3,0x6c,0x0,0x0,0x0,
0x0,0x0,0x0,0x0,0x6c,0x0,0x0,0x0,
0x0,0x0,0x0,0x0,0x7d,0x0,0x0,0x0,
0x0,0x0,0x9,0x0,0xca,0x0,0x0,0x0,
0x0,0x0,0x0,0x0,0xaa,0x2,0x40,0x4,
0xaa,0x2,0xb0,0x4,0x0,0x0,0x0,0x0,
0x0,0x0,0x0,0x0,0x0,0x0,0x0,0x0,
0x0,0x0,0xff,0xff,0xff,0xff,0xff,0xff,
0x0,0x0,0x0,0x0,0x54,0x0,0x0,0x0,
0x54,0x0,0x0,0x0,0x54,0x0,0x0,0x0,
0x0,0x0,0x0,0x0,0x54,0x0,0x0,0x0,
0x54,0x0,0x0,0x0,0x0,0x0,0x1,0x0,
0x54,0x0,0x0,0x0,0x0,0x0,0x0,0x0,
0x6c,0x0,0x0,0x0,0xaa,0x2,0x40,0x4,
0x0,0x0,0x0,0x0,0x6c,0x0,0x0,0x0,
0x0,0x0,0x0,0x0,0x6c,0x0,0x0,0x0,
0x0,0x0,0x0,0x0,0x74,0x0,0x0,0x0,
0x0,0x0,0x1,0x0,0x1,0x0,0x0,0x0,
0x0,0x0,0x0,0x0,0xaa,0x2,0xb0,0x4,
0xaa,0x2,0x60,0x5,0x0,0x0,0x0,0x0,
0x82,0x0,0x0,0x0,0x0,0x0,0x0,0x0,
0x0,0x0,0xff,0xff,0xff,0xff,0xff,0xff,
0x0,0x0,0x0,0x0,0x54,0x0,0x0,0x0,
0x54,0x0,0x0,0x0,0x54,0x0,0x0,0x0,
0x0,0x0,0x0,0x0,0x54,0x0,0x0,0x0,
0x54,0x0,0x0,0x0,0x0,0x0,0x1,0x0,
0x54,0x0,0x0,0x0,0x0,0x0,0x0,0x0,
0x6c,0x0,0x0,0x0,0xab,0x2,0x90,0x2,
0x0,0x0,0x0,0x0,0x6c,0x0,0x0,0x0,
0x0,0x0,0x0,0x0,0x6c,0x0,0x0,0x0,
0x0,0x0,0x0,0x0,0x18,0x0,0x0,0x0,
0x0,0x0,0x5,0x0,0x49,0x0,0x0,0x0,
0x0,0x0,0x0,0x0,0xab,0x2,0x10,0x3,
0xab,0x2,0x70,0x3,0x0,0x0,0x0,0x0,
0xae,0x0,0x0,0x0,0xfe,0x0,0x0,0x0,
0x0,0x0,0xff,0xff,0xff,0xff,0xff,0xff,
0x0,0x0,0x0,0x0,0x54,0x0,0x0,0x0,
0x54,0x0,0x0,0x0,0x54,0x0,0x0,0x0,
0x0,0x0,0x0,0x0,0x54,0x0,0x0,0x0,
0x54,0x0,0x0,0x0,0x0,0x0,0x2,0x0,
0x54,0x0,0x0,0x0,0x0,0x0,0x0,0x0,
0x84,0x0,0x0,0x0,0xac,0x2,0x90,0x2,
0xac,0x2,0x50,0x3,0x84,0x0,0x0,0x0,
0x0,0x0,0x0,0x0,0x84,0x0,0x0,0x0,
0x0,0x0,0x0,0x0,0xff,0x0,0x0,0x0,
0x0,0x0,0x7,0x0,0x79,0x0,0x0,0x0,
0x0,0x0,0x0,0x0,0xac,0x2,0xd0,0x5,
0xac,0x2,0x70,0x6,0x7d,0x0,0x0,0x0,
0x0,0x0,0x9,0x0,0xcd,0x0,0x0,0x0,
0x0,0x0,0x0,0x0,0xac,0x2,0x50,0x4,
0xac,0x2,0xc0,0x4,0x0,0x0,0x0,0x0,
0x0,0x0,0x0,0x0,0x0,0x0,0x0,0x0,
0x0,0x0,0xff,0xff,0xff,0xff,0xff,0xff,
0x0,0x0,0x0,0x0,0x54,0x0,0x0,0x0,
0x54,0x0,0x0,0x0,0x54,0x0,0x0,0x0,
0x0,0x0,0x0,0x0,0x54,0x0,0x0,0x0,
0x54,0x0,0x0,0x0,0x0,0x0,0x1,0x0,
0x54,0x0,0x0,0x0,0x0,0x0,0x0,0x0,
0x6c,0x0,0x0,0x0,0xac,0x2,0x50,0x4,
0x0,0x0,0x0,0x0,0x6c,0x0,0x0,0x0,
0x0,0x0,0x0,0x0,0x6c,0x0,0x0,0x0,
0x0,0x0,0x0,0x0,0x74,0x0,0x0,0x0,
0x0,0x0,0x1,0x0,0x1,0x0,0x0,0x0,
0x0,0x0,0x0,0x0,0xac,0x2,0xc0,0x4,
0xac,0x2,0x70,0x5,0x0,0x0,0x0,0x0,
0xa0,0x0,0x0,0x0,0x0,0x0,0x0,0x0,
0x0,0x0,0xff,0xff,0xff,0xff,0xff,0xff,
0x0,0x0,0x0,0x0,0x54,0x0,0x0,0x0,
0x54,0x0,0x0,0x0,0x54,0x0,0x0,0x0,
0x0,0x0,0x0,0x0,0x54,0x0,0x0,0x0,
0x54,0x0,0x0,0x0,0x0,0x0,0x2,0x0,
0x54,0x0,0x0,0x0,0x0,0x0,0x0,0x0,
0x84,0x0,0x0,0x0,0xad,0x2,0x90,0x2,
0x0,0x0,0x0,0x0,0x84,0x0,0x0,0x0,
0x0,0x0,0x0,0x0,0x84,0x0,0x0,0x0,
0x0,0x0,0x0,0x0,0xa2,0x0,0x0,0x0,
0x0,0x0,0x7,0x0,0x7a,0x0,0x0,0x0,
0x0,0x0,0x0,0x0,0xaf,0x2,0xd0,0x2,
0xaf,0x2,0x80,0x3,0x18,0x0,0x0,0x0,
0x0,0x0,0x5,0x0,0x4a,0x0,0x0,0x0,
0x0,0x0,0x0,0x0,0xae,0x2,0xd0,0x2,
0xae,0x2,0x30,0x3,0x0,0x0,0x0,0x0,
0x82,0x0,0x0,0x0,0x0,0x0,0x0,0x0,
0x0,0x0,0xff,0xff,0xff,0xff,0xff,0xff,
0x0,0x0,0x0,0x0,0x54,0x0,0x0,0x0,
0x54,0x0,0x0,0x0,0x54,0x0,0x0,0x0,
0x0,0x0,0x0,0x0,0x54,0x0,0x0,0x0,
0x54,0x0,0x0,0x0,0x0,0x0,0x1,0x0,
0x54,0x0,0x0,0x0,0x0,0x0,0x0,0x0,
0x6c,0x0,0x0,0x0,0xb5,0x2,0x90,0x2,
0x0,0x0,0x0,0x0,0x6c,0x0,0x0,0x0,
0x0,0x0,0x0,0x0,0x6c,0x0,0x0,0x0,
0x0,0x0,0x0,0x0,0x18,0x0,0x0,0x0,
0x0,0x0,0x7,0x0,0x7b,0x0,0x0,0x0,
0x0,0x0,0x0,0x0,0xb5,0x2,0x10,0x3,
0xb5,0x2,0x70,0x3,0x0,0x0,0x0,0x0,
0x9f,0x0,0x0,0x0,0x0,0x0,0x0,0x0,
0x0,0x0,0xff,0xff,0xff,0xff,0xff,0xff,
0x0,0x0,0x0,0x0,0x54,0x0,0x0,0x0,
0x54,0x0,0x0,0x0,0x54,0x0,0x0,0x0,
0x0,0x0,0x0,0x0,0x54,0x0,0x0,0x0,
0x54,0x0,0x0,0x0,0x0,0x0,0x4,0x0,
0x54,0x0,0x0,0x0,0x0,0x0,0x0,0x0,
0xb4,0x0,0x0,0x0,0xb8,0x2,0x50,0x2,
0x0,0x0,0x0,0x0,0xb4,0x0,0x0,0x0,
0x0,0x0,0x0,0x0,0xb4,0x0,0x0,0x0,
0x0,0x0,0x0,0x0,0x0,0x0,0x0,0x0,
0x0,0x0,0x8,0x0,0xd1,0x0,0x0,0x0,
0x0,0x0,0x0,0x0,0xb9,0x2,0x90,0x2,
0xb9,0x2,0x90,0x2,0x0,0x0,0x0,0x0,
0x0,0x0,0x8,0x0,0xd2,0x0,0x0,0x0,
0x0,0x0,0x0,0x0,0xba,0x2,0x90,0x2,
0xba,0x2,0x90,0x2,0x0,0x0,0x0,0x0,
0x0,0x0,0x8,0x0,0xd4,0x0,0x0,0x0,
0x0,0x0,0x0,0x0,0xbb,0x2,0x90,0x2,
0xbb,0x2,0x90,0x2,0x0,0x0,0x0,0x0,
0x0,0x0,0x8,0x0,0xd5,0x0,0x0,0x0,
0x0,0x0,0x0,0x0,0xc4,0x2,0x90,0x2,
0xc4,0x2,0x90,0x2,0x0,0x0,0x0,0x0,
0x82,0x0,0x0,0x0,0x0,0x0,0x0,0x0,
0x0,0x0,0xff,0xff,0xff,0xff,0xff,0xff,
0x0,0x0,0x0,0x0,0x54,0x0,0x0,0x0,
0x54,0x0,0x0,0x0,0x54,0x0,0x0,0x0,
0x0,0x0,0x0,0x0,0x54,0x0,0x0,0x0,
0x54,0x0,0x0,0x0,0x0,0x0,0x1,0x0,
0x54,0x0,0x0,0x0,0x0,0x0,0x0,0x0,
0x6c,0x0,0x0,0x0,0xb9,0x2,0x90,0x2,
0x0,0x0,0x0,0x0,0x6c,0x0,0x0,0x0,
0x0,0x0,0x0,0x0,0x6c,0x0,0x0,0x0,
0x0,0x0,0x0,0x0,0x18,0x0,0x0,0x0,
0x0,0x0,0x5,0x0,0x4b,0x0,0x0,0x0,
0x0,0x0,0x0,0x0,0xb9,0x2,0x10,0x3,
0xb9,0x2,0x70,0x3,0x0,0x0,0x0,0x0,
0xae,0x0,0x0,0x0,0x3,0x1,0x0,0x0,
0x0,0x0,0xff,0xff,0xff,0xff,0xff,0xff,
0x0,0x0,0x0,0x0,0x54,0x0,0x0,0x0,
0x54,0x0,0x0,0x0,0x54,0x0,0x0,0x0,
0x0,0x0,0x0,0x0,0x54,0x0,0x0,0x0,
0x54,0x0,0x0,0x0,0x0,0x0,0x1,0x0,
0x54,0x0,0x0,0x0,0x0,0x0,0x0,0x0,
0x6c,0x0,0x0,0x0,0xba,0x2,0x90,0x2,
0xba,0x2,0x50,0x3,0x6c,0x0,0x0,0x0,
0x0,0x0,0x0,0x0,0x6c,0x0,0x0,0x0,
0x0,0x0,0x0,0x0,0x7d,0x0,0x0,0x0,
0x0,0x0,0x9,0x0,0xd3,0x0,0x0,0x0,
0x0,0x0,0x0,0x0,0xba,0x2,0x50,0x4,
0xba,0x2,0xc0,0x4,0x0,0x0,0x0,0x0,
0x0,0x0,0x0,0x0,0x0,0x0,0x0,0x0,
0x0,0x0,0xff,0xff,0xff,0xff,0xff,0xff,
0x0,0x0,0x0,0x0,0x54,0x0,0x0,0x0,
0x54,0x0,0x0,0x0,0x54,0x0,0x0,0x0,
0x0,0x0,0x0,0x0,0x54,0x0,0x0,0x0,
0x54,0x0,0x0,0x0,0x0,0x0,0x1,0x0,
0x54,0x0,0x0,0x0,0x0,0x0,0x0,0x0,
0x6c,0x0,0x0,0x0,0xba,0x2,0x50,0x4,
0x0,0x0,0x0,0x0,0x6c,0x0,0x0,0x0,
0x0,0x0,0x0,0x0,0x6c,0x0,0x0,0x0,
0x0,0x0,0x0,0x0,0x74,0x0,0x0,0x0,
0x0,0x0,0x1,0x0,0x1,0x0,0x0,0x0,
0x0,0x0,0x0,0x0,0xba,0x2,0xc0,0x4,
0xba,0x2,0x70,0x5,0x0,0x0,0x0,0x0,
0xa0,0x0,0x0,0x0,0x0,0x0,0x0,0x0,
0x0,0x0,0xff,0xff,0xff,0xff,0xff,0xff,
0x0,0x0,0x0,0x0,0x54,0x0,0x0,0x0,
0x54,0x0,0x0,0x0,0x54,0x0,0x0,0x0,
0x0,0x0,0x0,0x0,0x54,0x0,0x0,0x0,
0x54,0x0,0x0,0x0,0x0,0x0,0x2,0x0,
0x54,0x0,0x0,0x0,0x0,0x0,0x0,0x0,
0x84,0x0,0x0,0x0,0xbb,0x2,0x90,0x2,
0x0,0x0,0x0,0x0,0x84,0x0,0x0,0x0,
0x0,0x0,0x0,0x0,0x84,0x0,0x0,0x0,
0x0,0x0,0x0,0x0,0xa2,0x0,0x0,0x0,
0x0,0x0,0x7,0x0,0x7c,0x0,0x0,0x0,
0x0,0x0,0x0,0x0,0xbd,0x2,0xd0,0x2,
0xbd,0x2,0x80,0x3,0x18,0x0,0x0,0x0,
0x0,0x0,0x5,0x0,0x4c,0x0,0x0,0x0,
0x0,0x0,0x0,0x0,0xbc,0x2,0xd0,0x2,
0xbc,0x2,0x30,0x3,0x0,0x0,0x0,0x0,
0xa0,0x0,0x0,0x0,0x0,0x0,0x0,0x0,
0x0,0x0,0xff,0xff,0xff,0xff,0xff,0xff,
0x0,0x0,0x0,0x0,0x54,0x0,0x0,0x0,
0x54,0x0,0x0,0x0,0x54,0x0,0x0,0x0,
0x0,0x0,0x0,0x0,0x54,0x0,0x0,0x0,
0x54,0x0,0x0,0x0,0x0,0x0,0x2,0x0,
0x54,0x0,0x0,0x0,0x0,0x0,0x0,0x0,
0x84,0x0,0x0,0x0,0xc4,0x2,0x90,0x2,
0x0,0x0,0x0,0x0,0x84,0x0,0x0,0x0,
0x0,0x0,0x0,0x0,0x84,0x0,0x0,0x0,
0x0,0x0,0x0,0x0,0xa2,0x0,0x0,0x0,
0x0,0x0,0x7,0x0,0x7d,0x0,0x0,0x0,
0x0,0x0,0x0,0x0,0xc6,0x2,0xd0,0x2,
0xc6,0x2,0x80,0x3,0x18,0x0,0x0,0x0,
0x0,0x0,0x5,0x0,0x4d,0x0,0x0,0x0,
0x0,0x0,0x0,0x0,0xc5,0x2,0xd0,0x2,
0xc5,0x2,0x30,0x3,0x0,0x0,0x0,0x0,
0x9f,0x0,0x0,0x0,0x0,0x0,0x0,0x0,
0x0,0x0,0xff,0xff,0xff,0xff,0xff,0xff,
0x0,0x0,0x0,0x0,0x54,0x0,0x0,0x0,
0x54,0x0,0x0,0x0,0x54,0x0,0x0,0x0,
0x0,0x0,0x0,0x0,0x54,0x0,0x0,0x0,
0x54,0x0,0x0,0x0,0x0,0x0,0x4,0x0,
0x54,0x0,0x0,0x0,0x0,0x0,0x0,0x0,
0xb4,0x0,0x0,0x0,0xce,0x2,0x50,0x2,
0x0,0x0,0x0,0x0,0xb4,0x0,0x0,0x0,
0x0,0x0,0x0,0x0,0xb4,0x0,0x0,0x0,
0x0,0x0,0x0,0x0,0x0,0x0,0x0,0x0,
0x0,0x0,0x8,0x0,0xd7,0x0,0x0,0x0,
0x0,0x0,0x0,0x0,0xcf,0x2,0x90,0x2,
0xcf,0x2,0x90,0x2,0x0,0x0,0x0,0x0,
0x0,0x0,0x8,0x0,0xd8,0x0,0x0,0x0,
0x0,0x0,0x0,0x0,0xd0,0x2,0x90,0x2,
0xd0,0x2,0x90,0x2,0x0,0x0,0x0,0x0,
0x0,0x0,0x8,0x0,0xda,0x0,0x0,0x0,
0x0,0x0,0x0,0x0,0xd1,0x2,0x90,0x2,
0xd1,0x2,0x90,0x2,0x0,0x0,0x0,0x0,
0x0,0x0,0x8,0x0,0xdb,0x0,0x0,0x0,
0x0,0x0,0x0,0x0,0xda,0x2,0x90,0x2,
0xda,0x2,0x90,0x2,0x0,0x0,0x0,0x0,
0x82,0x0,0x0,0x0,0x0,0x0,0x0,0x0,
0x0,0x0,0xff,0xff,0xff,0xff,0xff,0xff,
0x0,0x0,0x0,0x0,0x54,0x0,0x0,0x0,
0x54,0x0,0x0,0x0,0x54,0x0,0x0,0x0,
0x0,0x0,0x0,0x0,0x54,0x0,0x0,0x0,
0x54,0x0,0x0,0x0,0x0,0x0,0x1,0x0,
0x54,0x0,0x0,0x0,0x0,0x0,0x0,0x0,
0x6c,0x0,0x0,0x0,0xcf,0x2,0x90,0x2,
0x0,0x0,0x0,0x0,0x6c,0x0,0x0,0x0,
0x0,0x0,0x0,0x0,0x6c,0x0,0x0,0x0,
0x0,0x0,0x0,0x0,0x18,0x0,0x0,0x0,
0x0,0x0,0x5,0x0,0x4e,0x0,0x0,0x0,
0x0,0x0,0x0,0x0,0xcf,0x2,0x10,0x3,
0xcf,0x2,0x70,0x3,0x0,0x0,0x0,0x0,
0xae,0x0,0x0,0x0,0x7,0x1,0x0,0x0,
0x0,0x0,0xff,0xff,0xff,0xff,0xff,0xff,
0x0,0x0,0x0,0x0,0x54,0x0,0x0,0x0,
0x54,0x0,0x0,0x0,0x54,0x0,0x0,0x0,
0x0,0x0,0x0,0x0,0x54,0x0,0x0,0x0,
0x54,0x0,0x0,0x0,0x0,0x0,0x1,0x0,
0x54,0x0,0x0,0x0,0x0,0x0,0x0,0x0,
0x6c,0x0,0x0,0x0,0xd0,0x2,0x90,0x2,
0xd0,0x2,0x50,0x3,0x6c,0x0,0x0,0x0,
0x0,0x0,0x0,0x0,0x6c,0x0,0x0,0x0,
0x0,0x0,0x0,0x0,0x7d,0x0,0x0,0x0,
0x0,0x0,0x9,0x0,0xd9,0x0,0x0,0x0,
0x0,0x0,0x0,0x0,0xd0,0x2,0x50,0x4,
0xd0,0x2,0xc0,0x4,0x0,0x0,0x0,0x0,
0x0,0x0,0x0,0x0,0x0,0x0,0x0,0x0,
0x0,0x0,0xff,0xff,0xff,0xff,0xff,0xff,
0x0,0x0,0x0,0x0,0x54,0x0,0x0,0x0,
0x54,0x0,0x0,0x0,0x54,0x0,0x0,0x0,
0x0,0x0,0x0,0x0,0x54,0x0,0x0,0x0,
0x54,0x0,0x0,0x0,0x0,0x0,0x1,0x0,
0x54,0x0,0x0,0x0,0x0,0x0,0x0,0x0,
0x6c,0x0,0x0,0x0,0xd0,0x2,0x50,0x4,
0x0,0x0,0x0,0x0,0x6c,0x0,0x0,0x0,
0x0,0x0,0x0,0x0,0x6c,0x0,0x0,0x0,
0x0,0x0,0x0,0x0,0x74,0x0,0x0,0x0,
0x0,0x0,0x1,0x0,0x1,0x0,0x0,0x0,
0x0,0x0,0x0,0x0,0xd0,0x2,0xc0,0x4,
0xd0,0x2,0x70,0x5,0x0,0x0,0x0,0x0,
0xa0,0x0,0x0,0x0,0x0,0x0,0x0,0x0,
0x0,0x0,0xff,0xff,0xff,0xff,0xff,0xff,
0x0,0x0,0x0,0x0,0x54,0x0,0x0,0x0,
0x54,0x0,0x0,0x0,0x54,0x0,0x0,0x0,
0x0,0x0,0x0,0x0,0x54,0x0,0x0,0x0,
0x54,0x0,0x0,0x0,0x0,0x0,0x2,0x0,
0x54,0x0,0x0,0x0,0x0,0x0,0x0,0x0,
0x84,0x0,0x0,0x0,0xd1,0x2,0x90,0x2,
0x0,0x0,0x0,0x0,0x84,0x0,0x0,0x0,
0x0,0x0,0x0,0x0,0x84,0x0,0x0,0x0,
0x0,0x0,0x0,0x0,0xa2,0x0,0x0,0x0,
0x0,0x0,0x7,0x0,0x7e,0x0,0x0,0x0,
0x0,0x0,0x0,0x0,0xd3,0x2,0xd0,0x2,
0xd3,0x2,0x80,0x3,0x18,0x0,0x0,0x0,
0x0,0x0,0x5,0x0,0x4f,0x0,0x0,0x0,
0x0,0x0,0x0,0x0,0xd2,0x2,0xd0,0x2,
0xd2,0x2,0x30,0x3,0x0,0x0,0x0,0x0,
0xa0,0x0,0x0,0x0,0x0,0x0,0x0,0x0,
0x0,0x0,0xff,0xff,0xff,0xff,0xff,0xff,
0x0,0x0,0x0,0x0,0x54,0x0,0x0,0x0,
0x54,0x0,0x0,0x0,0x54,0x0,0x0,0x0,
0x0,0x0,0x0,0x0,0x54,0x0,0x0,0x0,
0x54,0x0,0x0,0x0,0x0,0x0,0x2,0x0,
0x54,0x0,0x0,0x0,0x0,0x0,0x0,0x0,
0x84,0x0,0x0,0x0,0xda,0x2,0x90,0x2,
0x0,0x0,0x0,0x0,0x84,0x0,0x0,0x0,
0x0,0x0,0x0,0x0,0x84,0x0,0x0,0x0,
0x0,0x0,0x0,0x0,0xa2,0x0,0x0,0x0,
0x0,0x0,0x7,0x0,0x7f,0x0,0x0,0x0,
0x0,0x0,0x0,0x0,0xdc,0x2,0xd0,0x2,
0xdc,0x2,0x80,0x3,0x18,0x0,0x0,0x0,
0x0,0x0,0x5,0x0,0x50,0x0,0x0,0x0,
0x0,0x0,0x0,0x0,0xdb,0x2,0xd0,0x2,
0xdb,0x2,0x30,0x3,0x0,0x0,0x0,0x0,
0x9f,0x0,0x0,0x0,0x0,0x0,0x0,0x0,
0x0,0x0,0xff,0xff,0xff,0xff,0xff,0xff,
0x0,0x0,0x0,0x0,0x54,0x0,0x0,0x0,
0x54,0x0,0x0,0x0,0x54,0x0,0x0,0x0,
0x0,0x0,0x0,0x0,0x54,0x0,0x0,0x0,
0x54,0x0,0x0,0x0,0x0,0x0,0x5,0x0,
0x54,0x0,0x0,0x0,0x0,0x0,0x0,0x0,
0xcc,0x0,0x0,0x0,0xe4,0x2,0x50,0x2,
0x0,0x0,0x0,0x0,0xcc,0x0,0x0,0x0,
0x0,0x0,0x0,0x0,0xcc,0x0,0x0,0x0,
0x0,0x0,0x0,0x0,0x0,0x0,0x0,0x0,
0x0,0x0,0x8,0x0,0xdd,0x0,0x0,0x0,
0x0,0x0,0x0,0x0,0xe5,0x2,0x90,0x2,
0xe5,0x2,0x90,0x2,0x0,0x0,0x0,0x0,
0x0,0x0,0x8,0x0,0xde,0x0,0x0,0x0,
0x0,0x0,0x0,0x0,0xec,0x2,0x90,0x2,
0xec,0x2,0x90,0x2,0x0,0x0,0x0,0x0,
0x0,0x0,0x8,0x0,0xdf,0x0,0x0,0x0,
0x0,0x0,0x0,0x0,0xed,0x2,0x90,0x2,
0xed,0x2,0x90,0x2,0x0,0x0,0x0,0x0,
0x0,0x0,0x8,0x0,0xe0,0x0,0x0,0x0,
0x0,0x0,0x0,0x0,0xee,0x2,0x90,0x2,
0xee,0x2,0x90,0x2,0x0,0x0,0x0,0x0,
0x0,0x0,0x8,0x0,0xe1,0x0,0x0,0x0,
0x0,0x0,0x0,0x0,0xef,0x2,0x90,0x2,
0xef,0x2,0x90,0x2,0x0,0x0,0x0,0x0,
0xa0,0x0,0x0,0x0,0x0,0x0,0x0,0x0,
0x0,0x0,0xff,0xff,0xff,0xff,0xff,0xff,
0x0,0x0,0x0,0x0,0x54,0x0,0x0,0x0,
0x54,0x0,0x0,0x0,0x54,0x0,0x0,0x0,
0x0,0x0,0x0,0x0,0x54,0x0,0x0,0x0,
0x54,0x0,0x0,0x0,0x0,0x0,0x2,0x0,
0x54,0x0,0x0,0x0,0x0,0x0,0x0,0x0,
0x84,0x0,0x0,0x0,0xe5,0x2,0x90,0x2,
0x0,0x0,0x0,0x0,0x84,0x0,0x0,0x0,
0x0,0x0,0x0,0x0,0x84,0x0,0x0,0x0,
0x0,0x0,0x0,0x0,0xa2,0x0,0x0,0x0,
0x0,0x0,0x7,0x0,0x80,0x0,0x0,0x0,
0x0,0x0,0x0,0x0,0xe7,0x2,0xd0,0x2,
0xe7,0x2,0x80,0x3,0x18,0x0,0x0,0x0,
0x0,0x0,0x5,0x0,0x51,0x0,0x0,0x0,
0x0,0x0,0x0,0x0,0xe6,0x2,0xd0,0x2,
0xe6,0x2,0x30,0x3,0x0,0x0,0x0,0x0,
0x82,0x0,0x0,0x0,0x0,0x0,0x0,0x0,
0x0,0x0,0xff,0xff,0xff,0xff,0xff,0xff,
0x0,0x0,0x0,0x0,0x54,0x0,0x0,0x0,
0x54,0x0,0x0,0x0,0x54,0x0,0x0,0x0,
0x0,0x0,0x0,0x0,0x54,0x0,0x0,0x0,
0x54,0x0,0x0,0x0,0x0,0x0,0x1,0x0,
0x54,0x0,0x0,0x0,0x0,0x0,0x0,0x0,
0x6c,0x0,0x0,0x0,0xec,0x2,0x90,0x2,
0x0,0x0,0x0,0x0,0x6c,0x0,0x0,0x0,
0x0,0x0,0x0,0x0,0x6c,0x0,0x0,0x0,
0x0,0x0,0x0,0x0,0x18,0x0,0x0,0x0,
0x0,0x0,0x7,0x0,0x81,0x0,0x0,0x0,
0x0,0x0,0x0,0x0,0xec,0x2,0x10,0x3,
0xec,0x2,0x70,0x3,0x0,0x0,0x0,0x0,
0x82,0x0,0x0,0x0,0x0,0x0,0x0,0x0,
0x0,0x0,0xff,0xff,0xff,0xff,0xff,0xff,
0x0,0x0,0x0,0x0,0x54,0x0,0x0,0x0,
0x54,0x0,0x0,0x0,0x54,0x0,0x0,0x0,
0x0,0x0,0x0,0x0,0x54,0x0,0x0,0x0,
0x54,0x0,0x0,0x0,0x0,0x0,0x1,0x0,
0x54,0x0,0x0,0x0,0x0,0x0,0x0,0x0,
0x6c,0x0,0x0,0x0,0xed,0x2,0x90,0x2,
0x0,0x0,0x0,0x0,0x6c,0x0,0x0,0x0,
0x0,0x0,0x0,0x0,0x6c,0x0,0x0,0x0,
0x0,0x0,0x0,0x0,0x18,0x0,0x0,0x0,
0x0,0x0,0x7,0x0,0x82,0x0,0x0,0x0,
0x0,0x0,0x0,0x0,0xed,0x2,0x10,0x3,
0xed,0x2,0x70,0x3,0x0,0x0,0x0,0x0,
0x82,0x0,0x0,0x0,0x0,0x0,0x0,0x0,
0x0,0x0,0xff,0xff,0xff,0xff,0xff,0xff,
0x0,0x0,0x0,0x0,0x54,0x0,0x0,0x0,
0x54,0x0,0x0,0x0,0x54,0x0,0x0,0x0,
0x0,0x0,0x0,0x0,0x54,0x0,0x0,0x0,
0x54,0x0,0x0,0x0,0x0,0x0,0x1,0x0,
0x54,0x0,0x0,0x0,0x0,0x0,0x0,0x0,
0x6c,0x0,0x0,0x0,0xee,0x2,0x90,0x2,
0x0,0x0,0x0,0x0,0x6c,0x0,0x0,0x0,
0x0,0x0,0x0,0x0,0x6c,0x0,0x0,0x0,
0x0,0x0,0x0,0x0,0x18,0x0,0x0,0x0,
0x0,0x0,0x7,0x0,0x83,0x0,0x0,0x0,
0x0,0x0,0x0,0x0,0xee,0x2,0x10,0x3,
0xee,0x2,0x70,0x3,0x0,0x0,0x0,0x0,
0xa7,0x0,0x0,0x0,0x0,0x0,0x0,0x0,
0x0,0x0,0xff,0xff,0xff,0xff,0xff,0xff,
0x0,0x0,0x0,0x0,0x54,0x0,0x0,0x0,
0x54,0x0,0x0,0x0,0x54,0x0,0x0,0x0,
0x0,0x0,0x0,0x0,0x54,0x0,0x0,0x0,
0x54,0x0,0x0,0x0,0x0,0x0,0x1,0x0,
0x54,0x0,0x0,0x0,0x0,0x0,0x0,0x0,
0x6c,0x0,0x0,0x0,0xef,0x2,0x90,0x2,
0x0,0x0,0x0,0x0,0x6c,0x0,0x0,0x0,
0x0,0x0,0x0,0x0,0x6c,0x0,0x0,0x0,
0x0,0x0,0x0,0x0,0x7d,0x0,0x0,0x0,
0x0,0x0,0x9,0x0,0xe2,0x0,0x0,0x0,
0x0,0x0,0x0,0x0,0xef,0x2,0x0,0x3,
0xef,0x2,0x70,0x3,0x0,0x0,0x0,0x0,
0x0,0x0,0x0,0x0,0x0,0x0,0x0,0x0,
0x0,0x0,0xff,0xff,0xff,0xff,0xff,0xff,
0x0,0x0,0x0,0x0,0x54,0x0,0x0,0x0,
0x54,0x0,0x0,0x0,0x54,0x0,0x0,0x0,
0x0,0x0,0x0,0x0,0x54,0x0,0x0,0x0,
0x54,0x0,0x0,0x0,0x0,0x0,0x1,0x0,
0x54,0x0,0x0,0x0,0x0,0x0,0x0,0x0,
0x6c,0x0,0x0,0x0,0xef,0x2,0x0,0x3,
0x0,0x0,0x0,0x0,0x6c,0x0,0x0,0x0,
0x0,0x0,0x0,0x0,0x6c,0x0,0x0,0x0,
0x0,0x0,0x0,0x0,0x74,0x0,0x0,0x0,
0x0,0x0,0x1,0x0,0x1,0x0,0x0,0x0,
0x0,0x0,0x0,0x0,0xef,0x2,0x70,0x3,
0xef,0x2,0x20,0x4,0x0,0x0,0x0,0x0,
0xb9,0x0,0x0,0x0,0xa,0x1,0x0,0x0,
0x0,0x0,0xff,0xff,0xff,0xff,0xff,0xff,
0x0,0x0,0x0,0x0,0x54,0x0,0x0,0x0,
0x54,0x0,0x0,0x0,0x54,0x0,0x0,0x0,
0x0,0x0,0x0,0x0,0x54,0x0,0x0,0x0,
0x54,0x0,0x0,0x0,0x0,0x0,0x1,0x0,
0x54,0x0,0x0,0x0,0x0,0x0,0x0,0x0,
0x6c,0x0,0x0,0x0,0xf2,0x2,0x50,0x2,
0xf2,0x2,0x0,0x3,0x6c,0x0,0x0,0x0,
0x0,0x0,0x0,0x0,0x6c,0x0,0x0,0x0,
0x0,0x0,0x0,0x0,0x8,0x0,0x0,0x0,
0x0,0x0,0x1,0x0,0x0,0x0,0x0,0x0,
0x0,0x0,0x0,0x0,0xf2,0x2,0x20,0x4,
0xf2,0x2,0xb0,0x4,0x0,0x0,0x0,0x0,
0xb9,0x0,0x0,0x0,0xb,0x1,0x0,0x0,
0x0,0x0,0xff,0xff,0xff,0xff,0xff,0xff,
0x0,0x0,0x0,0x0,0x54,0x0,0x0,0x0,
0x54,0x0,0x0,0x0,0x54,0x0,0x0,0x0,
0x0,0x0,0x0,0x0,0x54,0x0,0x0,0x0,
0x54,0x0,0x0,0x0,0x0,0x0,0x1,0x0,
0x54,0x0,0x0,0x0,0x0,0x0,0x0,0x0,
0x6c,0x0,0x0,0x0,0xf3,0x2,0x50,0x2,
0xf3,0x2,0x0,0x3,0x6c,0x0,0x0,0x0,
0x0,0x0,0x0,0x0,0x6c,0x0,0x0,0x0,
0x0,0x0,0x0,0x0,0x8,0x0,0x0,0x0,
0x0,0x0,0x1,0x0,0x0,0x0,0x0,0x0,
0x0,0x0,0x0,0x0,0xf3,0x2,0x20,0x4,
0xf3,0x2,0xb0,0x4,0x0,0x0,0x0,0x0,
0x7b,0x0,0x0,0x0,0x0,0x0,0x0,0x0,
0x0,0x0,0xff,0xff,0xff,0xff,0xff,0xff,
0x0,0x0,0x0,0x0,0x54,0x0,0x0,0x0,
0x54,0x0,0x0,0x0,0x54,0x0,0x0,0x0,
0x0,0x0,0x0,0x0,0x54,0x0,0x0,0x0,
0x54,0x0,0x0,0x0,0x0,0x0,0x3,0x0,
0x54,0x0,0x0,0x0,0x0,0x0,0x0,0x0,
0x9c,0x0,0x0,0x0,0xf7,0x2,0xd0,0x1,
0x0,0x0,0x0,0x0,0x9c,0x0,0x0,0x0,
0x0,0x0,0x0,0x0,0x9c,0x0,0x0,0x0,
0x0,0x0,0x0,0x0,0x9,0x0,0x0,0x0,
0x0,0x0,0x5,0x0,0x52,0x0,0x0,0x0,
0x0,0x0,0x0,0x0,0xf8,0x2,0x10,0x2,
0xf8,0x2,0x80,0x2,0x0,0x0,0x0,0x0,
0x0,0x0,0x8,0x0,0xe7,0x0,0x0,0x0,
0x0,0x0,0x0,0x0,0xfa,0x2,0x10,0x2,
0xfa,0x2,0x10,0x2,0x7d,0x0,0x0,0x0,
0x0,0x0,0x9,0x0,0xe6,0x0,0x0,0x0,
0x0,0x0,0x0,0x0,0xf9,0x2,0x10,0x2,
0xf9,0x2,0x80,0x2,0x0,0x0,0x0,0x0,
0x0,0x0,0x0,0x0,0x0,0x0,0x0,0x0,
0x0,0x0,0xff,0xff,0xff,0xff,0xff,0xff,
0x0,0x0,0x0,0x0,0x54,0x0,0x0,0x0,
0x54,0x0,0x0,0x0,0x54,0x0,0x0,0x0,
0x0,0x0,0x0,0x0,0x54,0x0,0x0,0x0,
0x54,0x0,0x0,0x0,0x0,0x0,0x1,0x0,
0x54,0x0,0x0,0x0,0x0,0x0,0x0,0x0,
0x6c,0x0,0x0,0x0,0xf9,0x2,0x10,0x2,
0x0,0x0,0x0,0x0,0x6c,0x0,0x0,0x0,
0x0,0x0,0x0,0x0,0x6c,0x0,0x0,0x0,
0x0,0x0,0x0,0x0,0x74,0x0,0x0,0x0,
0x0,0x0,0x1,0x0,0x1,0x0,0x0,0x0,
0x0,0x0,0x0,0x0,0xf9,0x2,0x80,0x2,
0xf9,0x2,0x30,0x3,0x0,0x0,0x0,0x0,
0x78,0x0,0x0,0x0,0x0,0x0,0x0,0x0,
0x0,0x0,0xff,0xff,0xff,0xff,0xff,0xff,
0x0,0x0,0x0,0x0,0x54,0x0,0x0,0x0,
0x54,0x0,0x0,0x0,0x54,0x0,0x0,0x0,
0x0,0x0,0x0,0x0,0x54,0x0,0x0,0x0,
0x54,0x0,0x0,0x0,0x0,0x0,0x5,0x0,
0x54,0x0,0x0,0x0,0x0,0x0,0x0,0x0,
0xcc,0x0,0x0,0x0,0xfa,0x2,0x10,0x2,
0x0,0x0,0x0,0x0,0xcc,0x0,0x0,0x0,
0x0,0x0,0x0,0x0,0xcc,0x0,0x0,0x0,
0x0,0x0,0x0,0x0,0x7a,0x0,0x0,0x0,
0x0,0x0,0x2,0x0,0x5,0x0,0x0,0x0,
0x0,0x0,0x0,0x0,0xfd,0x2,0x50,0x2,
0xfd,0x2,0xe0,0x2,0x0,0x0,0x0,0x0,
0x0,0x0,0x8,0x0,0xe9,0x0,0x0,0x0,
0x0,0x0,0x0,0x0,0xff,0x2,0x50,0x2,
0xff,0x2,0x50,0x2,0x0,0x0,0x0,0x0,
0x0,0x0,0x8,0x0,0xf4,0x0,0x0,0x0,
0x0,0x0,0x0,0x0,0x28,0x3,0x50,0x2,
0x28,0x3,0x50,0x2,0x0,0x0,0x0,0x0,
0x0,0x0,0x8,0x0,0xf5,0x0,0x0,0x0,
0x0,0x0,0x0,0x0,0x2a,0x3,0x50,0x2,
0x2a,0x3,0x50,0x2,0x6e,0x0,0x0,0x0,
0x0,0x0,0xa,0x0,0xe8,0x0,0x0,0x0,
0x0,0x0,0x0,0x0,0xfb,0x2,0x50,0x2,
0xfb,0x2,0xd0,0x2,0x0,0x0,0x0,0x0,
0x0,0x0,0x0,0x0,0x0,0x0,0x0,0x0,
0x0,0x0,0xff,0xff,0xff,0xff,0xff,0xff,
0x0,0x0,0x0,0x0,0x54,0x0,0x0,0x0,
0x54,0x0,0x0,0x0,0x54,0x0,0x0,0x0,
0x0,0x0,0x0,0x0,0x54,0x0,0x0,0x0,
0x54,0x0,0x0,0x0,0x0,0x0,0x2,0x0,
0x54,0x0,0x0,0x0,0x0,0x0,0x0,0x0,
0x84,0x0,0x0,0x0,0xfb,0x2,0x50,0x2,
0x0,0x0,0x0,0x0,0x84,0x0,0x0,0x0,
0x0,0x0,0x0,0x0,0x84,0x0,0x0,0x0,
0x0,0x0,0x0,0x0,0x79,0x0,0x0,0x0,
0x0,0x0,0x2,0x0,0x5,0x0,0x0,0x0,
0x0,0x0,0x0,0x0,0xfc,0x2,0xd0,0x2,
0xfc,0x2,0x60,0x3,0x6f,0x0,0x0,0x0,
0x0,0x0,0x7,0x0,0x84,0x0,0x0,0x0,
0x0,0x0,0x0,0x0,0xfb,0x2,0xd0,0x2,
0xfb,0x2,0x30,0x3,0x0,0x0,0x0,0x0,
0x9f,0x0,0x0,0x0,0x0,0x0,0x0,0x0,
0x0,0x0,0xff,0xff,0xff,0xff,0xff,0xff,
0x0,0x0,0x0,0x0,0x54,0x0,0x0,0x0,
0x54,0x0,0x0,0x0,0x54,0x0,0x0,0x0,
0x0,0x0,0x0,0x0,0x54,0x0,0x0,0x0,
0x54,0x0,0x0,0x0,0x0,0x0,0x8,0x0,
0x54,0x0,0x0,0x0,0x0,0x0,0x0,0x0,
0x14,0x1,0x0,0x0,0xff,0x2,0x50,0x2,
0x0,0x0,0x0,0x0,0x14,0x1,0x0,0x0,
0x0,0x0,0x0,0x0,0x14,0x1,0x0,0x0,
0x0,0x0,0x0,0x0,0x0,0x0,0x0,0x0,
0x0,0x0,0x8,0x0,0xea,0x0,0x0,0x0,
0x0,0x0,0x0,0x0,0x0,0x3,0x90,0x2,
0x0,0x3,0x90,0x2,0x0,0x0,0x0,0x0,
0x0,0x0,0x8,0x0,0xeb,0x0,0x0,0x0,
0x0,0x0,0x0,0x0,0x1,0x3,0x90,0x2,
0x1,0x3,0x90,0x2,0x0,0x0,0x0,0x0,
0x0,0x0,0x8,0x0,0xed,0x0,0x0,0x0,
0x0,0x0,0x0,0x0,0x2,0x3,0x90,0x2,
0x2,0x3,0x90,0x2,0x0,0x0,0x0,0x0,
0x0,0x0,0x8,0x0,0xee,0x0,0x0,0x0,
0x0,0x0,0x0,0x0,0xa,0x3,0x90,0x2,
0xa,0x3,0x90,0x2,0x0,0x0,0x0,0x0,
0x0,0x0,0x8,0x0,0xef,0x0,0x0,0x0,
0x0,0x0,0x0,0x0,0x12,0x3,0x90,0x2,
0x12,0x3,0x90,0x2,0x0,0x0,0x0,0x0,
0x0,0x0,0x8,0x0,0xf0,0x0,0x0,0x0,
0x0,0x0,0x0,0x0,0x1a,0x3,0x90,0x2,
0x1a,0x3,0x90,0x2,0x0,0x0,0x0,0x0,
0x0,0x0,0x8,0x0,0xf1,0x0,0x0,0x0,
0x0,0x0,0x0,0x0,0x21,0x3,0x90,0x2,
0x21,0x3,0x90,0x2,0x0,0x0,0x0,0x0,
0x0,0x0,0x8,0x0,0xf2,0x0,0x0,0x0,
0x0,0x0,0x0,0x0,0x25,0x3,0x90,0x2,
0x25,0x3,0x90,0x2,0x0,0x0,0x0,0x0,
0x82,0x0,0x0,0x0,0x0,0x0,0x0,0x0,
0x0,0x0,0xff,0xff,0xff,0xff,0xff,0xff,
0x0,0x0,0x0,0x0,0x54,0x0,0x0,0x0,
0x54,0x0,0x0,0x0,0x54,0x0,0x0,0x0,
0x0,0x0,0x0,0x0,0x54,0x0,0x0,0x0,
0x54,0x0,0x0,0x0,0x0,0x0,0x1,0x0,
0x54,0x0,0x0,0x0,0x0,0x0,0x0,0x0,
0x6c,0x0,0x0,0x0,0x0,0x3,0x90,0x2,
0x0,0x0,0x0,0x0,0x6c,0x0,0x0,0x0,
0x0,0x0,0x0,0x0,0x6c,0x0,0x0,0x0,
0x0,0x0,0x0,0x0,0x18,0x0,0x0,0x0,
0x0,0x0,0x5,0x0,0x53,0x0,0x0,0x0,
0x0,0x0,0x0,0x0,0x0,0x3,0x10,0x3,
0x0,0x3,0x70,0x3,0x0,0x0,0x0,0x0,
0xae,0x0,0x0,0x0,0xd,0x1,0x0,0x0,
0x0,0x0,0xff,0xff,0xff,0xff,0xff,0xff,
0x0,0x0,0x0,0x0,0x54,0x0,0x0,0x0,
0x54,0x0,0x0,0x0,0x54,0x0,0x0,0x0,
0x0,0x0,0x0,0x0,0x54,0x0,0x0,0x0,
0x54,0x0,0x0,0x0,0x0,0x0,0x2,0x0,
0x54,0x0,0x0,0x0,0x0,0x0,0x0,0x0,
0x84,0x0,0x0,0x0,0x1,0x3,0x90,0x2,
0x1,0x3,0x50,0x3,0x84,0x0,0x0,0x0,
0x0,0x0,0x0,0x0,0x84,0x0,0x0,0x0,
0x0,0x0,0x0,0x0,0x18,0x0,0x0,0x0,
0x0,0x0,0x3,0x0,0x0,0x0,0x0,0x0,
0xc6,0x0,0x0,0x0,0x1,0x3,0x90,0x4,
0x1,0x3,0xf0,0x4,0x7d,0x0,0x0,0x0,
0x0,0x0,0x9,0x0,0xec,0x0,0x0,0x0,
0x0,0x0,0x0,0x0,0x1,0x3,0x90,0x5,
0x1,0x3,0x0,0x6,0x0,0x0,0x0,0x0,
0x0,0x0,0x0,0x0,0x0,0x0,0x0,0x0,
0x0,0x0,0xff,0xff,0xff,0xff,0xff,0xff,
0x0,0x0,0x0,0x0,0x54,0x0,0x0,0x0,
0x54,0x0,0x0,0x0,0x54,0x0,0x0,0x0,
0x0,0x0,0x0,0x0,0x54,0x0,0x0,0x0,
0x54,0x0,0x0,0x0,0x0,0x0,0x1,0x0,
0x54,0x0,0x0,0x0,0x0,0x0,0x0,0x0,
0x6c,0x0,0x0,0x0,0x1,0x3,0x90,0x5,
0x0,0x0,0x0,0x0,0x6c,0x0,0x0,0x0,
0x0,0x0,0x0,0x0,0x6c,0x0,0x0,0x0,
0x0,0x0,0x0,0x0,0x75,0x0,0x0,0x0,
0x0,0x0,0x2,0x0,0xe,0x0,0x0,0x0,
0x0,0x0,0x0,0x0,0x1,0x3,0x0,0x6,
0x1,0x3,0x0,0x7,0x0,0x0,0x0,0x0,
0xa0,0x0,0x0,0x0,0x0,0x0,0x0,0x0,
0x0,0x0,0xff,0xff,0xff,0xff,0xff,0xff,
0x0,0x0,0x0,0x0,0x54,0x0,0x0,0x0,
0x54,0x0,0x0,0x0,0x54,0x0,0x0,0x0,
0x0,0x0,0x0,0x0,0x54,0x0,0x0,0x0,
0x54,0x0,0x0,0x0,0x0,0x0,0x2,0x0,
0x54,0x0,0x0,0x0,0x0,0x0,0x0,0x0,
0x84,0x0,0x0,0x0,0x2,0x3,0x90,0x2,
0x0,0x0,0x0,0x0,0x84,0x0,0x0,0x0,
0x0,0x0,0x0,0x0,0x84,0x0,0x0,0x0,
0x0,0x0,0x0,0x0,0xa2,0x0,0x0,0x0,
0x0,0x0,0x7,0x0,0x85,0x0,0x0,0x0,
0x0,0x0,0x0,0x0,0x4,0x3,0xd0,0x2,
0x4,0x3,0x80,0x3,0x18,0x0,0x0,0x0,
0x0,0x0,0x5,0x0,0x54,0x0,0x0,0x0,
0x0,0x0,0x0,0x0,0x3,0x3,0xd0,0x2,
0x3,0x3,0x30,0x3,0x0,0x0,0x0,0x0,
0xa0,0x0,0x0,0x0,0x0,0x0,0x0,0x0,
0x0,0x0,0xff,0xff,0xff,0xff,0xff,0xff,
0x0,0x0,0x0,0x0,0x54,0x0,0x0,0x0,
0x54,0x0,0x0,0x0,0x54,0x0,0x0,0x0,
0x0,0x0,0x0,0x0,0x54,0x0,0x0,0x0,
0x54,0x0,0x0,0x0,0x0,0x0,0x2,0x0,
0x54,0x0,0x0,0x0,0x0,0x0,0x0,0x0,
0x84,0x0,0x0,0x0,0xa,0x3,0x90,0x2,
0x0,0x0,0x0,0x0,0x84,0x0,0x0,0x0,
0x0,0x0,0x0,0x0,0x84,0x0,0x0,0x0,
0x0,0x0,0x0,0x0,0xa2,0x0,0x0,0x0,
0x0,0x0,0x7,0x0,0x86,0x0,0x0,0x0,
0x0,0x0,0x0,0x0,0xc,0x3,0xd0,0x2,
0xc,0x3,0x80,0x3,0x18,0x0,0x0,0x0,
0x0,0x0,0x5,0x0,0x55,0x0,0x0,0x0,
0x0,0x0,0x0,0x0,0xb,0x3,0xd0,0x2,
0xb,0x3,0x30,0x3,0x0,0x0,0x0,0x0,
0xa0,0x0,0x0,0x0,0x0,0x0,0x0,0x0,
0x0,0x0,0xff,0xff,0xff,0xff,0xff,0xff,
0x0,0x0,0x0,0x0,0x54,0x0,0x0,0x0,
0x54,0x0,0x0,0x0,0x54,0x0,0x0,0x0,
0x0,0x0,0x0,0x0,0x54,0x0,0x0,0x0,
0x54,0x0,0x0,0x0,0x0,0x0,0x2,0x0,
0x54,0x0,0x0,0x0,0x0,0x0,0x0,0x0,
0x84,0x0,0x0,0x0,0x12,0x3,0x90,0x2,
0x0,0x0,0x0,0x0,0x84,0x0,0x0,0x0,
0x0,0x0,0x0,0x0,0x84,0x0,0x0,0x0,
0x0,0x0,0x0,0x0,0xa2,0x0,0x0,0x0,
0x0,0x0,0x7,0x0,0x87,0x0,0x0,0x0,
0x0,0x0,0x0,0x0,0x14,0x3,0xd0,0x2,
0x14,0x3,0x80,0x3,0x18,0x0,0x0,0x0,
0x0,0x0,0x5,0x0,0x56,0x0,0x0,0x0,
0x0,0x0,0x0,0x0,0x13,0x3,0xd0,0x2,
0x13,0x3,0x30,0x3,0x0,0x0,0x0,0x0,
0xa0,0x0,0x0,0x0,0x0,0x0,0x0,0x0,
0x0,0x0,0xff,0xff,0xff,0xff,0xff,0xff,
0x0,0x0,0x0,0x0,0x54,0x0,0x0,0x0,
0x54,0x0,0x0,0x0,0x54,0x0,0x0,0x0,
0x0,0x0,0x0,0x0,0x54,0x0,0x0,0x0,
0x54,0x0,0x0,0x0,0x0,0x0,0x2,0x0,
0x54,0x0,0x0,0x0,0x0,0x0,0x0,0x0,
0x84,0x0,0x0,0x0,0x1a,0x3,0x90,0x2,
0x0,0x0,0x0,0x0,0x84,0x0,0x0,0x0,
0x0,0x0,0x0,0x0,0x84,0x0,0x0,0x0,
0x0,0x0,0x0,0x0,0xa2,0x0,0x0,0x0,
0x0,0x0,0x7,0x0,0x88,0x0,0x0,0x0,
0x0,0x0,0x0,0x0,0x1c,0x3,0xd0,0x2,
0x1c,0x3,0x80,0x3,0x18,0x0,0x0,0x0,
0x0,0x0,0x5,0x0,0x57,0x0,0x0,0x0,
0x0,0x0,0x0,0x0,0x1b,0x3,0xd0,0x2,
0x1b,0x3,0x30,0x3,0x0,0x0,0x0,0x0,
0xa0,0x0,0x0,0x0,0x0,0x0,0x0,0x0,
0x0,0x0,0xff,0xff,0xff,0xff,0xff,0xff,
0x0,0x0,0x0,0x0,0x54,0x0,0x0,0x0,
0x54,0x0,0x0,0x0,0x54,0x0,0x0,0x0,
0x0,0x0,0x0,0x0,0x54,0x0,0x0,0x0,
0x54,0x0,0x0,0x0,0x0,0x0,0x2,0x0,
0x54,0x0,0x0,0x0,0x0,0x0,0x0,0x0,
0x84,0x0,0x0,0x0,0x21,0x3,0x90,0x2,
0x0,0x0,0x0,0x0,0x84,0x0,0x0,0x0,
0x0,0x0,0x0,0x0,0x84,0x0,0x0,0x0,
0x0,0x0,0x0,0x0,0xa2,0x0,0x0,0x0,
0x0,0x0,0x7,0x0,0x89,0x0,0x0,0x0,
0x0,0x0,0x0,0x0,0x23,0x3,0xd0,0x2,
0x23,0x3,0x80,0x3,0x18,0x0,0x0,0x0,
0x0,0x0,0x5,0x0,0x58,0x0,0x0,0x0,
0x0,0x0,0x0,0x0,0x22,0x3,0xd0,0x2,
0x22,0x3,0x30,0x3,0x0,0x0,0x0,0x0,
0xa7,0x0,0x0,0x0,0x0,0x0,0x0,0x0,
0x0,0x0,0xff,0xff,0xff,0xff,0xff,0xff,
0x0,0x0,0x0,0x0,0x54,0x0,0x0,0x0,
0x54,0x0,0x0,0x0,0x54,0x0,0x0,0x0,
0x0,0x0,0x0,0x0,0x54,0x0,0x0,0x0,
0x54,0x0,0x0,0x0,0x0,0x0,0x1,0x0,
0x54,0x0,0x0,0x0,0x0,0x0,0x0,0x0,
0x6c,0x0,0x0,0x0,0x25,0x3,0x90,0x2,
0x0,0x0,0x0,0x0,0x6c,0x0,0x0,0x0,
0x0,0x0,0x0,0x0,0x6c,0x0,0x0,0x0,
0x0,0x0,0x0,0x0,0x7d,0x0,0x0,0x0,
0x0,0x0,0x9,0x0,0xf3,0x0,0x0,0x0,
0x0,0x0,0x0,0x0,0x25,0x3,0x0,0x3,
0x25,0x3,0x70,0x3,0x0,0x0,0x0,0x0,
0x0,0x0,0x0,0x0,0x0,0x0,0x0,0x0,
0x0,0x0,0xff,0xff,0xff,0xff,0xff,0xff,
0x0,0x0,0x0,0x0,0x54,0x0,0x0,0x0,
0x54,0x0,0x0,0x0,0x54,0x0,0x0,0x0,
0x0,0x0,0x0,0x0,0x54,0x0,0x0,0x0,
0x54,0x0,0x0,0x0,0x0,0x0,0x1,0x0,
0x54,0x0,0x0,0x0,0x0,0x0,0x0,0x0,
0x6c,0x0,0x0,0x0,0x25,0x3,0x0,0x3,
0x0,0x0,0x0,0x0,0x6c,0x0,0x0,0x0,
0x0,0x0,0x0,0x0,0x6c,0x0,0x0,0x0,
0x0,0x0,0x0,0x0,0x74,0x0,0x0,0x0,
0x0,0x0,0x1,0x0,0x1,0x0,0x0,0x0,
0x0,0x0,0x0,0x0,0x25,0x3,0x70,0x3,
0x25,0x3,0x20,0x4,0x0,0x0,0x0,0x0,
0x82,0x0,0x0,0x0,0x0,0x0,0x0,0x0,
0x0,0x0,0xff,0xff,0xff,0xff,0xff,0xff,
0x0,0x0,0x0,0x0,0x54,0x0,0x0,0x0,
0x54,0x0,0x0,0x0,0x54,0x0,0x0,0x0,
0x0,0x0,0x0,0x0,0x54,0x0,0x0,0x0,
0x54,0x0,0x0,0x0,0x0,0x0,0x1,0x0,
0x54,0x0,0x0,0x0,0x0,0x0,0x0,0x0,
0x6c,0x0,0x0,0x0,0x28,0x3,0x50,0x2,
0x0,0x0,0x0,0x0,0x6c,0x0,0x0,0x0,
0x0,0x0,0x0,0x0,0x6c,0x0,0x0,0x0,
0x0,0x0,0x0,0x0,0x18,0x0,0x0,0x0,
0x0,0x0,0x7,0x0,0x8a,0x0,0x0,0x0,
0x0,0x0,0x0,0x0,0x28,0x3,0xd0,0x2,
0x28,0x3,0x30,0x3,0x0,0x0,0x0,0x0,
0xd4,0x0,0x0,0x0,0x0,0x0,0x0,0x0,
0x0,0x0,0xff,0xff,0xff,0xff,0xff,0xff,
0x0,0x0,0x0,0x0,0x54,0x0,0x0,0x0,
0x54,0x0,0x0,0x0,0x54,0x0,0x0,0x0,
0x0,0x0,0x0,0x0,0x54,0x0,0x0,0x0,
0x54,0x0,0x0,0x0,0x0,0x0,0x4,0x0,
0x54,0x0,0x0,0x0,0x0,0x0,0x0,0x0,
0xb4,0x0,0x0,0x0,0x2a,0x3,0x50,0x2,
0x0,0x0,0x0,0x0,0xb4,0x0,0x0,0x0,
0x0,0x0,0x0,0x0,0xb4,0x0,0x0,0x0,
0x0,0x0,0x0,0x0,0xd9,0x0,0x0,0x0,
0x0,0x0,0x8,0x0,0xf7,0x0,0x0,0x0,
0x0,0x0,0x0,0x0,0x2f,0x3,0x90,0x2,
0x2f,0x3,0x30,0x3,0xd5,0x0,0x0,0x0,
0x0,0x0,0x7,0x0,0x8b,0x0,0x0,0x0,
0x0,0x0,0x0,0x0,0x2e,0x3,0x90,0x2,
0x2e,0x3,0x0,0x3,0x9c,0x0,0x0,0x0,
0x0,0x0,0x1,0x0,0x1,0x0,0x0,0x0,
0x0,0x0,0x0,0x0,0x2d,0x3,0x90,0x2,
0x2d,0x3,0xf0,0x2,0x7d,0x0,0x0,0x0,
0x0,0x0,0x9,0x0,0xf6,0x0,0x0,0x0,
0x0,0x0,0x0,0x0,0x2b,0x3,0x90,0x2,
0x2b,0x3,0x0,0x3,0x0,0x0,0x0,0x0,
0x0,0x0,0x0,0x0,0x0,0x0,0x0,0x0,
0x0,0x0,0xff,0xff,0xff,0xff,0xff,0xff,
0x0,0x0,0x0,0x0,0x54,0x0,0x0,0x0,
0x54,0x0,0x0,0x0,0x54,0x0,0x0,0x0,
0x0,0x0,0x0,0x0,0x54,0x0,0x0,0x0,
0x54,0x0,0x0,0x0,0x0,0x0,0x2,0x0,
0x54,0x0,0x0,0x0,0x0,0x0,0x0,0x0,
0x84,0x0,0x0,0x0,0x2b,0x3,0x90,0x2,
0x0,0x0,0x0,0x0,0x84,0x0,0x0,0x0,
0x0,0x0,0x0,0x0,0x84,0x0,0x0,0x0,
0x0,0x0,0x0,0x0,0xbb,0x0,0x0,0x0,
0x0,0x0,0x2,0x0,0x9,0x0,0x0,0x0,
0x0,0x0,0x0,0x0,0x2c,0x3,0x0,0x3,
0x2c,0x3,0x10,0x4,0x74,0x0,0x0,0x0,
0x0,0x0,0x1,0x0,0x1,0x0,0x0,0x0,
0x0,0x0,0x0,0x0,0x2b,0x3,0x0,0x3,
0x2b,0x3,0xb0,0x3,0x0,0x0,0x0,0x0,
0xd7,0x0,0x0,0x0,0x0,0x0,0x0,0x0,
0x0,0x0,0xff,0xff,0xff,0xff,0xff,0xff,
0x0,0x0,0x1,0x0,0x54,0x0,0x0,0x0,
0x54,0x0,0x0,0x0,0x60,0x0,0x0,0x0,
0x0,0x0,0x0,0x0,0x60,0x0,0x0,0x0,
0x60,0x0,0x0,0x0,0x0,0x0,0x3,0x0,
0x60,0x0,0x0,0x0,0x0,0x0,0x0,0x0,
0xa8,0x0,0x0,0x0,0x2f,0x3,0x30,0x3,
0x0,0x0,0x0,0x0,0xa8,0x0,0x0,0x0,
0x0,0x0,0x0,0x0,0xa8,0x0,0x0,0x0,
0x0,0x0,0x0,0x0,0xd8,0x0,0x0,0x0,
0x1,0x0,0x0,0x30,0x30,0x3,0xd0,0x2,
0xa2,0x0,0x0,0x0,0x0,0x0,0x7,0x0,
0x8e,0x0,0x0,0x0,0x0,0x0,0x0,0x0,
0x33,0x3,0xd0,0x2,0x33,0x3,0x80,0x3,
0x18,0x0,0x0,0x0,0x0,0x0,0x7,0x0,
0x8d,0x0,0x0,0x0,0x0,0x0,0x0,0x0,
0x32,0x3,0xd0,0x2,0x32,0x3,0x30,0x3,
0x6,0x0,0x0,0x0,0x0,0x0,0x7,0x0,
0x8c,0x0,0x0,0x0,0x0,0x0,0x0,0x0,
0x31,0x3,0xd0,0x2,0x31,0x3,0x40,0x3,
0x9b,0x0,0x0,0x0,0x0,0x0,0x0,0x0,
0x0,0x0,0xff,0xff,0xff,0xff,0xff,0xff,
0x0,0x0,0x0,0x0,0x54,0x0,0x0,0x0,
0x54,0x0,0x0,0x0,0x54,0x0,0x0,0x0,
0x0,0x0,0x0,0x0,0x54,0x0,0x0,0x0,
0x54,0x0,0x0,0x0,0x0,0x0,0x2,0x0,
0x54,0x0,0x0,0x0,0x0,0x0,0x0,0x0,
0x84,0x0,0x0,0x0,0x3b,0x3,0x50,0x1,
0x0,0x0,0x0,0x0,0x84,0x0,0x0,0x0,
0x0,0x0,0x0,0x0,0x84,0x0,0x0,0x0,
0x0,0x0,0x0,0x0,0x9c,0x0,0x0,0x0,
0x0,0x0,0x1,0x0,0x1,0x0,0x0,0x0,
0x0,0x0,0x0,0x0,0x3c,0x3,0x90,0x1,
0x3c,0x3,0xf0,0x1,0x0,0x0,0x0,0x0,
0x0,0x0,0x8,0x0,0xf9,0x0,0x0,0x0,
0x0,0x0,0x0,0x0,0x3d,0x3,0x90,0x1,
0x3d,0x3,0x90,0x1,0x0,0x0,0x0,0x0,
0x78,0x0,0x0,0x0,0x0,0x0,0x0,0x0,
0x0,0x0,0xff,0xff,0xff,0xff,0xff,0xff,
0x0,0x0,0x0,0x0,0x54,0x0,0x0,0x0,
0x54,0x0,0x0,0x0,0x54,0x0,0x0,0x0,
0x0,0x0,0x0,0x0,0x54,0x0,0x0,0x0,
0x54,0x0,0x0,0x0,0x0,0x0,0x4,0x0,
0x54,0x0,0x0,0x0,0x0,0x0,0x0,0x0,
0xb4,0x0,0x0,0x0,0x3d,0x3,0x90,0x1,
0x0,0x0,0x0,0x0,0xb4,0x0,0x0,0x0,
0x0,0x0,0x0,0x0,0xb4,0x0,0x0,0x0,
0x0,0x0,0x0,0x0,0x7a,0x0,0x0,0x0,
0x0,0x0,0x2,0x0,0x4,0x0,0x0,0x0,
0x0,0x0,0x0,0x0,0x3f,0x3,0xd0,0x1,
0x3f,0x3,0x60,0x2,0x6,0x0,0x0,0x0,
0x0,0x0,0x7,0x0,0x8f,0x0,0x0,0x0,
0x0,0x0,0x0,0x0,0x3e,0x3,0xd0,0x1,
0x3e,0x3,0x40,0x2,0x0,0x0,0x0,0x0,
0x0,0x0,0x8,0x0,0xfa,0x0,0x0,0x0,
0x0,0x0,0x0,0x0,0x41,0x3,0xd0,0x1,
0x41,0x3,0xd0,0x1,0x0,0x0,0x0,0x0,
0x0,0x0,0x8,0x0,0x5,0x1,0x0,0x0,
0x0,0x0,0x0,0x0,0x5c,0x3,0xd0,0x1,
0x5c,0x3,0xd0,0x1,0x0,0x0,0x0,0x0,
0x7b,0x0,0x0,0x0,0x0,0x0,0x0,0x0,
0x0,0x0,0xff,0xff,0xff,0xff,0xff,0xff,
0x0,0x0,0x0,0x0,0x54,0x0,0x0,0x0,
0x54,0x0,0x0,0x0,0x54,0x0,0x0,0x0,
0x0,0x0,0x0,0x0,0x54,0x0,0x0,0x0,
0x54,0x0,0x0,0x0,0x0,0x0,0x3,0x0,
0x54,0x0,0x0,0x0,0x0,0x0,0x0,0x0,
0x9c,0x0,0x0,0x0,0x41,0x3,0xd0,0x1,
0x0,0x0,0x0,0x0,0x9c,0x0,0x0,0x0,
0x0,0x0,0x0,0x0,0x9c,0x0,0x0,0x0,
0x0,0x0,0x0,0x0,0x9,0x0,0x0,0x0,
0x0,0x0,0x5,0x0,0x59,0x0,0x0,0x0,
0x0,0x0,0x0,0x0,0x42,0x3,0x10,0x2,
0x42,0x3,0x80,0x2,0x0,0x0,0x0,0x0,
0x0,0x0,0x8,0x0,0xfc,0x0,0x0,0x0,
0x0,0x0,0x0,0x0,0x44,0x3,0x10,0x2,
0x44,0x3,0x10,0x2,0x7d,0x0,0x0,0x0,
0x0,0x0,0x9,0x0,0xfb,0x0,0x0,0x0,
0x0,0x0,0x0,0x0,0x43,0x3,0x10,0x2,
0x43,0x3,0x80,0x2,0x0,0x0,0x0,0x0,
0x0,0x0,0x0,0x0,0x0,0x0,0x0,0x0,
0x0,0x0,0xff,0xff,0xff,0xff,0xff,0xff,
0x0,0x0,0x0,0x0,0x54,0x0,0x0,0x0,
0x54,0x0,0x0,0x0,0x54,0x0,0x0,0x0,
0x0,0x0,0x0,0x0,0x54,0x0,0x0,0x0,
0x54,0x0,0x0,0x0,0x0,0x0,0x1,0x0,
0x54,0x0,0x0,0x0,0x0,0x0,0x0,0x0,
0x6c,0x0,0x0,0x0,0x43,0x3,0x10,0x2,
0x0,0x0,0x0,0x0,0x6c,0x0,0x0,0x0,
0x0,0x0,0x0,0x0,0x6c,0x0,0x0,0x0,
0x0,0x0,0x0,0x0,0x74,0x0,0x0,0x0,
0x0,0x0,0x1,0x0,0x1,0x0,0x0,0x0,
0x0,0x0,0x0,0x0,0x43,0x3,0x80,0x2,
0x43,0x3,0x30,0x3,0x0,0x0,0x0,0x0,
0x9f,0x0,0x0,0x0,0x0,0x0,0x0,0x0,
0x0,0x0,0xff,0xff,0xff,0xff,0xff,0xff,
0x0,0x0,0x0,0x0,0x54,0x0,0x0,0x0,
0x54,0x0,0x0,0x0,0x54,0x0,0x0,0x0,
0x0,0x0,0x0,0x0,0x54,0x0,0x0,0x0,
0x54,0x0,0x0,0x0,0x0,0x0,0x7,0x0,
0x54,0x0,0x0,0x0,0x0,0x0,0x0,0x0,
0xfc,0x0,0x0,0x0,0x44,0x3,0x10,0x2,
0x0,0x0,0x0,0x0,0xfc,0x0,0x0,0x0,
0x0,0x0,0x0,0x0,0xfc,0x0,0x0,0x0,
0x0,0x0,0x0,0x0,0x7a,0x0,0x0,0x0,
0x0,0x0,0x2,0x0,0x5,0x0,0x0,0x0,
0x0,0x0,0x0,0x0,0x47,0x3,0x50,0x2,
0x47,0x3,0xe0,0x2,0x0,0x0,0x0,0x0,
0x0,0x0,0x8,0x0,0xfe,0x0,0x0,0x0,
0x0,0x0,0x0,0x0,0x48,0x3,0x50,0x2,
0x48,0x3,0x50,0x2,0x0,0x0,0x0,0x0,
0x0,0x0,0x8,0x0,0xff,0x0,0x0,0x0,
0x0,0x0,0x0,0x0,0x49,0x3,0x50,0x2,
0x49,0x3,0x50,0x2,0x0,0x0,0x0,0x0,
0x0,0x0,0x8,0x0,0x1,0x1,0x0,0x0,
0x0,0x0,0x0,0x0,0x4a,0x3,0x50,0x2,
0x4a,0x3,0x50,0x2,0x0,0x0,0x0,0x0,
0x0,0x0,0x8,0x0,0x2,0x1,0x0,0x0,
0x0,0x0,0x0,0x0,0x51,0x3,0x50,0x2,
0x51,0x3,0x50,0x2,0x0,0x0,0x0,0x0,
0x0,0x0,0x8,0x0,0x3,0x1,0x0,0x0,
0x0,0x0,0x0,0x0,0x58,0x3,0x50,0x2,
0x58,0x3,0x50,0x2,0x6e,0x0,0x0,0x0,
0x0,0x0,0xa,0x0,0xfd,0x0,0x0,0x0,
0x0,0x0,0x0,0x0,0x45,0x3,0x50,0x2,
0x45,0x3,0xd0,0x2,0x0,0x0,0x0,0x0,
0x0,0x0,0x0,0x0,0x0,0x0,0x0,0x0,
0x0,0x0,0xff,0xff,0xff,0xff,0xff,0xff,
0x0,0x0,0x0,0x0,0x54,0x0,0x0,0x0,
0x54,0x0,0x0,0x0,0x54,0x0,0x0,0x0,
0x0,0x0,0x0,0x0,0x54,0x0,0x0,0x0,
0x54,0x0,0x0,0x0,0x0,0x0,0x2,0x0,
0x54,0x0,0x0,0x0,0x0,0x0,0x0,0x0,
0x84,0x0,0x0,0x0,0x45,0x3,0x50,0x2,
0x0,0x0,0x0,0x0,0x84,0x0,0x0,0x0,
0x0,0x0,0x0,0x0,0x84,0x0,0x0,0x0,
0x0,0x0,0x0,0x0,0x79,0x0,0x0,0x0,
0x0,0x0,0x2,0x0,0x5,0x0,0x0,0x0,
0x0,0x0,0x0,0x0,0x46,0x3,0xd0,0x2,
0x46,0x3,0x60,0x3,0x6f,0x0,0x0,0x0,
0x0,0x0,0x7,0x0,0x90,0x0,0x0,0x0,
0x0,0x0,0x0,0x0,0x45,0x3,0xd0,0x2,
0x45,0x3,0x30,0x3,0x0,0x0,0x0,0x0,
0x82,0x0,0x0,0x0,0x0,0x0,0x0,0x0,
0x0,0x0,0xff,0xff,0xff,0xff,0xff,0xff,
0x0,0x0,0x0,0x0,0x54,0x0,0x0,0x0,
0x54,0x0,0x0,0x0,0x54,0x0,0x0,0x0,
0x0,0x0,0x0,0x0,0x54,0x0,0x0,0x0,
0x54,0x0,0x0,0x0,0x0,0x0,0x1,0x0,
0x54,0x0,0x0,0x0,0x0,0x0,0x0,0x0,
0x6c,0x0,0x0,0x0,0x48,0x3,0x50,0x2,
0x0,0x0,0x0,0x0,0x6c,0x0,0x0,0x0,
0x0,0x0,0x0,0x0,0x6c,0x0,0x0,0x0,
0x0,0x0,0x0,0x0,0x18,0x0,0x0,0x0,
0x0,0x0,0x5,0x0,0x5a,0x0,0x0,0x0,
0x0,0x0,0x0,0x0,0x48,0x3,0xd0,0x2,
0x48,0x3,0x30,0x3,0x0,0x0,0x0,0x0,
0xae,0x0,0x0,0x0,0x12,0x1,0x0,0x0,
0x0,0x0,0xff,0xff,0xff,0xff,0xff,0xff,
0x0,0x0,0x0,0x0,0x54,0x0,0x0,0x0,
0x54,0x0,0x0,0x0,0x54,0x0,0x0,0x0,
0x0,0x0,0x0,0x0,0x54,0x0,0x0,0x0,
0x54,0x0,0x0,0x0,0x0,0x0,0x2,0x0,
0x54,0x0,0x0,0x0,0x0,0x0,0x0,0x0,
0x84,0x0,0x0,0x0,0x49,0x3,0x50,0x2,
0x49,0x3,0x10,0x3,0x84,0x0,0x0,0x0,
0x0,0x0,0x0,0x0,0x84,0x0,0x0,0x0,
0x0,0x0,0x0,0x0,0x18,0x0,0x0,0x0,
0x0,0x0,0x3,0x0,0x0,0x0,0x0,0x0,
0xb6,0x0,0x0,0x0,0x49,0x3,0x30,0x4,
0x49,0x3,0x90,0x4,0x7d,0x0,0x0,0x0,
0x0,0x0,0x9,0x0,0x0,0x1,0x0,0x0,
0x0,0x0,0x0,0x0,0x49,0x3,0x30,0x5,
0x49,0x3,0xa0,0x5,0x0,0x0,0x0,0x0,
0x0,0x0,0x0,0x0,0x0,0x0,0x0,0x0,
0x0,0x0,0xff,0xff,0xff,0xff,0xff,0xff,
0x0,0x0,0x0,0x0,0x54,0x0,0x0,0x0,
0x54,0x0,0x0,0x0,0x54,0x0,0x0,0x0,
0x0,0x0,0x0,0x0,0x54,0x0,0x0,0x0,
0x54,0x0,0x0,0x0,0x0,0x0,0x1,0x0,
0x54,0x0,0x0,0x0,0x0,0x0,0x0,0x0,
0x6c,0x0,0x0,0x0,0x49,0x3,0x30,0x5,
0x0,0x0,0x0,0x0,0x6c,0x0,0x0,0x0,
0x0,0x0,0x0,0x0,0x6c,0x0,0x0,0x0,
0x0,0x0,0x0,0x0,0x75,0x0,0x0,0x0,
0x0,0x0,0x2,0x0,0xe,0x0,0x0,0x0,
0x0,0x0,0x0,0x0,0x49,0x3,0xa0,0x5,
0x49,0x3,0xa0,0x6,0x0,0x0,0x0,0x0,
0xa0,0x0,0x0,0x0,0x0,0x0,0x0,0x0,
0x0,0x0,0xff,0xff,0xff,0xff,0xff,0xff,
0x0,0x0,0x0,0x0,0x54,0x0,0x0,0x0,
0x54,0x0,0x0,0x0,0x54,0x0,0x0,0x0,
0x0,0x0,0x0,0x0,0x54,0x0,0x0,0x0,
0x54,0x0,0x0,0x0,0x0,0x0,0x2,0x0,
0x54,0x0,0x0,0x0,0x0,0x0,0x0,0x0,
0x84,0x0,0x0,0x0,0x4a,0x3,0x50,0x2,
0x0,0x0,0x0,0x0,0x84,0x0,0x0,0x0,
0x0,0x0,0x0,0x0,0x84,0x0,0x0,0x0,
0x0,0x0,0x0,0x0,0xa2,0x0,0x0,0x0,
0x0,0x0,0x7,0x0,0x91,0x0,0x0,0x0,
0x0,0x0,0x0,0x0,0x4c,0x3,0x90,0x2,
0x4c,0x3,0x40,0x3,0x18,0x0,0x0,0x0,
0x0,0x0,0x5,0x0,0x5b,0x0,0x0,0x0,
0x0,0x0,0x0,0x0,0x4b,0x3,0x90,0x2,
0x4b,0x3,0xf0,0x2,0x0,0x0,0x0,0x0,
0xa0,0x0,0x0,0x0,0x0,0x0,0x0,0x0,
0x0,0x0,0xff,0xff,0xff,0xff,0xff,0xff,
0x0,0x0,0x0,0x0,0x54,0x0,0x0,0x0,
0x54,0x0,0x0,0x0,0x54,0x0,0x0,0x0,
0x0,0x0,0x0,0x0,0x54,0x0,0x0,0x0,
0x54,0x0,0x0,0x0,0x0,0x0,0x2,0x0,
0x54,0x0,0x0,0x0,0x0,0x0,0x0,0x0,
0x84,0x0,0x0,0x0,0x51,0x3,0x50,0x2,
0x0,0x0,0x0,0x0,0x84,0x0,0x0,0x0,
0x0,0x0,0x0,0x0,0x84,0x0,0x0,0x0,
0x0,0x0,0x0,0x0,0xa2,0x0,0x0,0x0,
0x0,0x0,0x7,0x0,0x92,0x0,0x0,0x0,
0x0,0x0,0x0,0x0,0x53,0x3,0x90,0x2,
0x53,0x3,0x40,0x3,0x18,0x0,0x0,0x0,
0x0,0x0,0x5,0x0,0x5c,0x0,0x0,0x0,
0x0,0x0,0x0,0x0,0x52,0x3,0x90,0x2,
0x52,0x3,0xf0,0x2,0x0,0x0,0x0,0x0,
0xa7,0x0,0x0,0x0,0x0,0x0,0x0,0x0,
0x0,0x0,0xff,0xff,0xff,0xff,0xff,0xff,
0x0,0x0,0x0,0x0,0x54,0x0,0x0,0x0,
0x54,0x0,0x0,0x0,0x54,0x0,0x0,0x0,
0x0,0x0,0x0,0x0,0x54,0x0,0x0,0x0,
0x54,0x0,0x0,0x0,0x0,0x0,0x1,0x0,
0x54,0x0,0x0,0x0,0x0,0x0,0x0,0x0,
0x6c,0x0,0x0,0x0,0x58,0x3,0x50,0x2,
0x0,0x0,0x0,0x0,0x6c,0x0,0x0,0x0,
0x0,0x0,0x0,0x0,0x6c,0x0,0x0,0x0,
0x0,0x0,0x0,0x0,0x7d,0x0,0x0,0x0,
0x0,0x0,0x9,0x0,0x4,0x1,0x0,0x0,
0x0,0x0,0x0,0x0,0x58,0x3,0xc0,0x2,
0x58,0x3,0x30,0x3,0x0,0x0,0x0,0x0,
0x0,0x0,0x0,0x0,0x0,0x0,0x0,0x0,
0x0,0x0,0xff,0xff,0xff,0xff,0xff,0xff,
0x0,0x0,0x0,0x0,0x54,0x0,0x0,0x0,
0x54,0x0,0x0,0x0,0x54,0x0,0x0,0x0,
0x0,0x0,0x0,0x0,0x54,0x0,0x0,0x0,
0x54,0x0,0x0,0x0,0x0,0x0,0x1,0x0,
0x54,0x0,0x0,0x0,0x0,0x0,0x0,0x0,
0x6c,0x0,0x0,0x0,0x58,0x3,0xc0,0x2,
0x0,0x0,0x0,0x0,0x6c,0x0,0x0,0x0,
0x0,0x0,0x0,0x0,0x6c,0x0,0x0,0x0,
0x0,0x0,0x0,0x0,0x74,0x0,0x0,0x0,
0x0,0x0,0x1,0x0,0x1,0x0,0x0,0x0,
0x0,0x0,0x0,0x0,0x58,0x3,0x30,0x3,
0x58,0x3,0xe0,0x3,0x0,0x0,0x0,0x0,
0x7b,0x0,0x0,0x0,0x0,0x0,0x0,0x0,
0x0,0x0,0xff,0xff,0xff,0xff,0xff,0xff,
0x0,0x0,0x0,0x0,0x54,0x0,0x0,0x0,
0x54,0x0,0x0,0x0,0x54,0x0,0x0,0x0,
0x0,0x0,0x0,0x0,0x54,0x0,0x0,0x0,
0x54,0x0,0x0,0x0,0x0,0x0,0x3,0x0,
0x54,0x0,0x0,0x0,0x0,0x0,0x0,0x0,
0x9c,0x0,0x0,0x0,0x5c,0x3,0xd0,0x1,
0x0,0x0,0x0,0x0,0x9c,0x0,0x0,0x0,
0x0,0x0,0x0,0x0,0x9c,0x0,0x0,0x0,
0x0,0x0,0x0,0x0,0x9,0x0,0x0,0x0,
0x0,0x0,0x5,0x0,0x5d,0x0,0x0,0x0,
0x0,0x0,0x0,0x0,0x5d,0x3,0x10,0x2,
0x5d,0x3,0x80,0x2,0x0,0x0,0x0,0x0,
0x0,0x0,0x8,0x0,0x7,0x1,0x0,0x0,
0x0,0x0,0x0,0x0,0x5f,0x3,0x10,0x2,
0x5f,0x3,0x10,0x2,0x7d,0x0,0x0,0x0,
0x0,0x0,0x9,0x0,0x6,0x1,0x0,0x0,
0x0,0x0,0x0,0x0,0x5e,0x3,0x10,0x2,
0x5e,0x3,0x80,0x2,0x0,0x0,0x0,0x0,
0x0,0x0,0x0,0x0,0x0,0x0,0x0,0x0,
0x0,0x0,0xff,0xff,0xff,0xff,0xff,0xff,
0x0,0x0,0x0,0x0,0x54,0x0,0x0,0x0,
0x54,0x0,0x0,0x0,0x54,0x0,0x0,0x0,
0x0,0x0,0x0,0x0,0x54,0x0,0x0,0x0,
0x54,0x0,0x0,0x0,0x0,0x0,0x1,0x0,
0x54,0x0,0x0,0x0,0x0,0x0,0x0,0x0,
0x6c,0x0,0x0,0x0,0x5e,0x3,0x10,0x2,
0x0,0x0,0x0,0x0,0x6c,0x0,0x0,0x0,
0x0,0x0,0x0,0x0,0x6c,0x0,0x0,0x0,
0x0,0x0,0x0,0x0,0x74,0x0,0x0,0x0,
0x0,0x0,0x1,0x0,0x1,0x0,0x0,0x0,
0x0,0x0,0x0,0x0,0x5e,0x3,0x80,0x2,
0x5e,0x3,0x30,0x3,0x0,0x0,0x0,0x0,
0x78,0x0,0x0,0x0,0x0,0x0,0x0,0x0,
0x0,0x0,0xff,0xff,0xff,0xff,0xff,0xff,
0x0,0x0,0x0,0x0,0x54,0x0,0x0,0x0,
0x54,0x0,0x0,0x0,0x54,0x0,0x0,0x0,
0x0,0x0,0x0,0x0,0x54,0x0,0x0,0x0,
0x54,0x0,0x0,0x0,0x0,0x0,0x4,0x0,
0x54,0x0,0x0,0x0,0x0,0x0,0x0,0x0,
0xb4,0x0,0x0,0x0,0x5f,0x3,0x10,0x2,
0x0,0x0,0x0,0x0,0xb4,0x0,0x0,0x0,
0x0,0x0,0x0,0x0,0xb4,0x0,0x0,0x0,
0x0,0x0,0x0,0x0,0x7a,0x0,0x0,0x0,
0x0,0x0,0x2,0x0,0x5,0x0,0x0,0x0,
0x0,0x0,0x0,0x0,0x62,0x3,0x50,0x2,
0x62,0x3,0xe0,0x2,0x0,0x0,0x0,0x0,
0x0,0x0,0x8,0x0,0x9,0x1,0x0,0x0,
0x0,0x0,0x0,0x0,0x64,0x3,0x50,0x2,
0x64,0x3,0x50,0x2,0x0,0x0,0x0,0x0,
0x0,0x0,0x8,0x0,0xd,0x1,0x0,0x0,
0x0,0x0,0x0,0x0,0x6d,0x3,0x50,0x2,
0x6d,0x3,0x50,0x2,0x6e,0x0,0x0,0x0,
0x0,0x0,0xa,0x0,0x8,0x1,0x0,0x0,
0x0,0x0,0x0,0x0,0x60,0x3,0x50,0x2,
0x60,0x3,0xd0,0x2,0x0,0x0,0x0,0x0,
0x0,0x0,0x0,0x0,0x0,0x0,0x0,0x0,
0x0,0x0,0xff,0xff,0xff,0xff,0xff,0xff,
0x0,0x0,0x0,0x0,0x54,0x0,0x0,0x0,
0x54,0x0,0x0,0x0,0x54,0x0,0x0,0x0,
0x0,0x0,0x0,0x0,0x54,0x0,0x0,0x0,
0x54,0x0,0x0,0x0,0x0,0x0,0x2,0x0,
0x54,0x0,0x0,0x0,0x0,0x0,0x0,0x0,
0x84,0x0,0x0,0x0,0x60,0x3,0x50,0x2,
0x0,0x0,0x0,0x0,0x84,0x0,0x0,0x0,
0x0,0x0,0x0,0x0,0x84,0x0,0x0,0x0,
0x0,0x0,0x0,0x0,0x79,0x0,0x0,0x0,
0x0,0x0,0x2,0x0,0x5,0x0,0x0,0x0,
0x0,0x0,0x0,0x0,0x61,0x3,0xd0,0x2,
0x61,0x3,0x60,0x3,0x6f,0x0,0x0,0x0,
0x0,0x0,0x7,0x0,0x93,0x0,0x0,0x0,
0x0,0x0,0x0,0x0,0x60,0x3,0xd0,0x2,
0x60,0x3,0x30,0x3,0x0,0x0,0x0,0x0,
0x9f,0x0,0x0,0x0,0x0,0x0,0x0,0x0,
0x0,0x0,0xff,0xff,0xff,0xff,0xff,0xff,
0x0,0x0,0x0,0x0,0x54,0x0,0x0,0x0,
0x54,0x0,0x0,0x0,0x54,0x0,0x0,0x0,
0x0,0x0,0x0,0x0,0x54,0x0,0x0,0x0,
0x54,0x0,0x0,0x0,0x0,0x0,0x2,0x0,
0x54,0x0,0x0,0x0,0x0,0x0,0x0,0x0,
0x84,0x0,0x0,0x0,0x64,0x3,0x50,0x2,
0x0,0x0,0x0,0x0,0x84,0x0,0x0,0x0,
0x0,0x0,0x0,0x0,0x84,0x0,0x0,0x0,
0x0,0x0,0x0,0x0,0x0,0x0,0x0,0x0,
0x0,0x0,0x8,0x0,0xa,0x1,0x0,0x0,
0x0,0x0,0x0,0x0,0x65,0x3,0x90,0x2,
0x65,0x3,0x90,0x2,0x0,0x0,0x0,0x0,
0x0,0x0,0x8,0x0,0xb,0x1,0x0,0x0,
0x0,0x0,0x0,0x0,0x66,0x3,0x90,0x2,
0x66,0x3,0x90,0x2,0x0,0x0,0x0,0x0,
0x82,0x0,0x0,0x0,0x0,0x0,0x0,0x0,
0x0,0x0,0xff,0xff,0xff,0xff,0xff,0xff,
0x0,0x0,0x0,0x0,0x54,0x0,0x0,0x0,
0x54,0x0,0x0,0x0,0x54,0x0,0x0,0x0,
0x0,0x0,0x0,0x0,0x54,0x0,0x0,0x0,
0x54,0x0,0x0,0x0,0x0,0x0,0x1,0x0,
0x54,0x0,0x0,0x0,0x0,0x0,0x0,0x0,
0x6c,0x0,0x0,0x0,0x65,0x3,0x90,0x2,
0x0,0x0,0x0,0x0,0x6c,0x0,0x0,0x0,
0x0,0x0,0x0,0x0,0x6c,0x0,0x0,0x0,
0x0,0x0,0x0,0x0,0x18,0x0,0x0,0x0,
0x0,0x0,0x5,0x0,0x5e,0x0,0x0,0x0,
0x0,0x0,0x0,0x0,0x65,0x3,0x10,0x3,
0x65,0x3,0x70,0x3,0x0,0x0,0x0,0x0,
0xae,0x0,0x0,0x0,0x17,0x1,0x0,0x0,
0x0,0x0,0xff,0xff,0xff,0xff,0xff,0xff,
0x0,0x0,0x0,0x0,0x54,0x0,0x0,0x0,
0x54,0x0,0x0,0x0,0x54,0x0,0x0,0x0,
0x0,0x0,0x0,0x0,0x54,0x0,0x0,0x0,
0x54,0x0,0x0,0x0,0x0,0x0,0x2,0x0,
0x54,0x0,0x0,0x0,0x0,0x0,0x0,0x0,
0x84,0x0,0x0,0x0,0x66,0x3,0x90,0x2,
0x67,0x3,0xd0,0x2,0x84,0x0,0x0,0x0,
0x0,0x0,0x0,0x0,0x84,0x0,0x0,0x0,
0x0,0x0,0x0,0x0,0xbf,0x0,0x0,0x0,
0x0,0x0,0x5,0x0,0x5f,0x0,0x0,0x0,
0x0,0x0,0x0,0x0,0x69,0x3,0xd0,0x2,
0x69,0x3,0xe0,0x3,0x7d,0x0,0x0,0x0,
0x0,0x0,0x9,0x0,0xc,0x1,0x0,0x0,
0x0,0x0,0x0,0x0,0x68,0x3,0xd0,0x2,
0x68,0x3,0x40,0x3,0x0,0x0,0x0,0x0,
0x0,0x0,0x0,0x0,0x0,0x0,0x0,0x0,
0x0,0x0,0xff,0xff,0xff,0xff,0xff,0xff,
0x0,0x0,0x0,0x0,0x54,0x0,0x0,0x0,
0x54,0x0,0x0,0x0,0x54,0x0,0x0,0x0,
0x0,0x0,0x0,0x0,0x54,0x0,0x0,0x0,
0x54,0x0,0x0,0x0,0x0,0x0,0x1,0x0,
0x54,0x0,0x0,0x0,0x0,0x0,0x0,0x0,
0x6c,0x0,0x0,0x0,0x68,0x3,0xd0,0x2,
0x0,0x0,0x0,0x0,0x6c,0x0,0x0,0x0,
0x0,0x0,0x0,0x0,0x6c,0x0,0x0,0x0,
0x0,0x0,0x0,0x0,0x74,0x0,0x0,0x0,
0x0,0x0,0x1,0x0,0x1,0x0,0x0,0x0,
0x0,0x0,0x0,0x0,0x68,0x3,0x40,0x3,
0x68,0x3,0xf0,0x3,0x0,0x0,0x0,0x0,
0x9f,0x0,0x0,0x0,0x0,0x0,0x0,0x0,
0x0,0x0,0xff,0xff,0xff,0xff,0xff,0xff,
0x0,0x0,0x0,0x0,0x54,0x0,0x0,0x0,
0x54,0x0,0x0,0x0,0x54,0x0,0x0,0x0,
0x0,0x0,0x0,0x0,0x54,0x0,0x0,0x0,
0x54,0x0,0x0,0x0,0x0,0x0,0x8,0x0,
0x54,0x0,0x0,0x0,0x0,0x0,0x0,0x0,
0x14,0x1,0x0,0x0,0x6d,0x3,0x50,0x2,
0x0,0x0,0x0,0x0,0x14,0x1,0x0,0x0,
0x0,0x0,0x0,0x0,0x14,0x1,0x0,0x0,
0x0,0x0,0x0,0x0,0x0,0x0,0x0,0x0,
0x0,0x0,0x8,0x0,0xe,0x1,0x0,0x0,
0x0,0x0,0x0,0x0,0x6e,0x3,0x90,0x2,
0x6e,0x3,0x90,0x2,0x0,0x0,0x0,0x0,
0x0,0x0,0x8,0x0,0xf,0x1,0x0,0x0,
0x0,0x0,0x0,0x0,0x6f,0x3,0x90,0x2,
0x6f,0x3,0x90,0x2,0x0,0x0,0x0,0x0,
0x0,0x0,0x8,0x0,0x11,0x1,0x0,0x0,
0x0,0x0,0x0,0x0,0x70,0x3,0x90,0x2,
0x70,0x3,0x90,0x2,0x0,0x0,0x0,0x0,
0x0,0x0,0x8,0x0,0x12,0x1,0x0,0x0,
0x0,0x0,0x0,0x0,0x71,0x3,0x90,0x2,
0x71,0x3,0x90,0x2,0x0,0x0,0x0,0x0,
0x0,0x0,0x8,0x0,0x14,0x1,0x0,0x0,
0x0,0x0,0x0,0x0,0x72,0x3,0x90,0x2,
0x72,0x3,0x90,0x2,0x0,0x0,0x0,0x0,
0x0,0x0,0x8,0x0,0x15,0x1,0x0,0x0,
0x0,0x0,0x0,0x0,0x79,0x3,0x90,0x2,
0x79,0x3,0x90,0x2,0x0,0x0,0x0,0x0,
0x0,0x0,0x8,0x0,0x16,0x1,0x0,0x0,
0x0,0x0,0x0,0x0,0x80,0x3,0x90,0x2,
0x80,0x3,0x90,0x2,0x0,0x0,0x0,0x0,
0x0,0x0,0x8,0x0,0x17,0x1,0x0,0x0,
0x0,0x0,0x0,0x0,0x87,0x3,0x90,0x2,
0x87,0x3,0x90,0x2,0x0,0x0,0x0,0x0,
0x82,0x0,0x0,0x0,0x0,0x0,0x0,0x0,
0x0,0x0,0xff,0xff,0xff,0xff,0xff,0xff,
0x0,0x0,0x0,0x0,0x54,0x0,0x0,0x0,
0x54,0x0,0x0,0x0,0x54,0x0,0x0,0x0,
0x0,0x0,0x0,0x0,0x54,0x0,0x0,0x0,
0x54,0x0,0x0,0x0,0x0,0x0,0x1,0x0,
0x54,0x0,0x0,0x0,0x0,0x0,0x0,0x0,
0x6c,0x0,0x0,0x0,0x6e,0x3,0x90,0x2,
0x0,0x0,0x0,0x0,0x6c,0x0,0x0,0x0,
0x0,0x0,0x0,0x0,0x6c,0x0,0x0,0x0,
0x0,0x0,0x0,0x0,0x18,0x0,0x0,0x0,
0x0,0x0,0x5,0x0,0x60,0x0,0x0,0x0,
0x0,0x0,0x0,0x0,0x6e,0x3,0x10,0x3,
0x6e,0x3,0x70,0x3,0x0,0x0,0x0,0x0,
0xae,0x0,0x0,0x0,0x19,0x1,0x0,0x0,
0x0,0x0,0xff,0xff,0xff,0xff,0xff,0xff,
0x0,0x0,0x0,0x0,0x54,0x0,0x0,0x0,
0x54,0x0,0x0,0x0,0x54,0x0,0x0,0x0,
0x0,0x0,0x0,0x0,0x54,0x0,0x0,0x0,
0x54,0x0,0x0,0x0,0x0,0x0,0x2,0x0,
0x54,0x0,0x0,0x0,0x0,0x0,0x0,0x0,
0x84,0x0,0x0,0x0,0x6f,0x3,0x90,0x2,
0x6f,0x3,0x50,0x3,0x84,0x0,0x0,0x0,
0x0,0x0,0x0,0x0,0x84,0x0,0x0,0x0,
0x0,0x0,0x0,0x0,0x18,0x0,0x0,0x0,
0x0,0x0,0x3,0x0,0x0,0x0,0x0,0x0,
0xf2,0x0,0x0,0x0,0x6f,0x3,0x60,0x4,
0x6f,0x3,0xc0,0x4,0x7d,0x0,0x0,0x0,
0x0,0x0,0x9,0x0,0x10,0x1,0x0,0x0,
0x0,0x0,0x0,0x0,0x6f,0x3,0x30,0x6,
0x6f,0x3,0xa0,0x6,0x0,0x0,0x0,0x0,
0x0,0x0,0x0,0x0,0x0,0x0,0x0,0x0,
0x0,0x0,0xff,0xff,0xff,0xff,0xff,0xff,
0x0,0x0,0x0,0x0,0x54,0x0,0x0,0x0,
0x54,0x0,0x0,0x0,0x54,0x0,0x0,0x0,
0x0,0x0,0x0,0x0,0x54,0x0,0x0,0x0,
0x54,0x0,0x0,0x0,0x0,0x0,0x1,0x0,
0x54,0x0,0x0,0x0,0x0,0x0,0x0,0x0,
0x6c,0x0,0x0,0x0,0x6f,0x3,0x30,0x6,
0x0,0x0,0x0,0x0,0x6c,0x0,0x0,0x0,
0x0,0x0,0x0,0x0,0x6c,0x0,0x0,0x0,
0x0,0x0,0x0,0x0,0x75,0x0,0x0,0x0,
0x0,0x0,0x2,0x0,0x9,0x0,0x0,0x0,
0x0,0x0,0x0,0x0,0x6f,0x3,0xa0,0x6,
0x6f,0x3,0xa0,0x7,0x0,0x0,0x0,0x0,
0x82,0x0,0x0,0x0,0x0,0x0,0x0,0x0,
0x0,0x0,0xff,0xff,0xff,0xff,0xff,0xff,
0x0,0x0,0x0,0x0,0x54,0x0,0x0,0x0,
0x54,0x0,0x0,0x0,0x54,0x0,0x0,0x0,
0x0,0x0,0x0,0x0,0x54,0x0,0x0,0x0,
0x54,0x0,0x0,0x0,0x0,0x0,0x1,0x0,
0x54,0x0,0x0,0x0,0x0,0x0,0x0,0x0,
0x6c,0x0,0x0,0x0,0x70,0x3,0x90,0x2,
0x0,0x0,0x0,0x0,0x6c,0x0,0x0,0x0,
0x0,0x0,0x0,0x0,0x6c,0x0,0x0,0x0,
0x0,0x0,0x0,0x0,0x18,0x0,0x0,0x0,
0x0,0x0,0x5,0x0,0x61,0x0,0x0,0x0,
0x0,0x0,0x0,0x0,0x70,0x3,0x10,0x3,
0x70,0x3,0x70,0x3,0x0,0x0,0x0,0x0,
0xae,0x0,0x0,0x0,0x1a,0x1,0x0,0x0,
0x0,0x0,0xff,0xff,0xff,0xff,0xff,0xff,
0x0,0x0,0x0,0x0,0x54,0x0,0x0,0x0,
0x54,0x0,0x0,0x0,0x54,0x0,0x0,0x0,
0x0,0x0,0x0,0x0,0x54,0x0,0x0,0x0,
0x54,0x0,0x0,0x0,0x0,0x0,0x2,0x0,
0x54,0x0,0x0,0x0,0x0,0x0,0x0,0x0,
0x84,0x0,0x0,0x0,0x71,0x3,0x90,0x2,
0x71,0x3,0x50,0x3,0x84,0x0,0x0,0x0,
0x0,0x0,0x0,0x0,0x84,0x0,0x0,0x0,
0x0,0x0,0x0,0x0,0x18,0x0,0x0,0x0,
0x0,0x0,0x3,0x0,0x0,0x0,0x0,0x0,
0xf5,0x0,0x0,0x0,0x71,0x3,0x40,0x4,
0x71,0x3,0xa0,0x4,0x7d,0x0,0x0,0x0,
0x0,0x0,0x9,0x0,0x13,0x1,0x0,0x0,
0x0,0x0,0x0,0x0,0x71,0x3,0x10,0x6,
0x71,0x3,0x80,0x6,0x0,0x0,0x0,0x0,
0x0,0x0,0x0,0x0,0x0,0x0,0x0,0x0,
0x0,0x0,0xff,0xff,0xff,0xff,0xff,0xff,
0x0,0x0,0x0,0x0,0x54,0x0,0x0,0x0,
0x54,0x0,0x0,0x0,0x54,0x0,0x0,0x0,
0x0,0x0,0x0,0x0,0x54,0x0,0x0,0x0,
0x54,0x0,0x0,0x0,0x0,0x0,0x1,0x0,
0x54,0x0,0x0,0x0,0x0,0x0,0x0,0x0,
0x6c,0x0,0x0,0x0,0x71,0x3,0x10,0x6,
0x0,0x0,0x0,0x0,0x6c,0x0,0x0,0x0,
0x0,0x0,0x0,0x0,0x6c,0x0,0x0,0x0,
0x0,0x0,0x0,0x0,0x75,0x0,0x0,0x0,
0x0,0x0,0x2,0x0,0x9,0x0,0x0,0x0,
0x0,0x0,0x0,0x0,0x71,0x3,0x80,0x6,
0x71,0x3,0x80,0x7,0x0,0x0,0x0,0x0,
0xa0,0x0,0x0,0x0,0x0,0x0,0x0,0x0,
0x0,0x0,0xff,0xff,0xff,0xff,0xff,0xff,
0x0,0x0,0x0,0x0,0x54,0x0,0x0,0x0,
0x54,0x0,0x0,0x0,0x54,0x0,0x0,0x0,
0x0,0x0,0x0,0x0,0x54,0x0,0x0,0x0,
0x54,0x0,0x0,0x0,0x0,0x0,0x2,0x0,
0x54,0x0,0x0,0x0,0x0,0x0,0x0,0x0,
0x84,0x0,0x0,0x0,0x72,0x3,0x90,0x2,
0x0,0x0,0x0,0x0,0x84,0x0,0x0,0x0,
0x0,0x0,0x0,0x0,0x84,0x0,0x0,0x0,
0x0,0x0,0x0,0x0,0xa2,0x0,0x0,0x0,
0x0,0x0,0x7,0x0,0x94,0x0,0x0,0x0,
0x0,0x0,0x0,0x0,0x74,0x3,0xd0,0x2,
0x74,0x3,0x80,0x3,0x18,0x0,0x0,0x0,
0x0,0x0,0x5,0x0,0x62,0x0,0x0,0x0,
0x0,0x0,0x0,0x0,0x73,0x3,0xd0,0x2,
0x73,0x3,0x30,0x3,0x0,0x0,0x0,0x0,
0xa0,0x0,0x0,0x0,0x0,0x0,0x0,0x0,
0x0,0x0,0xff,0xff,0xff,0xff,0xff,0xff,
0x0,0x0,0x0,0x0,0x54,0x0,0x0,0x0,
0x54,0x0,0x0,0x0,0x54,0x0,0x0,0x0,
0x0,0x0,0x0,0x0,0x54,0x0,0x0,0x0,
0x54,0x0,0x0,0x0,0x0,0x0,0x2,0x0,
0x54,0x0,0x0,0x0,0x0,0x0,0x0,0x0,
0x84,0x0,0x0,0x0,0x79,0x3,0x90,0x2,
0x0,0x0,0x0,0x0,0x84,0x0,0x0,0x0,
0x0,0x0,0x0,0x0,0x84,0x0,0x0,0x0,
0x0,0x0,0x0,0x0,0xa2,0x0,0x0,0x0,
0x0,0x0,0x7,0x0,0x95,0x0,0x0,0x0,
0x0,0x0,0x0,0x0,0x7b,0x3,0xd0,0x2,
0x7b,0x3,0x80,0x3,0x18,0x0,0x0,0x0,
0x0,0x0,0x5,0x0,0x63,0x0,0x0,0x0,
0x0,0x0,0x0,0x0,0x7a,0x3,0xd0,0x2,
0x7a,0x3,0x30,0x3,0x0,0x0,0x0,0x0,
0xa0,0x0,0x0,0x0,0x0,0x0,0x0,0x0,
0x0,0x0,0xff,0xff,0xff,0xff,0xff,0xff,
0x0,0x0,0x0,0x0,0x54,0x0,0x0,0x0,
0x54,0x0,0x0,0x0,0x54,0x0,0x0,0x0,
0x0,0x0,0x0,0x0,0x54,0x0,0x0,0x0,
0x54,0x0,0x0,0x0,0x0,0x0,0x2,0x0,
0x54,0x0,0x0,0x0,0x0,0x0,0x0,0x0,
0x84,0x0,0x0,0x0,0x80,0x3,0x90,0x2,
0x0,0x0,0x0,0x0,0x84,0x0,0x0,0x0,
0x0,0x0,0x0,0x0,0x84,0x0,0x0,0x0,
0x0,0x0,0x0,0x0,0xa2,0x0,0x0,0x0,
0x0,0x0,0x7,0x0,0x96,0x0,0x0,0x0,
0x0,0x0,0x0,0x0,0x82,0x3,0xd0,0x2,
0x82,0x3,0x80,0x3,0x18,0x0,0x0,0x0,
0x0,0x0,0x5,0x0,0x64,0x0,0x0,0x0,
0x0,0x0,0x0,0x0,0x81,0x3,0xd0,0x2,
0x81,0x3,0x30,0x3,0x0,0x0,0x0,0x0,
0xa7,0x0,0x0,0x0,0x0,0x0,0x0,0x0,
0x0,0x0,0xff,0xff,0xff,0xff,0xff,0xff,
0x0,0x0,0x0,0x0,0x54,0x0,0x0,0x0,
0x54,0x0,0x0,0x0,0x54,0x0,0x0,0x0,
0x0,0x0,0x0,0x0,0x54,0x0,0x0,0x0,
0x54,0x0,0x0,0x0,0x0,0x0,0x1,0x0,
0x54,0x0,0x0,0x0,0x0,0x0,0x0,0x0,
0x6c,0x0,0x0,0x0,0x87,0x3,0x90,0x2,
0x0,0x0,0x0,0x0,0x6c,0x0,0x0,0x0,
0x0,0x0,0x0,0x0,0x6c,0x0,0x0,0x0,
0x0,0x0,0x0,0x0,0x7d,0x0,0x0,0x0,
0x0,0x0,0x9,0x0,0x18,0x1,0x0,0x0,
0x0,0x0,0x0,0x0,0x87,0x3,0x0,0x3,
0x87,0x3,0x70,0x3,0x0,0x0,0x0,0x0,
0x0,0x0,0x0,0x0,0x0,0x0,0x0,0x0,
0x0,0x0,0xff,0xff,0xff,0xff,0xff,0xff,
0x0,0x0,0x0,0x0,0x54,0x0,0x0,0x0,
0x54,0x0,0x0,0x0,0x54,0x0,0x0,0x0,
0x0,0x0,0x0,0x0,0x54,0x0,0x0,0x0,
0x54,0x0,0x0,0x0,0x0,0x0,0x1,0x0,
0x54,0x0,0x0,0x0,0x0,0x0,0x0,0x0,
0x6c,0x0,0x0,0x0,0x87,0x3,0x0,0x3,
0x0,0x0,0x0,0x0,0x6c,0x0,0x0,0x0,
0x0,0x0,0x0,0x0,0x6c,0x0,0x0,0x0,
0x0,0x0,0x0,0x0,0x74,0x0,0x0,0x0,
0x0,0x0,0x1,0x0,0x1,0x0,0x0,0x0,
0x0,0x0,0x0,0x0,0x87,0x3,0x70,0x3,
0x87,0x3,0x20,0x4,0x0,0x0,0x0,0x0,
0x9b,0x0,0x0,0x0,0x0,0x0,0x0,0x0,
0x0,0x0,0xff,0xff,0xff,0xff,0xff,0xff,
0x0,0x0,0x0,0x0,0x54,0x0,0x0,0x0,
0x54,0x0,0x0,0x0,0x54,0x0,0x0,0x0,
0x0,0x0,0x0,0x0,0x54,0x0,0x0,0x0,
0x54,0x0,0x0,0x0,0x0,0x0,0x2,0x0,
0x54,0x0,0x0,0x0,0x0,0x0,0x0,0x0,
0x84,0x0,0x0,0x0,0x8e,0x3,0x50,0x1,
0x0,0x0,0x0,0x0,0x84,0x0,0x0,0x0,
0x0,0x0,0x0,0x0,0x84,0x0,0x0,0x0,
0x0,0x0,0x0,0x0,0x9c,0x0,0x0,0x0,
0x0,0x0,0x1,0x0,0x1,0x0,0x0,0x0,
0x0,0x0,0x0,0x0,0x8f,0x3,0x90,0x1,
0x8f,0x3,0xf0,0x1,0x0,0x0,0x0,0x0,
0x0,0x0,0x8,0x0,0x1a,0x1,0x0,0x0,
0x0,0x0,0x0,0x0,0x90,0x3,0x90,0x1,
0x90,0x3,0x90,0x1,0x0,0x0,0x0,0x0,
0x78,0x0,0x0,0x0,0x0,0x0,0x0,0x0,
0x0,0x0,0xff,0xff,0xff,0xff,0xff,0xff,
0x0,0x0,0x0,0x0,0x54,0x0,0x0,0x0,
0x54,0x0,0x0,0x0,0x54,0x0,0x0,0x0,
0x0,0x0,0x0,0x0,0x54,0x0,0x0,0x0,
0x54,0x0,0x0,0x0,0x0,0x0,0x3,0x0,
0x54,0x0,0x0,0x0,0x0,0x0,0x0,0x0,
0x9c,0x0,0x0,0x0,0x90,0x3,0x90,0x1,
0x0,0x0,0x0,0x0,0x9c,0x0,0x0,0x0,
0x0,0x0,0x0,0x0,0x9c,0x0,0x0,0x0,
0x0,0x0,0x0,0x0,0x7a,0x0,0x0,0x0,
0x0,0x0,0x2,0x0,0x4,0x0,0x0,0x0,
0x0,0x0,0x0,0x0,0x92,0x3,0xd0,0x1,
0x92,0x3,0x60,0x2,0x6,0x0,0x0,0x0,
0x0,0x0,0x7,0x0,0x97,0x0,0x0,0x0,
0x0,0x0,0x0,0x0,0x91,0x3,0xd0,0x1,
0x91,0x3,0x40,0x2,0x0,0x0,0x0,0x0,
0x0,0x0,0x8,0x0,0x1b,0x1,0x0,0x0,
0x0,0x0,0x0,0x0,0x94,0x3,0xd0,0x1,
0x94,0x3,0xd0,0x1,0x0,0x0,0x0,0x0,
0x7b,0x0,0x0,0x0,0x0,0x0,0x0,0x0,
0x0,0x0,0xff,0xff,0xff,0xff,0xff,0xff,
0x0,0x0,0x0,0x0,0x54,0x0,0x0,0x0,
0x54,0x0,0x0,0x0,0x54,0x0,0x0,0x0,
0x0,0x0,0x0,0x0,0x54,0x0,0x0,0x0,
0x54,0x0,0x0,0x0,0x0,0x0,0x3,0x0,
0x54,0x0,0x0,0x0,0x0,0x0,0x0,0x0,
0x9c,0x0,0x0,0x0,0x94,0x3,0xd0,0x1,
0x0,0x0,0x0,0x0,0x9c,0x0,0x0,0x0,
0x0,0x0,0x0,0x0,0x9c,0x0,0x0,0x0,
0x0,0x0,0x0,0x0,0x9,0x0,0x0,0x0,
0x0,0x0,0x5,0x0,0x65,0x0,0x0,0x0,
0x0,0x0,0x0,0x0,0x95,0x3,0x10,0x2,
0x95,0x3,0x80,0x2,0x0,0x0,0x0,0x0,
0x0,0x0,0x8,0x0,0x1d,0x1,0x0,0x0,
0x0,0x0,0x0,0x0,0x97,0x3,0x10,0x2,
0x97,0x3,0x10,0x2,0x7d,0x0,0x0,0x0,
0x0,0x0,0x9,0x0,0x1c,0x1,0x0,0x0,
0x0,0x0,0x0,0x0,0x96,0x3,0x10,0x2,
0x96,0x3,0x80,0x2,0x0,0x0,0x0,0x0,
0x0,0x0,0x0,0x0,0x0,0x0,0x0,0x0,
0x0,0x0,0xff,0xff,0xff,0xff,0xff,0xff,
0x0,0x0,0x0,0x0,0x54,0x0,0x0,0x0,
0x54,0x0,0x0,0x0,0x54,0x0,0x0,0x0,
0x0,0x0,0x0,0x0,0x54,0x0,0x0,0x0,
0x54,0x0,0x0,0x0,0x0,0x0,0x1,0x0,
0x54,0x0,0x0,0x0,0x0,0x0,0x0,0x0,
0x6c,0x0,0x0,0x0,0x96,0x3,0x10,0x2,
0x0,0x0,0x0,0x0,0x6c,0x0,0x0,0x0,
0x0,0x0,0x0,0x0,0x6c,0x0,0x0,0x0,
0x0,0x0,0x0,0x0,0x74,0x0,0x0,0x0,
0x0,0x0,0x1,0x0,0x1,0x0,0x0,0x0,
0x0,0x0,0x0,0x0,0x96,0x3,0x80,0x2,
0x96,0x3,0x30,0x3,0x0,0x0,0x0,0x0,
0x78,0x0,0x0,0x0,0x0,0x0,0x0,0x0,
0x0,0x0,0xff,0xff,0xff,0xff,0xff,0xff,
0x0,0x0,0x0,0x0,0x54,0x0,0x0,0x0,
0x54,0x0,0x0,0x0,0x54,0x0,0x0,0x0,
0x0,0x0,0x0,0x0,0x54,0x0,0x0,0x0,
0x54,0x0,0x0,0x0,0x0,0x0,0x5,0x0,
0x54,0x0,0x0,0x0,0x0,0x0,0x0,0x0,
0xcc,0x0,0x0,0x0,0x97,0x3,0x10,0x2,
0x0,0x0,0x0,0x0,0xcc,0x0,0x0,0x0,
0x0,0x0,0x0,0x0,0xcc,0x0,0x0,0x0,
0x0,0x0,0x0,0x0,0x7a,0x0,0x0,0x0,
0x0,0x0,0x2,0x0,0x5,0x0,0x0,0x0,
0x0,0x0,0x0,0x0,0x9a,0x3,0x50,0x2,
0x9a,0x3,0xe0,0x2,0x0,0x0,0x0,0x0,
0x0,0x0,0x8,0x0,0x1f,0x1,0x0,0x0,
0x0,0x0,0x0,0x0,0x9c,0x3,0x50,0x2,
0x9c,0x3,0x50,0x2,0x0,0x0,0x0,0x0,
0x0,0x0,0x8,0x0,0x2d,0x1,0x0,0x0,
0x0,0x0,0x0,0x0,0xa9,0x3,0x50,0x2,
0xa9,0x3,0x50,0x2,0x0,0x0,0x0,0x0,
0x0,0x0,0x8,0x0,0x33,0x1,0x0,0x0,
0x0,0x0,0x0,0x0,0xc6,0x3,0x50,0x2,
0xc6,0x3,0x50,0x2,0x6e,0x0,0x0,0x0,
0x0,0x0,0xa,0x0,0x1e,0x1,0x0,0x0,
0x0,0x0,0x0,0x0,0x98,0x3,0x50,0x2,
0x98,0x3,0xd0,0x2,0x0,0x0,0x0,0x0,
0x0,0x0,0x0,0x0,0x0,0x0,0x0,0x0,
0x0,0x0,0xff,0xff,0xff,0xff,0xff,0xff,
0x0,0x0,0x0,0x0,0x54,0x0,0x0,0x0,
0x54,0x0,0x0,0x0,0x54,0x0,0x0,0x0,
0x0,0x0,0x0,0x0,0x54,0x0,0x0,0x0,
0x54,0x0,0x0,0x0,0x0,0x0,0x2,0x0,
0x54,0x0,0x0,0x0,0x0,0x0,0x0,0x0,
0x84,0x0,0x0,0x0,0x98,0x3,0x50,0x2,
0x0,0x0,0x0,0x0,0x84,0x0,0x0,0x0,
0x0,0x0,0x0,0x0,0x84,0x0,0x0,0x0,
0x0,0x0,0x0,0x0,0x79,0x0,0x0,0x0,
0x0,0x0,0x2,0x0,0x5,0x0,0x0,0x0,
0x0,0x0,0x0,0x0,0x99,0x3,0xd0,0x2,
0x99,0x3,0x60,0x3,0x6f,0x0,0x0,0x0,
0x0,0x0,0x7,0x0,0x98,0x0,0x0,0x0,
0x0,0x0,0x0,0x0,0x98,0x3,0xd0,0x2,
0x98,0x3,0x30,0x3,0x0,0x0,0x0,0x0,
0x7e,0x0,0x0,0x0,0x0,0x0,0x0,0x0,
0x0,0x0,0xff,0xff,0xff,0xff,0xff,0xff,
0x0,0x0,0x0,0x0,0x54,0x0,0x0,0x0,
0x54,0x0,0x0,0x0,0x54,0x0,0x0,0x0,
0x0,0x0,0x0,0x0,0x54,0x0,0x0,0x0,
0x54,0x0,0x0,0x0,0x0,0x0,0xa,0x0,
0x54,0x0,0x0,0x0,0x0,0x0,0x0,0x0,
0x44,0x1,0x0,0x0,0x9c,0x3,0x50,0x2,
0x0,0x0,0x0,0x0,0x44,0x1,0x0,0x0,
0x0,0x0,0x0,0x0,0x44,0x1,0x0,0x0,
0x0,0x0,0x0,0x0,0x7f,0x0,0x0,0x0,
0x0,0x0,0x2,0x0,0x5,0x0,0x0,0x0,
0x0,0x0,0x0,0x0,0x9e,0x3,0x90,0x2,
0x9e,0x3,0x20,0x3,0x0,0x0,0x0,0x0,
0x0,0x0,0x8,0x0,0x21,0x1,0x0,0x0,
0x0,0x0,0x0,0x0,0x9f,0x3,0x90,0x2,
0x9f,0x3,0x90,0x2,0x0,0x0,0x0,0x0,
0x0,0x0,0x8,0x0,0x22,0x1,0x0,0x0,
0x0,0x0,0x0,0x0,0xa0,0x3,0x90,0x2,
0xa0,0x3,0x90,0x2,0x0,0x0,0x0,0x0,
0x0,0x0,0x8,0x0,0x24,0x1,0x0,0x0,
0x0,0x0,0x0,0x0,0xa1,0x3,0x90,0x2,
0xa1,0x3,0x90,0x2,0x0,0x0,0x0,0x0,
0x0,0x0,0x8,0x0,0x25,0x1,0x0,0x0,
0x0,0x0,0x0,0x0,0xa2,0x3,0x90,0x2,
0xa2,0x3,0x90,0x2,0x0,0x0,0x0,0x0,
0x0,0x0,0x8,0x0,0x27,0x1,0x0,0x0,
0x0,0x0,0x0,0x0,0xa3,0x3,0x90,0x2,
0xa3,0x3,0x90,0x2,0x0,0x0,0x0,0x0,
0x0,0x0,0x8,0x0,0x28,0x1,0x0,0x0,
0x0,0x0,0x0,0x0,0xa4,0x3,0x90,0x2,
0xa4,0x3,0x90,0x2,0x0,0x0,0x0,0x0,
0x0,0x0,0x8,0x0,0x2a,0x1,0x0,0x0,
0x0,0x0,0x0,0x0,0xa5,0x3,0x90,0x2,
0xa5,0x3,0x90,0x2,0x0,0x0,0x0,0x0,
0x0,0x0,0x8,0x0,0x2b,0x1,0x0,0x0,
0x0,0x0,0x0,0x0,0xa6,0x3,0x90,0x2,
0xa6,0x3,0x90,0x2,0x7d,0x0,0x0,0x0,
0x0,0x0,0x9,0x0,0x20,0x1,0x0,0x0,
0x0,0x0,0x0,0x0,0x9d,0x3,0x90,0x2,
0x9d,0x3,0x0,0x3,0x0,0x0,0x0,0x0,
0x0,0x0,0x0,0x0,0x0,0x0,0x0,0x0,
0x0,0x0,0xff,0xff,0xff,0xff,0xff,0xff,
0x0,0x0,0x0,0x0,0x54,0x0,0x0,0x0,
0x54,0x0,0x0,0x0,0x54,0x0,0x0,0x0,
0x0,0x0,0x0,0x0,0x54,0x0,0x0,0x0,
0x54,0x0,0x0,0x0,0x0,0x0,0x1,0x0,
0x54,0x0,0x0,0x0,0x0,0x0,0x0,0x0,
0x6c,0x0,0x0,0x0,0x9d,0x3,0x90,0x2,
0x0,0x0,0x0,0x0,0x6c,0x0,0x0,0x0,
0x0,0x0,0x0,0x0,0x6c,0x0,0x0,0x0,
0x0,0x0,0x0,0x0,0x74,0x0,0x0,0x0,
0x0,0x0,0x1,0x0,0x1,0x0,0x0,0x0,
0x0,0x0,0x0,0x0,0x9d,0x3,0x0,0x3,
0x9d,0x3,0xb0,0x3,0x0,0x0,0x0,0x0,
0x82,0x0,0x0,0x0,0x0,0x0,0x0,0x0,
0x0,0x0,0xff,0xff,0xff,0xff,0xff,0xff,
0x0,0x0,0x0,0x0,0x54,0x0,0x0,0x0,
0x54,0x0,0x0,0x0,0x54,0x0,0x0,0x0,
0x0,0x0,0x0,0x0,0x54,0x0,0x0,0x0,
0x54,0x0,0x0,0x0,0x0,0x0,0x1,0x0,
0x54,0x0,0x0,0x0,0x0,0x0,0x0,0x0,
0x6c,0x0,0x0,0x0,0x9f,0x3,0x90,0x2,
0x0,0x0,0x0,0x0,0x6c,0x0,0x0,0x0,
0x0,0x0,0x0,0x0,0x6c,0x0,0x0,0x0,
0x0,0x0,0x0,0x0,0x18,0x0,0x0,0x0,
0x0,0x0,0x5,0x0,0x66,0x0,0x0,0x0,
0x0,0x0,0x0,0x0,0x9f,0x3,0x10,0x3,
0x9f,0x3,0x70,0x3,0x0,0x0,0x0,0x0,
0xae,0x0,0x0,0x0,0x1f,0x1,0x0,0x0,
0x0,0x0,0xff,0xff,0xff,0xff,0xff,0xff,
0x0,0x0,0x0,0x0,0x54,0x0,0x0,0x0,
0x54,0x0,0x0,0x0,0x54,0x0,0x0,0x0,
0x0,0x0,0x0,0x0,0x54,0x0,0x0,0x0,
0x54,0x0,0x0,0x0,0x0,0x0,0x2,0x0,
0x54,0x0,0x0,0x0,0x0,0x0,0x0,0x0,
0x84,0x0,0x0,0x0,0xa0,0x3,0x90,0x2,
0xa0,0x3,0x50,0x3,0x84,0x0,0x0,0x0,
0x0,0x0,0x0,0x0,0x84,0x0,0x0,0x0,
0x0,0x0,0x0,0x0,0x18,0x0,0x0,0x0,
0x0,0x0,0x3,0x0,0x0,0x0,0x0,0x0,
0x20,0x1,0x0,0x0,0xa0,0x3,0x70,0x4,
0xa0,0x3,0xd0,0x4,0x7d,0x0,0x0,0x0,
0x0,0x0,0x9,0x0,0x23,0x1,0x0,0x0,
0x0,0x0,0x0,0x0,0xa0,0x3,0xb0,0x5,
0xa0,0x3,0x20,0x6,0x0,0x0,0x0,0x0,
0x0,0x0,0x0,0x0,0x0,0x0,0x0,0x0,
0x0,0x0,0xff,0xff,0xff,0xff,0xff,0xff,
0x0,0x0,0x0,0x0,0x54,0x0,0x0,0x0,
0x54,0x0,0x0,0x0,0x54,0x0,0x0,0x0,
0x0,0x0,0x0,0x0,0x54,0x0,0x0,0x0,
0x54,0x0,0x0,0x0,0x0,0x0,0x1,0x0,
0x54,0x0,0x0,0x0,0x0,0x0,0x0,0x0,
0x6c,0x0,0x0,0x0,0xa0,0x3,0xb0,0x5,
0x0,0x0,0x0,0x0,0x6c,0x0,0x0,0x0,
0x0,0x0,0x0,0x0,0x6c,0x0,0x0,0x0,
0x0,0x0,0x0,0x0,0x75,0x0,0x0,0x0,
0x0,0x0,0x2,0x0,0xc,0x0,0x0,0x0,
0x0,0x0,0x0,0x0,0xa0,0x3,0x20,0x6,
0xa0,0x3,0x20,0x7,0x0,0x0,0x0,0x0,
0x82,0x0,0x0,0x0,0x0,0x0,0x0,0x0,
0x0,0x0,0xff,0xff,0xff,0xff,0xff,0xff,
0x0,0x0,0x0,0x0,0x54,0x0,0x0,0x0,
0x54,0x0,0x0,0x0,0x54,0x0,0x0,0x0,
0x0,0x0,0x0,0x0,0x54,0x0,0x0,0x0,
0x54,0x0,0x0,0x0,0x0,0x0,0x1,0x0,
0x54,0x0,0x0,0x0,0x0,0x0,0x0,0x0,
0x6c,0x0,0x0,0x0,0xa1,0x3,0x90,0x2,
0x0,0x0,0x0,0x0,0x6c,0x0,0x0,0x0,
0x0,0x0,0x0,0x0,0x6c,0x0,0x0,0x0,
0x0,0x0,0x0,0x0,0x18,0x0,0x0,0x0,
0x0,0x0,0x5,0x0,0x67,0x0,0x0,0x0,
0x0,0x0,0x0,0x0,0xa1,0x3,0x10,0x3,
0xa1,0x3,0x70,0x3,0x0,0x0,0x0,0x0,
0xae,0x0,0x0,0x0,0x22,0x1,0x0,0x0,
0x0,0x0,0xff,0xff,0xff,0xff,0xff,0xff,
0x0,0x0,0x0,0x0,0x54,0x0,0x0,0x0,
0x54,0x0,0x0,0x0,0x54,0x0,0x0,0x0,
0x0,0x0,0x0,0x0,0x54,0x0,0x0,0x0,
0x54,0x0,0x0,0x0,0x0,0x0,0x2,0x0,
0x54,0x0,0x0,0x0,0x0,0x0,0x0,0x0,
0x84,0x0,0x0,0x0,0xa2,0x3,0x90,0x2,
0xa2,0x3,0x50,0x3,0x84,0x0,0x0,0x0,
0x0,0x0,0x0,0x0,0x84,0x0,0x0,0x0,
0x0,0x0,0x0,0x0,0x18,0x0,0x0,0x0,
0x0,0x0,0x3,0x0,0x0,0x0,0x0,0x0,
0x23,0x1,0x0,0x0,0xa2,0x3,0x50,0x4,
0xa2,0x3,0xb0,0x4,0x7d,0x0,0x0,0x0,
0x0,0x0,0x9,0x0,0x26,0x1,0x0,0x0,
0x0,0x0,0x0,0x0,0xa2,0x3,0x90,0x5,
0xa2,0x3,0x0,0x6,0x0,0x0,0x0,0x0,
0x0,0x0,0x0,0x0,0x0,0x0,0x0,0x0,
0x0,0x0,0xff,0xff,0xff,0xff,0xff,0xff,
0x0,0x0,0x0,0x0,0x54,0x0,0x0,0x0,
0x54,0x0,0x0,0x0,0x54,0x0,0x0,0x0,
0x0,0x0,0x0,0x0,0x54,0x0,0x0,0x0,
0x54,0x0,0x0,0x0,0x0,0x0,0x1,0x0,
0x54,0x0,0x0,0x0,0x0,0x0,0x0,0x0,
0x6c,0x0,0x0,0x0,0xa2,0x3,0x90,0x5,
0x0,0x0,0x0,0x0,0x6c,0x0,0x0,0x0,
0x0,0x0,0x0,0x0,0x6c,0x0,0x0,0x0,
0x0,0x0,0x0,0x0,0x75,0x0,0x0,0x0,
0x0,0x0,0x2,0x0,0xc,0x0,0x0,0x0,
0x0,0x0,0x0,0x0,0xa2,0x3,0x0,0x6,
0xa2,0x3,0x0,0x7,0x0,0x0,0x0,0x0,
0x82,0x0,0x0,0x0,0x0,0x0,0x0,0x0,
0x0,0x0,0xff,0xff,0xff,0xff,0xff,0xff,
0x0,0x0,0x0,0x0,0x54,0x0,0x0,0x0,
0x54,0x0,0x0,0x0,0x54,0x0,0x0,0x0,
0x0,0x0,0x0,0x0,0x54,0x0,0x0,0x0,
0x54,0x0,0x0,0x0,0x0,0x0,0x1,0x0,
0x54,0x0,0x0,0x0,0x0,0x0,0x0,0x0,
0x6c,0x0,0x0,0x0,0xa3,0x3,0x90,0x2,
0x0,0x0,0x0,0x0,0x6c,0x0,0x0,0x0,
0x0,0x0,0x0,0x0,0x6c,0x0,0x0,0x0,
0x0,0x0,0x0,0x0,0x18,0x0,0x0,0x0,
0x0,0x0,0x5,0x0,0x68,0x0,0x0,0x0,
0x0,0x0,0x0,0x0,0xa3,0x3,0x10,0x3,
0xa3,0x3,0x70,0x3,0x0,0x0,0x0,0x0,
0xae,0x0,0x0,0x0,0x24,0x1,0x0,0x0,
0x0,0x0,0xff,0xff,0xff,0xff,0xff,0xff,
0x0,0x0,0x0,0x0,0x54,0x0,0x0,0x0,
0x54,0x0,0x0,0x0,0x54,0x0,0x0,0x0,
0x0,0x0,0x0,0x0,0x54,0x0,0x0,0x0,
0x54,0x0,0x0,0x0,0x0,0x0,0x2,0x0,
0x54,0x0,0x0,0x0,0x0,0x0,0x0,0x0,
0x84,0x0,0x0,0x0,0xa4,0x3,0x90,0x2,
0xa4,0x3,0x50,0x3,0x84,0x0,0x0,0x0,
0x0,0x0,0x0,0x0,0x84,0x0,0x0,0x0,
0x0,0x0,0x0,0x0,0xbf,0x0,0x0,0x0,
0x0,0x0,0x5,0x0,0x69,0x0,0x0,0x0,
0x0,0x0,0x0,0x0,0xa4,0x3,0xc0,0x4,
0xa4,0x3,0xd0,0x5,0x7d,0x0,0x0,0x0,
0x0,0x0,0x9,0x0,0x29,0x1,0x0,0x0,
0x0,0x0,0x0,0x0,0xa4,0x3,0x90,0x6,
0xa4,0x3,0x0,0x7,0x0,0x0,0x0,0x0,
0x0,0x0,0x0,0x0,0x0,0x0,0x0,0x0,
0x0,0x0,0xff,0xff,0xff,0xff,0xff,0xff,
0x0,0x0,0x0,0x0,0x54,0x0,0x0,0x0,
0x54,0x0,0x0,0x0,0x54,0x0,0x0,0x0,
0x0,0x0,0x0,0x0,0x54,0x0,0x0,0x0,
0x54,0x0,0x0,0x0,0x0,0x0,0x1,0x0,
0x54,0x0,0x0,0x0,0x0,0x0,0x0,0x0,
0x6c,0x0,0x0,0x0,0xa4,0x3,0x90,0x6,
0x0,0x0,0x0,0x0,0x6c,0x0,0x0,0x0,
0x0,0x0,0x0,0x0,0x6c,0x0,0x0,0x0,
0x0,0x0,0x0,0x0,0x75,0x0,0x0,0x0,
0x0,0x0,0x2,0x0,0xc,0x0,0x0,0x0,
0x0,0x0,0x0,0x0,0xa4,0x3,0x0,0x7,
0xa4,0x3,0x0,0x8,0x0,0x0,0x0,0x0,
0x82,0x0,0x0,0x0,0x0,0x0,0x0,0x0,
0x0,0x0,0xff,0xff,0xff,0xff,0xff,0xff,
0x0,0x0,0x0,0x0,0x54,0x0,0x0,0x0,
0x54,0x0,0x0,0x0,0x54,0x0,0x0,0x0,
0x0,0x0,0x0,0x0,0x54,0x0,0x0,0x0,
0x54,0x0,0x0,0x0,0x0,0x0,0x1,0x0,
0x54,0x0,0x0,0x0,0x0,0x0,0x0,0x0,
0x6c,0x0,0x0,0x0,0xa5,0x3,0x90,0x2,
0x0,0x0,0x0,0x0,0x6c,0x0,0x0,0x0,
0x0,0x0,0x0,0x0,0x6c,0x0,0x0,0x0,
0x0,0x0,0x0,0x0,0x18,0x0,0x0,0x0,
0x0,0x0,0x5,0x0,0x6a,0x0,0x0,0x0,
0x0,0x0,0x0,0x0,0xa5,0x3,0x10,0x3,
0xa5,0x3,0x70,0x3,0x0,0x0,0x0,0x0,
0xae,0x0,0x0,0x0,0x26,0x1,0x0,0x0,
0x0,0x0,0xff,0xff,0xff,0xff,0xff,0xff,
0x0,0x0,0x0,0x0,0x54,0x0,0x0,0x0,
0x54,0x0,0x0,0x0,0x54,0x0,0x0,0x0,
0x0,0x0,0x0,0x0,0x54,0x0,0x0,0x0,
0x54,0x0,0x0,0x0,0x0,0x0,0x2,0x0,
0x54,0x0,0x0,0x0,0x0,0x0,0x0,0x0,
0x84,0x0,0x0,0x0,0xa6,0x3,0x90,0x2,
0xa6,0x3,0x50,0x3,0x84,0x0,0x0,0x0,
0x0,0x0,0x0,0x0,0x84,0x0,0x0,0x0,
0x0,0x0,0x0,0x0,0xbf,0x0,0x0,0x0,
0x0,0x0,0x5,0x0,0x6b,0x0,0x0,0x0,
0x0,0x0,0x0,0x0,0xa6,0x3,0xc0,0x4,
0xa6,0x3,0xd0,0x5,0x7d,0x0,0x0,0x0,
0x0,0x0,0x9,0x0,0x2c,0x1,0x0,0x0,
0x0,0x0,0x0,0x0,0xa6,0x3,0xb0,0x6,
0xa6,0x3,0x20,0x7,0x0,0x0,0x0,0x0,
0x0,0x0,0x0,0x0,0x0,0x0,0x0,0x0,
0x0,0x0,0xff,0xff,0xff,0xff,0xff,0xff,
0x0,0x0,0x0,0x0,0x54,0x0,0x0,0x0,
0x54,0x0,0x0,0x0,0x54,0x0,0x0,0x0,
0x0,0x0,0x0,0x0,0x54,0x0,0x0,0x0,
0x54,0x0,0x0,0x0,0x0,0x0,0x1,0x0,
0x54,0x0,0x0,0x0,0x0,0x0,0x0,0x0,
0x6c,0x0,0x0,0x0,0xa6,0x3,0xb0,0x6,
0x0,0x0,0x0,0x0,0x6c,0x0,0x0,0x0,
0x0,0x0,0x0,0x0,0x6c,0x0,0x0,0x0,
0x0,0x0,0x0,0x0,0x75,0x0,0x0,0x0,
0x0,0x0,0x2,0x0,0xc,0x0,0x0,0x0,
0x0,0x0,0x0,0x0,0xa6,0x3,0x20,0x7,
0xa6,0x3,0x20,0x8,0x0,0x0,0x0,0x0,
0x9f,0x0,0x0,0x0,0x0,0x0,0x0,0x0,
0x0,0x0,0xff,0xff,0xff,0xff,0xff,0xff,
0x0,0x0,0x0,0x0,0x54,0x0,0x0,0x0,
0x54,0x0,0x0,0x0,0x54,0x0,0x0,0x0,
0x0,0x0,0x0,0x0,0x54,0x0,0x0,0x0,
0x54,0x0,0x0,0x0,0x0,0x0,0x5,0x0,
0x54,0x0,0x0,0x0,0x0,0x0,0x0,0x0,
0xcc,0x0,0x0,0x0,0xa9,0x3,0x50,0x2,
0x0,0x0,0x0,0x0,0xcc,0x0,0x0,0x0,
0x0,0x0,0x0,0x0,0xcc,0x0,0x0,0x0,
0x0,0x0,0x0,0x0,0x7a,0x0,0x0,0x0,
0x0,0x0,0x2,0x0,0x5,0x0,0x0,0x0,
0x0,0x0,0x0,0x0,0xaa,0x3,0x90,0x2,
0xaa,0x3,0x20,0x3,0x0,0x0,0x0,0x0,
0x0,0x0,0x8,0x0,0x2e,0x1,0x0,0x0,
0x0,0x0,0x0,0x0,0xab,0x3,0x90,0x2,
0xab,0x3,0x90,0x2,0x0,0x0,0x0,0x0,
0x0,0x0,0x8,0x0,0x2f,0x1,0x0,0x0,
0x0,0x0,0x0,0x0,0xb3,0x3,0x90,0x2,
0xb3,0x3,0x90,0x2,0x0,0x0,0x0,0x0,
0x0,0x0,0x8,0x0,0x30,0x1,0x0,0x0,
0x0,0x0,0x0,0x0,0xbb,0x3,0x90,0x2,
0xbb,0x3,0x90,0x2,0x0,0x0,0x0,0x0,
0x0,0x0,0x8,0x0,0x31,0x1,0x0,0x0,
0x0,0x0,0x0,0x0,0xc3,0x3,0x90,0x2,
0xc3,0x3,0x90,0x2,0x0,0x0,0x0,0x0,
0xa0,0x0,0x0,0x0,0x0,0x0,0x0,0x0,
0x0,0x0,0xff,0xff,0xff,0xff,0xff,0xff,
0x0,0x0,0x0,0x0,0x54,0x0,0x0,0x0,
0x54,0x0,0x0,0x0,0x54,0x0,0x0,0x0,
0x0,0x0,0x0,0x0,0x54,0x0,0x0,0x0,
0x54,0x0,0x0,0x0,0x0,0x0,0x2,0x0,
0x54,0x0,0x0,0x0,0x0,0x0,0x0,0x0,
0x84,0x0,0x0,0x0,0xab,0x3,0x90,0x2,
0x0,0x0,0x0,0x0,0x84,0x0,0x0,0x0,
0x0,0x0,0x0,0x0,0x84,0x0,0x0,0x0,
0x0,0x0,0x0,0x0,0xa2,0x0,0x0,0x0,
0x0,0x0,0x7,0x0,0x99,0x0,0x0,0x0,
0x0,0x0,0x0,0x0,0xad,0x3,0xd0,0x2,
0xad,0x3,0x80,0x3,0x18,0x0,0x0,0x0,
0x0,0x0,0x5,0x0,0x6c,0x0,0x0,0x0,
0x0,0x0,0x0,0x0,0xac,0x3,0xd0,0x2,
0xac,0x3,0x30,0x3,0x0,0x0,0x0,0x0,
0xa0,0x0,0x0,0x0,0x0,0x0,0x0,0x0,
0x0,0x0,0xff,0xff,0xff,0xff,0xff,0xff,
0x0,0x0,0x0,0x0,0x54,0x0,0x0,0x0,
0x54,0x0,0x0,0x0,0x54,0x0,0x0,0x0,
0x0,0x0,0x0,0x0,0x54,0x0,0x0,0x0,
0x54,0x0,0x0,0x0,0x0,0x0,0x2,0x0,
0x54,0x0,0x0,0x0,0x0,0x0,0x0,0x0,
0x84,0x0,0x0,0x0,0xb3,0x3,0x90,0x2,
0x0,0x0,0x0,0x0,0x84,0x0,0x0,0x0,
0x0,0x0,0x0,0x0,0x84,0x0,0x0,0x0,
0x0,0x0,0x0,0x0,0xa2,0x0,0x0,0x0,
0x0,0x0,0x7,0x0,0x9a,0x0,0x0,0x0,
0x0,0x0,0x0,0x0,0xb5,0x3,0xd0,0x2,
0xb5,0x3,0x80,0x3,0x18,0x0,0x0,0x0,
0x0,0x0,0x5,0x0,0x6d,0x0,0x0,0x0,
0x0,0x0,0x0,0x0,0xb4,0x3,0xd0,0x2,
0xb4,0x3,0x30,0x3,0x0,0x0,0x0,0x0,
0xa0,0x0,0x0,0x0,0x0,0x0,0x0,0x0,
0x0,0x0,0xff,0xff,0xff,0xff,0xff,0xff,
0x0,0x0,0x0,0x0,0x54,0x0,0x0,0x0,
0x54,0x0,0x0,0x0,0x54,0x0,0x0,0x0,
0x0,0x0,0x0,0x0,0x54,0x0,0x0,0x0,
0x54,0x0,0x0,0x0,0x0,0x0,0x2,0x0,
0x54,0x0,0x0,0x0,0x0,0x0,0x0,0x0,
0x84,0x0,0x0,0x0,0xbb,0x3,0x90,0x2,
0x0,0x0,0x0,0x0,0x84,0x0,0x0,0x0,
0x0,0x0,0x0,0x0,0x84,0x0,0x0,0x0,
0x0,0x0,0x0,0x0,0xa2,0x0,0x0,0x0,
0x0,0x0,0x7,0x0,0x9b,0x0,0x0,0x0,
0x0,0x0,0x0,0x0,0xbd,0x3,0xd0,0x2,
0xbd,0x3,0x80,0x3,0x18,0x0,0x0,0x0,
0x0,0x0,0x5,0x0,0x6e,0x0,0x0,0x0,
0x0,0x0,0x0,0x0,0xbc,0x3,0xd0,0x2,
0xbc,0x3,0x30,0x3,0x0,0x0,0x0,0x0,
0xa7,0x0,0x0,0x0,0x0,0x0,0x0,0x0,
0x0,0x0,0xff,0xff,0xff,0xff,0xff,0xff,
0x0,0x0,0x0,0x0,0x54,0x0,0x0,0x0,
0x54,0x0,0x0,0x0,0x54,0x0,0x0,0x0,
0x0,0x0,0x0,0x0,0x54,0x0,0x0,0x0,
0x54,0x0,0x0,0x0,0x0,0x0,0x1,0x0,
0x54,0x0,0x0,0x0,0x0,0x0,0x0,0x0,
0x6c,0x0,0x0,0x0,0xc3,0x3,0x90,0x2,
0x0,0x0,0x0,0x0,0x6c,0x0,0x0,0x0,
0x0,0x0,0x0,0x0,0x6c,0x0,0x0,0x0,
0x0,0x0,0x0,0x0,0x7d,0x0,0x0,0x0,
0x0,0x0,0x9,0x0,0x32,0x1,0x0,0x0,
0x0,0x0,0x0,0x0,0xc3,0x3,0x0,0x3,
0xc3,0x3,0x70,0x3,0x0,0x0,0x0,0x0,
0x0,0x0,0x0,0x0,0x0,0x0,0x0,0x0,
0x0,0x0,0xff,0xff,0xff,0xff,0xff,0xff,
0x0,0x0,0x0,0x0,0x54,0x0,0x0,0x0,
0x54,0x0,0x0,0x0,0x54,0x0,0x0,0x0,
0x0,0x0,0x0,0x0,0x54,0x0,0x0,0x0,
0x54,0x0,0x0,0x0,0x0,0x0,0x1,0x0,
0x54,0x0,0x0,0x0,0x0,0x0,0x0,0x0,
0x6c,0x0,0x0,0x0,0xc3,0x3,0x0,0x3,
0x0,0x0,0x0,0x0,0x6c,0x0,0x0,0x0,
0x0,0x0,0x0,0x0,0x6c,0x0,0x0,0x0,
0x0,0x0,0x0,0x0,0x74,0x0,0x0,0x0,
0x0,0x0,0x1,0x0,0x1,0x0,0x0,0x0,
0x0,0x0,0x0,0x0,0xc3,0x3,0x70,0x3,
0xc3,0x3,0x20,0x4,0x0,0x0,0x0,0x0,
0xb9,0x0,0x0,0x0,0x2b,0x1,0x0,0x0,
0x0,0x0,0xff,0xff,0xff,0xff,0xff,0xff,
0x0,0x0,0x0,0x0,0x54,0x0,0x0,0x0,
0x54,0x0,0x0,0x0,0x54,0x0,0x0,0x0,
0x0,0x0,0x0,0x0,0x54,0x0,0x0,0x0,
0x54,0x0,0x0,0x0,0x0,0x0,0x4,0x0,
0x54,0x0,0x0,0x0,0x0,0x0,0x0,0x0,
0xb4,0x0,0x0,0x0,0xc6,0x3,0x50,0x2,
0xc7,0x3,0x90,0x2,0xb4,0x0,0x0,0x0,
0x0,0x0,0x0,0x0,0xb4,0x0,0x0,0x0,
0x0,0x0,0x0,0x0,0x18,0x0,0x0,0x0,
0x0,0x0,0x5,0x0,0x6f,0x0,0x0,0x0,
0x0,0x0,0x0,0x0,0xcc,0x3,0x90,0x2,
0xcc,0x3,0xf0,0x2,0xa9,0x0,0x0,0x0,
0x0,0x0,0x7,0x0,0x9c,0x0,0x0,0x0,
0x0,0x0,0x0,0x0,0xcb,0x3,0x90,0x2,
0xcb,0x3,0x30,0x3,0x2c,0x1,0x0,0x0,
0x0,0x0,0x1,0x0,0x1,0x0,0x0,0x0,
0x0,0x0,0x0,0x0,0xca,0x3,0x90,0x2,
0xca,0x3,0x30,0x3,0x7d,0x0,0x0,0x0,
0x0,0x0,0x9,0x0,0x34,0x1,0x0,0x0,
0x0,0x0,0x0,0x0,0xc8,0x3,0x90,0x2,
0xc8,0x3,0x0,0x3,0x0,0x0,0x0,0x0,
0x0,0x0,0x0,0x0,0x0,0x0,0x0,0x0,
0x0,0x0,0xff,0xff,0xff,0xff,0xff,0xff,
0x0,0x0,0x0,0x0,0x54,0x0,0x0,0x0,
0x54,0x0,0x0,0x0,0x54,0x0,0x0,0x0,
0x0,0x0,0x0,0x0,0x54,0x0,0x0,0x0,
0x54,0x0,0x0,0x0,0x0,0x0,0x2,0x0,
0x54,0x0,0x0,0x0,0x0,0x0,0x0,0x0,
0x84,0x0,0x0,0x0,0xc8,0x3,0x90,0x2,
0x0,0x0,0x0,0x0,0x84,0x0,0x0,0x0,
0x0,0x0,0x0,0x0,0x84,0x0,0x0,0x0,
0x0,0x0,0x0,0x0,0xbb,0x0,0x0,0x0,
0x0,0x0,0x2,0x0,0x13,0x0,0x0,0x0,
0x0,0x0,0x0,0x0,0xc9,0x3,0x0,0x3,
0xc9,0x3,0x10,0x4,0x74,0x0,0x0,0x0,
0x0,0x0,0x1,0x0,0x1,0x0,0x0,0x0,
0x0,0x0,0x0,0x0,0xc8,0x3,0x0,0x3,
0xc8,0x3,0xb0,0x3,0x0,0x0,0x0,0x0,
0x7b,0x0,0x0,0x0,0x0,0x0,0x0,0x0,
0x0,0x0,0xff,0xff,0xff,0xff,0xff,0xff,
0x0,0x0,0x0,0x0,0x54,0x0,0x0,0x0,
0x54,0x0,0x0,0x0,0x54,0x0,0x0,0x0,
0x0,0x0,0x0,0x0,0x54,0x0,0x0,0x0,
0x54,0x0,0x0,0x0,0x0,0x0,0x3,0x0,
0x54,0x0,0x0,0x0,0x0,0x0,0x0,0x0,
0x9c,0x0,0x0,0x0,0xd6,0x3,0x90,0x0,
0x0,0x0,0x0,0x0,0x9c,0x0,0x0,0x0,
0x0,0x0,0x0,0x0,0x9c,0x0,0x0,0x0,
0x0,0x0,0x0,0x0,0x9,0x0,0x0,0x0,
0x0,0x0,0x5,0x0,0x70,0x0,0x0,0x0,
0x0,0x0,0x0,0x0,0xd7,0x3,0xd0,0x0,
0xd7,0x3,0x40,0x1,0x0,0x0,0x0,0x0,
0x0,0x0,0x8,0x0,0x37,0x1,0x0,0x0,
0x0,0x0,0x0,0x0,0xdb,0x3,0xd0,0x0,
0xdb,0x3,0xd0,0x0,0x6d,0x0,0x0,0x0,
0x0,0x0,0x9,0x0,0x36,0x1,0x0,0x0,
0x0,0x0,0x0,0x0,0xd8,0x3,0xd0,0x0,
0xd8,0x3,0x70,0x1,0x0,0x0,0x0,0x0,
0x0,0x0,0x0,0x0,0x0,0x0,0x0,0x0,
0x0,0x0,0xff,0xff,0xff,0xff,0xff,0xff,
0x0,0x0,0x0,0x0,0x54,0x0,0x0,0x0,
0x54,0x0,0x0,0x0,0x54,0x0,0x0,0x0,
0x0,0x0,0x0,0x0,0x54,0x0,0x0,0x0,
0x54,0x0,0x0,0x0,0x0,0x0,0x2,0x0,
0x54,0x0,0x0,0x0,0x0,0x0,0x0,0x0,
0x84,0x0,0x0,0x0,0xd8,0x3,0xd0,0x0,
0x0,0x0,0x0,0x0,0x84,0x0,0x0,0x0,
0x0,0x0,0x0,0x0,0x84,0x0,0x0,0x0,
0x0,0x0,0x0,0x0,0x75,0x0,0x0,0x0,
0x0,0x0,0x2,0x0,0x14,0x0,0x0,0x0,
0x0,0x0,0x0,0x0,0xd9,0x3,0x70,0x1,
0xd9,0x3,0x70,0x2,0x74,0x0,0x0,0x0,
0x0,0x0,0x1,0x0,0x1,0x0,0x0,0x0,
0x0,0x0,0x0,0x0,0xd8,0x3,0x70,0x1,
0xd8,0x3,0x20,0x2,0x0,0x0,0x0,0x0,
0x78,0x0,0x0,0x0,0x0,0x0,0x0,0x0,
0x0,0x0,0xff,0xff,0xff,0xff,0xff,0xff,
0x0,0x0,0x0,0x0,0x54,0x0,0x0,0x0,
0x54,0x0,0x0,0x0,0x54,0x0,0x0,0x0,
0x0,0x0,0x0,0x0,0x54,0x0,0x0,0x0,
0x54,0x0,0x0,0x0,0x0,0x0,0x4,0x0,
0x54,0x0,0x0,0x0,0x0,0x0,0x0,0x0,
0xb4,0x0,0x0,0x0,0xdb,0x3,0xd0,0x0,
0x0,0x0,0x0,0x0,0xb4,0x0,0x0,0x0,
0x0,0x0,0x0,0x0,0xb4,0x0,0x0,0x0,
0x0,0x0,0x0,0x0,0x7a,0x0,0x0,0x0,
0x0,0x0,0x2,0x0,0x5,0x0,0x0,0x0,
0x0,0x0,0x0,0x0,0xde,0x3,0x10,0x1,
0xde,0x3,0xa0,0x1,0x0,0x0,0x0,0x0,
0x0,0x0,0x8,0x0,0x39,0x1,0x0,0x0,
0x0,0x0,0x0,0x0,0xe0,0x3,0x10,0x1,
0xe0,0x3,0x10,0x1,0x0,0x0,0x0,0x0,
0x0,0x0,0x8,0x0,0x3f,0x1,0x0,0x0,
0x0,0x0,0x0,0x0,0xed,0x3,0x10,0x1,
0xed,0x3,0x10,0x1,0x6e,0x0,0x0,0x0,
0x0,0x0,0xa,0x0,0x38,0x1,0x0,0x0,
0x0,0x0,0x0,0x0,0xdc,0x3,0x10,0x1,
0xdc,0x3,0x90,0x1,0x0,0x0,0x0,0x0,
0x0,0x0,0x0,0x0,0x0,0x0,0x0,0x0,
0x0,0x0,0xff,0xff,0xff,0xff,0xff,0xff,
0x0,0x0,0x0,0x0,0x54,0x0,0x0,0x0,
0x54,0x0,0x0,0x0,0x54,0x0,0x0,0x0,
0x0,0x0,0x0,0x0,0x54,0x0,0x0,0x0,
0x54,0x0,0x0,0x0,0x0,0x0,0x2,0x0,
0x54,0x0,0x0,0x0,0x0,0x0,0x0,0x0,
0x84,0x0,0x0,0x0,0xdc,0x3,0x10,0x1,
0x0,0x0,0x0,0x0,0x84,0x0,0x0,0x0,
0x0,0x0,0x0,0x0,0x84,0x0,0x0,0x0,
0x0,0x0,0x0,0x0,0x79,0x0,0x0,0x0,
0x0,0x0,0x2,0x0,0x5,0x0,0x0,0x0,
0x0,0x0,0x0,0x0,0xdd,0x3,0x90,0x1,
0xdd,0x3,0x20,0x2,0x6f,0x0,0x0,0x0,
0x0,0x0,0x7,0x0,0x9d,0x0,0x0,0x0,
0x0,0x0,0x0,0x0,0xdc,0x3,0x90,0x1,
0xdc,0x3,0xf0,0x1,0x0,0x0,0x0,0x0,
0x9f,0x0,0x0,0x0,0x0,0x0,0x0,0x0,
0x0,0x0,0xff,0xff,0xff,0xff,0xff,0xff,
0x0,0x0,0x0,0x0,0x54,0x0,0x0,0x0,
0x54,0x0,0x0,0x0,0x54,0x0,0x0,0x0,
0x0,0x0,0x0,0x0,0x54,0x0,0x0,0x0,
0x54,0x0,0x0,0x0,0x0,0x0,0x4,0x0,
0x54,0x0,0x0,0x0,0x0,0x0,0x0,0x0,
0xb4,0x0,0x0,0x0,0xe0,0x3,0x10,0x1,
0x0,0x0,0x0,0x0,0xb4,0x0,0x0,0x0,
0x0,0x0,0x0,0x0,0xb4,0x0,0x0,0x0,
0x0,0x0,0x0,0x0,0x0,0x0,0x0,0x0,
0x0,0x0,0x8,0x0,0x3b,0x1,0x0,0x0,
0x0,0x0,0x0,0x0,0xe2,0x3,0x50,0x1,
0xe2,0x3,0x50,0x1,0x0,0x0,0x0,0x0,
0x0,0x0,0x8,0x0,0x3c,0x1,0x0,0x0,
0x0,0x0,0x0,0x0,0xe6,0x3,0x50,0x1,
0xe6,0x3,0x50,0x1,0x0,0x0,0x0,0x0,
0x0,0x0,0x8,0x0,0x3d,0x1,0x0,0x0,
0x0,0x0,0x0,0x0,0xea,0x3,0x50,0x1,
0xea,0x3,0x50,0x1,0x7d,0x0,0x0,0x0,
0x0,0x0,0x9,0x0,0x3a,0x1,0x0,0x0,
0x0,0x0,0x0,0x0,0xe1,0x3,0x50,0x1,
0xe1,0x3,0xc0,0x1,0x0,0x0,0x0,0x0,
0x0,0x0,0x0,0x0,0x0,0x0,0x0,0x0,
0x0,0x0,0xff,0xff,0xff,0xff,0xff,0xff,
0x0,0x0,0x0,0x0,0x54,0x0,0x0,0x0,
0x54,0x0,0x0,0x0,0x54,0x0,0x0,0x0,
0x0,0x0,0x0,0x0,0x54,0x0,0x0,0x0,
0x54,0x0,0x0,0x0,0x0,0x0,0x1,0x0,
0x54,0x0,0x0,0x0,0x0,0x0,0x0,0x0,
0x6c,0x0,0x0,0x0,0xe1,0x3,0x50,0x1,
0x0,0x0,0x0,0x0,0x6c,0x0,0x0,0x0,
0x0,0x0,0x0,0x0,0x6c,0x0,0x0,0x0,
0x0,0x0,0x0,0x0,0x74,0x0,0x0,0x0,
0x0,0x0,0x1,0x0,0x1,0x0,0x0,0x0,
0x0,0x0,0x0,0x0,0xe1,0x3,0xc0,0x1,
0xe1,0x3,0x70,0x2,0x0,0x0,0x0,0x0,
0xa0,0x0,0x0,0x0,0x0,0x0,0x0,0x0,
0x0,0x0,0xff,0xff,0xff,0xff,0xff,0xff,
0x0,0x0,0x0,0x0,0x54,0x0,0x0,0x0,
0x54,0x0,0x0,0x0,0x54,0x0,0x0,0x0,
0x0,0x0,0x0,0x0,0x54,0x0,0x0,0x0,
0x54,0x0,0x0,0x0,0x0,0x0,0x2,0x0,
0x54,0x0,0x0,0x0,0x0,0x0,0x0,0x0,
0x84,0x0,0x0,0x0,0xe2,0x3,0x50,0x1,
0x0,0x0,0x0,0x0,0x84,0x0,0x0,0x0,
0x0,0x0,0x0,0x0,0x84,0x0,0x0,0x0,
0x0,0x0,0x0,0x0,0xa2,0x0,0x0,0x0,
0x0,0x0,0x7,0x0,0x9e,0x0,0x0,0x0,
0x0,0x0,0x0,0x0,0xe4,0x3,0x90,0x1,
0xe4,0x3,0x40,0x2,0x18,0x0,0x0,0x0,
0x0,0x0,0x5,0x0,0x71,0x0,0x0,0x0,
0x0,0x0,0x0,0x0,0xe3,0x3,0x90,0x1,
0xe3,0x3,0xf0,0x1,0x0,0x0,0x0,0x0,
0xa0,0x0,0x0,0x0,0x0,0x0,0x0,0x0,
0x0,0x0,0xff,0xff,0xff,0xff,0xff,0xff,
0x0,0x0,0x0,0x0,0x54,0x0,0x0,0x0,
0x54,0x0,0x0,0x0,0x54,0x0,0x0,0x0,
0x0,0x0,0x0,0x0,0x54,0x0,0x0,0x0,
0x54,0x0,0x0,0x0,0x0,0x0,0x2,0x0,
0x54,0x0,0x0,0x0,0x0,0x0,0x0,0x0,
0x84,0x0,0x0,0x0,0xe6,0x3,0x50,0x1,
0x0,0x0,0x0,0x0,0x84,0x0,0x0,0x0,
0x0,0x0,0x0,0x0,0x84,0x0,0x0,0x0,
0x0,0x0,0x0,0x0,0xa2,0x0,0x0,0x0,
0x0,0x0,0x7,0x0,0x9f,0x0,0x0,0x0,
0x0,0x0,0x0,0x0,0xe8,0x3,0x90,0x1,
0xe8,0x3,0x40,0x2,0x18,0x0,0x0,0x0,
0x0,0x0,0x5,0x0,0x72,0x0,0x0,0x0,
0x0,0x0,0x0,0x0,0xe7,0x3,0x90,0x1,
0xe7,0x3,0xf0,0x1,0x0,0x0,0x0,0x0,
0xa7,0x0,0x0,0x0,0x0,0x0,0x0,0x0,
0x0,0x0,0xff,0xff,0xff,0xff,0xff,0xff,
0x0,0x0,0x0,0x0,0x54,0x0,0x0,0x0,
0x54,0x0,0x0,0x0,0x54,0x0,0x0,0x0,
0x0,0x0,0x0,0x0,0x54,0x0,0x0,0x0,
0x54,0x0,0x0,0x0,0x0,0x0,0x1,0x0,
0x54,0x0,0x0,0x0,0x0,0x0,0x0,0x0,
0x6c,0x0,0x0,0x0,0xea,0x3,0x50,0x1,
0x0,0x0,0x0,0x0,0x6c,0x0,0x0,0x0,
0x0,0x0,0x0,0x0,0x6c,0x0,0x0,0x0,
0x0,0x0,0x0,0x0,0x7d,0x0,0x0,0x0,
0x0,0x0,0x9,0x0,0x3e,0x1,0x0,0x0,
0x0,0x0,0x0,0x0,0xea,0x3,0xc0,0x1,
0xea,0x3,0x30,0x2,0x0,0x0,0x0,0x0,
0x0,0x0,0x0,0x0,0x0,0x0,0x0,0x0,
0x0,0x0,0xff,0xff,0xff,0xff,0xff,0xff,
0x0,0x0,0x0,0x0,0x54,0x0,0x0,0x0,
0x54,0x0,0x0,0x0,0x54,0x0,0x0,0x0,
0x0,0x0,0x0,0x0,0x54,0x0,0x0,0x0,
0x54,0x0,0x0,0x0,0x0,0x0,0x1,0x0,
0x54,0x0,0x0,0x0,0x0,0x0,0x0,0x0,
0x6c,0x0,0x0,0x0,0xea,0x3,0xc0,0x1,
0x0,0x0,0x0,0x0,0x6c,0x0,0x0,0x0,
0x0,0x0,0x0,0x0,0x6c,0x0,0x0,0x0,
0x0,0x0,0x0,0x0,0x74,0x0,0x0,0x0,
0x0,0x0,0x1,0x0,0x1,0x0,0x0,0x0,
0x0,0x0,0x0,0x0,0xea,0x3,0x30,0x2,
0xea,0x3,0xe0,0x2,0x0,0x0,0x0,0x0,
0xb9,0x0,0x0,0x0,0x31,0x1,0x0,0x0,
0x0,0x0,0xff,0xff,0xff,0xff,0xff,0xff,
0x0,0x0,0x0,0x0,0x54,0x0,0x0,0x0,
0x54,0x0,0x0,0x0,0x54,0x0,0x0,0x0,
0x0,0x0,0x0,0x0,0x54,0x0,0x0,0x0,
0x54,0x0,0x0,0x0,0x0,0x0,0x3,0x0,
0x54,0x0,0x0,0x0,0x0,0x0,0x0,0x0,
0x9c,0x0,0x0,0x0,0xed,0x3,0x10,0x1,
0xee,0x3,0x50,0x1,0x9c,0x0,0x0,0x0,
0x0,0x0,0x0,0x0,0x9c,0x0,0x0,0x0,
0x0,0x0,0x0,0x0,0xa9,0x0,0x0,0x0,
0x0,0x0,0x7,0x0,0xa0,0x0,0x0,0x0,
0x0,0x0,0x0,0x0,0xf2,0x3,0x50,0x1,
0xf2,0x3,0xf0,0x1,0x2c,0x1,0x0,0x0,
0x0,0x0,0x1,0x0,0x1,0x0,0x0,0x0,
0x0,0x0,0x0,0x0,0xf1,0x3,0x50,0x1,
0xf1,0x3,0xf0,0x1,0x7d,0x0,0x0,0x0,
0x0,0x0,0x9,0x0,0x40,0x1,0x0,0x0,
0x0,0x0,0x0,0x0,0xef,0x3,0x50,0x1,
0xef,0x3,0xc0,0x1,0x0,0x0,0x0,0x0,
0x0,0x0,0x0,0x0,0x0,0x0,0x0,0x0,
0x0,0x0,0xff,0xff,0xff,0xff,0xff,0xff,
0x0,0x0,0x0,0x0,0x54,0x0,0x0,0x0,
0x54,0x0,0x0,0x0,0x54,0x0,0x0,0x0,
0x0,0x0,0x0,0x0,0x54,0x0,0x0,0x0,
0x54,0x0,0x0,0x0,0x0,0x0,0x2,0x0,
0x54,0x0,0x0,0x0,0x0,0x0,0x0,0x0,
0x84,0x0,0x0,0x0,0xef,0x3,0x50,0x1,
0x0,0x0,0x0,0x0,0x84,0x0,0x0,0x0,
0x0,0x0,0x0,0x0,0x84,0x0,0x0,0x0,
0x0,0x0,0x0,0x0,0x98,0x0,0x0,0x0,
0x0,0x0,0x1,0x0,0x1,0x0,0x0,0x0,
0x0,0x0,0x0,0x0,0xf0,0x3,0xc0,0x1,
0xf0,0x3,0x80,0x2,0x74,0x0,0x0,0x0,
0x0,0x0,0x1,0x0,0x1,0x0,0x0,0x0,
0x0,0x0,0x0,0x0,0xef,0x3,0xc0,0x1,
0xef,0x3,0x70,0x2,0x0,0x0,0x0,0x0
};
QT_WARNING_PUSH
QT_WARNING_DISABLE_MSVC(4573)
extern const QQmlPrivate::AOTCompiledFunction aotBuiltFunctions[];
extern const QQmlPrivate::AOTCompiledFunction aotBuiltFunctions[] = {
{ 0, 0, [](QV4::ExecutableCompilationUnit *contextUnit, QMetaType *argTypes) {
    struct { QV4::ExecutableCompilationUnit *compilationUnit; } c { contextUnit };
    const auto *aotContext = &c;
    Q_UNUSED(aotContext);
    argTypes[0] = QMetaType::fromType<bool>();
}, 
    [](const QQmlPrivate::AOTCompiledContext *aotContext, void **argv) {
Q_UNUSED(aotContext)
Q_UNUSED(argv)
// expression for isDarkTheme at line 17, column 5
struct Storage : QQmlPrivate::AOTTrackedLocalsStorage {
Storage(const QQmlPrivate::AOTCompiledContext *ctxt, void **a)   : aotContext(ctxt), argv(a) {}
void markObjects(QV4::MarkStack *markStack) const final {    Q_UNUSED(markStack);
}
const QQmlPrivate::AOTCompiledContext *aotContext;
void **argv;
QString v2_0;
QString v2_4;
bool v2_9;
};
Storage s(aotContext, argv);
aotContext->setLocals(&s);
// generate_LoadQmlContextPropertyLookup
#ifndef QT_NO_DEBUG
aotContext->setInstructionPointer(2);
#endif
while (!aotContext->loadScopeObjectPropertyLookup(0, &s.v2_0)) {
#ifdef QT_NO_DEBUG
aotContext->setInstructionPointer(2);
#endif
aotContext->initLoadScopeObjectPropertyLookup(0);
if (aotContext->engine->hasError()) {
aotContext->setReturnValueUndefined();
if (argv[0]) {
    *static_cast<bool *>(argv[0]) = bool();
}
return;
}
}
{
}
// generate_StoreReg
{
}
// generate_LoadRuntimeString
s.v2_4 = QStringLiteral("dark");
{
}
// generate_CmpStrictEqual
s.v2_9 = s.v2_0 == s.v2_4;
{
}
{
}
// generate_Ret
if (argv[0]) {
    *static_cast<bool *>(argv[0]) = s.v2_9;
}
return;
}
 },{ 56, 0, [](QV4::ExecutableCompilationUnit *contextUnit, QMetaType *argTypes) {
    struct { QV4::ExecutableCompilationUnit *compilationUnit; } c { contextUnit };
    const auto *aotContext = &c;
    Q_UNUSED(aotContext);
    argTypes[0] = []() { static const auto t = QMetaType::fromName("QQuickItem*"); return t; }();
}, 
    [](const QQmlPrivate::AOTCompiledContext *aotContext, void **argv) {
Q_UNUSED(aotContext)
Q_UNUSED(argv)
// expression for fill at line 196, column 17
struct Storage : QQmlPrivate::AOTTrackedLocalsStorage {
Storage(const QQmlPrivate::AOTCompiledContext *ctxt, void **a)   : aotContext(ctxt), argv(a) {}
void markObjects(QV4::MarkStack *markStack) const final {    Q_UNUSED(markStack);
    aotContext->mark(v2_0, markStack);
}
const QQmlPrivate::AOTCompiledContext *aotContext;
void **argv;
QObject *v2_0 = nullptr;
};
Storage s(aotContext, argv);
aotContext->setLocals(&s);
// generate_LoadQmlContextPropertyLookup
#ifndef QT_NO_DEBUG
aotContext->setInstructionPointer(5);
#endif
while (!aotContext->loadScopeObjectPropertyLookup(137, &s.v2_0)) {
#ifdef QT_NO_DEBUG
aotContext->setInstructionPointer(5);
#endif
aotContext->initLoadScopeObjectPropertyLookup(137);
if (aotContext->engine->hasError()) {
aotContext->setReturnValueUndefined();
if (argv[0]) {
    *static_cast<QObject * *>(argv[0]) = nullptr;
}
return;
}
}
{
}
{
}
// generate_Ret
if (argv[0]) {
    *static_cast<QObject * *>(argv[0]) = s.v2_0;
}
return;
}
 },{ 57, 0, [](QV4::ExecutableCompilationUnit *contextUnit, QMetaType *argTypes) {
    struct { QV4::ExecutableCompilationUnit *compilationUnit; } c { contextUnit };
    const auto *aotContext = &c;
    Q_UNUSED(aotContext);
    argTypes[0] = []() { static const auto t = QMetaType::fromName("QQuickItem*"); return t; }();
}, 
    [](const QQmlPrivate::AOTCompiledContext *aotContext, void **argv) {
Q_UNUSED(aotContext)
Q_UNUSED(argv)
// expression for fill at line 205, column 25
struct Storage : QQmlPrivate::AOTTrackedLocalsStorage {
Storage(const QQmlPrivate::AOTCompiledContext *ctxt, void **a)   : aotContext(ctxt), argv(a) {}
void markObjects(QV4::MarkStack *markStack) const final {    Q_UNUSED(markStack);
    aotContext->mark(v2_0, markStack);
}
const QQmlPrivate::AOTCompiledContext *aotContext;
void **argv;
QObject *v2_0 = nullptr;
};
Storage s(aotContext, argv);
aotContext->setLocals(&s);
// generate_LoadQmlContextPropertyLookup
#ifndef QT_NO_DEBUG
aotContext->setInstructionPointer(5);
#endif
while (!aotContext->loadScopeObjectPropertyLookup(138, &s.v2_0)) {
#ifdef QT_NO_DEBUG
aotContext->setInstructionPointer(5);
#endif
aotContext->initLoadScopeObjectPropertyLookup(138);
if (aotContext->engine->hasError()) {
aotContext->setReturnValueUndefined();
if (argv[0]) {
    *static_cast<QObject * *>(argv[0]) = nullptr;
}
return;
}
}
{
}
{
}
// generate_Ret
if (argv[0]) {
    *static_cast<QObject * *>(argv[0]) = s.v2_0;
}
return;
}
 },{ 67, 0, [](QV4::ExecutableCompilationUnit *contextUnit, QMetaType *argTypes) {
    struct { QV4::ExecutableCompilationUnit *compilationUnit; } c { contextUnit };
    const auto *aotContext = &c;
    Q_UNUSED(aotContext);
    argTypes[0] = QMetaType::fromType<double>();
}, 
    [](const QQmlPrivate::AOTCompiledContext *aotContext, void **argv) {
Q_UNUSED(aotContext)
Q_UNUSED(argv)
// expression for width at line 256, column 29
struct Storage : QQmlPrivate::AOTTrackedLocalsStorage {
Storage(const QQmlPrivate::AOTCompiledContext *ctxt, void **a)   : aotContext(ctxt), argv(a) {}
void markObjects(QV4::MarkStack *markStack) const final {    Q_UNUSED(markStack);
    aotContext->mark(v2_0, markStack);
}
const QQmlPrivate::AOTCompiledContext *aotContext;
void **argv;
QObject *v2_0 = nullptr;
double v2_5;
};
Storage s(aotContext, argv);
aotContext->setLocals(&s);
// generate_LoadQmlContextPropertyLookup
#ifndef QT_NO_DEBUG
aotContext->setInstructionPointer(5);
#endif
while (!aotContext->loadScopeObjectPropertyLookup(171, &s.v2_0)) {
#ifdef QT_NO_DEBUG
aotContext->setInstructionPointer(5);
#endif
aotContext->initLoadScopeObjectPropertyLookup(171);
if (aotContext->engine->hasError()) {
aotContext->setReturnValueUndefined();
if (argv[0]) {
    *static_cast<double *>(argv[0]) = double();
}
return;
}
}
{
}
// generate_GetLookup
#ifndef QT_NO_DEBUG
aotContext->setInstructionPointer(10);
#endif
while (!aotContext->getObjectLookup(172, s.v2_0, &s.v2_5)) {
#ifdef QT_NO_DEBUG
aotContext->setInstructionPointer(10);
#endif
aotContext->initGetObjectLookup(172, s.v2_0);
if (aotContext->engine->hasError()) {
aotContext->setReturnValueUndefined();
if (argv[0]) {
    *static_cast<double *>(argv[0]) = double();
}
return;
}
}
{
}
{
}
// generate_Ret
if (argv[0]) {
    *static_cast<double *>(argv[0]) = s.v2_5;
}
return;
}
 },{ 68, 0, [](QV4::ExecutableCompilationUnit *contextUnit, QMetaType *argTypes) {
    struct { QV4::ExecutableCompilationUnit *compilationUnit; } c { contextUnit };
    const auto *aotContext = &c;
    Q_UNUSED(aotContext);
    argTypes[0] = []() { static const auto t = QMetaType::fromName("QQuickItem*"); return t; }();
}, 
    [](const QQmlPrivate::AOTCompiledContext *aotContext, void **argv) {
Q_UNUSED(aotContext)
Q_UNUSED(argv)
// expression for fill at line 263, column 37
struct Storage : QQmlPrivate::AOTTrackedLocalsStorage {
Storage(const QQmlPrivate::AOTCompiledContext *ctxt, void **a)   : aotContext(ctxt), argv(a) {}
void markObjects(QV4::MarkStack *markStack) const final {    Q_UNUSED(markStack);
    aotContext->mark(v2_0, markStack);
}
const QQmlPrivate::AOTCompiledContext *aotContext;
void **argv;
QObject *v2_0 = nullptr;
};
Storage s(aotContext, argv);
aotContext->setLocals(&s);
// generate_LoadQmlContextPropertyLookup
#ifndef QT_NO_DEBUG
aotContext->setInstructionPointer(5);
#endif
while (!aotContext->loadScopeObjectPropertyLookup(173, &s.v2_0)) {
#ifdef QT_NO_DEBUG
aotContext->setInstructionPointer(5);
#endif
aotContext->initLoadScopeObjectPropertyLookup(173);
if (aotContext->engine->hasError()) {
aotContext->setReturnValueUndefined();
if (argv[0]) {
    *static_cast<QObject * *>(argv[0]) = nullptr;
}
return;
}
}
{
}
{
}
// generate_Ret
if (argv[0]) {
    *static_cast<QObject * *>(argv[0]) = s.v2_0;
}
return;
}
 },{ 75, 0, [](QV4::ExecutableCompilationUnit *contextUnit, QMetaType *argTypes) {
    struct { QV4::ExecutableCompilationUnit *compilationUnit; } c { contextUnit };
    const auto *aotContext = &c;
    Q_UNUSED(aotContext);
    argTypes[0] = QMetaType::fromType<double>();
}, 
    [](const QQmlPrivate::AOTCompiledContext *aotContext, void **argv) {
Q_UNUSED(aotContext)
Q_UNUSED(argv)
// expression for width at line 305, column 29
struct Storage : QQmlPrivate::AOTTrackedLocalsStorage {
Storage(const QQmlPrivate::AOTCompiledContext *ctxt, void **a)   : aotContext(ctxt), argv(a) {}
void markObjects(QV4::MarkStack *markStack) const final {    Q_UNUSED(markStack);
    aotContext->mark(v2_0, markStack);
}
const QQmlPrivate::AOTCompiledContext *aotContext;
void **argv;
QObject *v2_0 = nullptr;
double v2_5;
};
Storage s(aotContext, argv);
aotContext->setLocals(&s);
// generate_LoadQmlContextPropertyLookup
#ifndef QT_NO_DEBUG
aotContext->setInstructionPointer(5);
#endif
while (!aotContext->loadScopeObjectPropertyLookup(183, &s.v2_0)) {
#ifdef QT_NO_DEBUG
aotContext->setInstructionPointer(5);
#endif
aotContext->initLoadScopeObjectPropertyLookup(183);
if (aotContext->engine->hasError()) {
aotContext->setReturnValueUndefined();
if (argv[0]) {
    *static_cast<double *>(argv[0]) = double();
}
return;
}
}
{
}
// generate_GetLookup
#ifndef QT_NO_DEBUG
aotContext->setInstructionPointer(10);
#endif
while (!aotContext->getObjectLookup(184, s.v2_0, &s.v2_5)) {
#ifdef QT_NO_DEBUG
aotContext->setInstructionPointer(10);
#endif
aotContext->initGetObjectLookup(184, s.v2_0);
if (aotContext->engine->hasError()) {
aotContext->setReturnValueUndefined();
if (argv[0]) {
    *static_cast<double *>(argv[0]) = double();
}
return;
}
}
{
}
{
}
// generate_Ret
if (argv[0]) {
    *static_cast<double *>(argv[0]) = s.v2_5;
}
return;
}
 },{ 76, 0, [](QV4::ExecutableCompilationUnit *contextUnit, QMetaType *argTypes) {
    struct { QV4::ExecutableCompilationUnit *compilationUnit; } c { contextUnit };
    const auto *aotContext = &c;
    Q_UNUSED(aotContext);
    argTypes[0] = []() { static const auto t = QMetaType::fromName("QQuickItem*"); return t; }();
}, 
    [](const QQmlPrivate::AOTCompiledContext *aotContext, void **argv) {
Q_UNUSED(aotContext)
Q_UNUSED(argv)
// expression for fill at line 312, column 37
struct Storage : QQmlPrivate::AOTTrackedLocalsStorage {
Storage(const QQmlPrivate::AOTCompiledContext *ctxt, void **a)   : aotContext(ctxt), argv(a) {}
void markObjects(QV4::MarkStack *markStack) const final {    Q_UNUSED(markStack);
    aotContext->mark(v2_0, markStack);
}
const QQmlPrivate::AOTCompiledContext *aotContext;
void **argv;
QObject *v2_0 = nullptr;
};
Storage s(aotContext, argv);
aotContext->setLocals(&s);
// generate_LoadQmlContextPropertyLookup
#ifndef QT_NO_DEBUG
aotContext->setInstructionPointer(5);
#endif
while (!aotContext->loadScopeObjectPropertyLookup(185, &s.v2_0)) {
#ifdef QT_NO_DEBUG
aotContext->setInstructionPointer(5);
#endif
aotContext->initLoadScopeObjectPropertyLookup(185);
if (aotContext->engine->hasError()) {
aotContext->setReturnValueUndefined();
if (argv[0]) {
    *static_cast<QObject * *>(argv[0]) = nullptr;
}
return;
}
}
{
}
{
}
// generate_Ret
if (argv[0]) {
    *static_cast<QObject * *>(argv[0]) = s.v2_0;
}
return;
}
 },{ 80, 0, [](QV4::ExecutableCompilationUnit *contextUnit, QMetaType *argTypes) {
    struct { QV4::ExecutableCompilationUnit *compilationUnit; } c { contextUnit };
    const auto *aotContext = &c;
    Q_UNUSED(aotContext);
    argTypes[0] = []() { static const auto t = QMetaType::fromName("QQuickItem*"); return t; }();
}, 
    [](const QQmlPrivate::AOTCompiledContext *aotContext, void **argv) {
Q_UNUSED(aotContext)
Q_UNUSED(argv)
// expression for fill at line 346, column 37
struct Storage : QQmlPrivate::AOTTrackedLocalsStorage {
Storage(const QQmlPrivate::AOTCompiledContext *ctxt, void **a)   : aotContext(ctxt), argv(a) {}
void markObjects(QV4::MarkStack *markStack) const final {    Q_UNUSED(markStack);
    aotContext->mark(v2_0, markStack);
}
const QQmlPrivate::AOTCompiledContext *aotContext;
void **argv;
QObject *v2_0 = nullptr;
};
Storage s(aotContext, argv);
aotContext->setLocals(&s);
// generate_LoadQmlContextPropertyLookup
#ifndef QT_NO_DEBUG
aotContext->setInstructionPointer(5);
#endif
while (!aotContext->loadScopeObjectPropertyLookup(199, &s.v2_0)) {
#ifdef QT_NO_DEBUG
aotContext->setInstructionPointer(5);
#endif
aotContext->initLoadScopeObjectPropertyLookup(199);
if (aotContext->engine->hasError()) {
aotContext->setReturnValueUndefined();
if (argv[0]) {
    *static_cast<QObject * *>(argv[0]) = nullptr;
}
return;
}
}
{
}
{
}
// generate_Ret
if (argv[0]) {
    *static_cast<QObject * *>(argv[0]) = s.v2_0;
}
return;
}
 },{ 84, 0, [](QV4::ExecutableCompilationUnit *contextUnit, QMetaType *argTypes) {
    struct { QV4::ExecutableCompilationUnit *compilationUnit; } c { contextUnit };
    const auto *aotContext = &c;
    Q_UNUSED(aotContext);
    argTypes[0] = QMetaType::fromType<double>();
}, 
    [](const QQmlPrivate::AOTCompiledContext *aotContext, void **argv) {
Q_UNUSED(aotContext)
Q_UNUSED(argv)
// expression for width at line 389, column 29
struct Storage : QQmlPrivate::AOTTrackedLocalsStorage {
Storage(const QQmlPrivate::AOTCompiledContext *ctxt, void **a)   : aotContext(ctxt), argv(a) {}
void markObjects(QV4::MarkStack *markStack) const final {    Q_UNUSED(markStack);
    aotContext->mark(v2_0, markStack);
}
const QQmlPrivate::AOTCompiledContext *aotContext;
void **argv;
QObject *v2_0 = nullptr;
double v2_5;
};
Storage s(aotContext, argv);
aotContext->setLocals(&s);
// generate_LoadQmlContextPropertyLookup
#ifndef QT_NO_DEBUG
aotContext->setInstructionPointer(5);
#endif
while (!aotContext->loadScopeObjectPropertyLookup(219, &s.v2_0)) {
#ifdef QT_NO_DEBUG
aotContext->setInstructionPointer(5);
#endif
aotContext->initLoadScopeObjectPropertyLookup(219);
if (aotContext->engine->hasError()) {
aotContext->setReturnValueUndefined();
if (argv[0]) {
    *static_cast<double *>(argv[0]) = double();
}
return;
}
}
{
}
// generate_GetLookup
#ifndef QT_NO_DEBUG
aotContext->setInstructionPointer(10);
#endif
while (!aotContext->getObjectLookup(220, s.v2_0, &s.v2_5)) {
#ifdef QT_NO_DEBUG
aotContext->setInstructionPointer(10);
#endif
aotContext->initGetObjectLookup(220, s.v2_0);
if (aotContext->engine->hasError()) {
aotContext->setReturnValueUndefined();
if (argv[0]) {
    *static_cast<double *>(argv[0]) = double();
}
return;
}
}
{
}
{
}
// generate_Ret
if (argv[0]) {
    *static_cast<double *>(argv[0]) = s.v2_5;
}
return;
}
 },{ 85, 0, [](QV4::ExecutableCompilationUnit *contextUnit, QMetaType *argTypes) {
    struct { QV4::ExecutableCompilationUnit *compilationUnit; } c { contextUnit };
    const auto *aotContext = &c;
    Q_UNUSED(aotContext);
    argTypes[0] = []() { static const auto t = QMetaType::fromName("QQuickItem*"); return t; }();
}, 
    [](const QQmlPrivate::AOTCompiledContext *aotContext, void **argv) {
Q_UNUSED(aotContext)
Q_UNUSED(argv)
// expression for fill at line 396, column 37
struct Storage : QQmlPrivate::AOTTrackedLocalsStorage {
Storage(const QQmlPrivate::AOTCompiledContext *ctxt, void **a)   : aotContext(ctxt), argv(a) {}
void markObjects(QV4::MarkStack *markStack) const final {    Q_UNUSED(markStack);
    aotContext->mark(v2_0, markStack);
}
const QQmlPrivate::AOTCompiledContext *aotContext;
void **argv;
QObject *v2_0 = nullptr;
};
Storage s(aotContext, argv);
aotContext->setLocals(&s);
// generate_LoadQmlContextPropertyLookup
#ifndef QT_NO_DEBUG
aotContext->setInstructionPointer(5);
#endif
while (!aotContext->loadScopeObjectPropertyLookup(221, &s.v2_0)) {
#ifdef QT_NO_DEBUG
aotContext->setInstructionPointer(5);
#endif
aotContext->initLoadScopeObjectPropertyLookup(221);
if (aotContext->engine->hasError()) {
aotContext->setReturnValueUndefined();
if (argv[0]) {
    *static_cast<QObject * *>(argv[0]) = nullptr;
}
return;
}
}
{
}
{
}
// generate_Ret
if (argv[0]) {
    *static_cast<QObject * *>(argv[0]) = s.v2_0;
}
return;
}
 },{ 97, 0, [](QV4::ExecutableCompilationUnit *contextUnit, QMetaType *argTypes) {
    struct { QV4::ExecutableCompilationUnit *compilationUnit; } c { contextUnit };
    const auto *aotContext = &c;
    Q_UNUSED(aotContext);
    argTypes[0] = QMetaType::fromType<double>();
}, 
    [](const QQmlPrivate::AOTCompiledContext *aotContext, void **argv) {
Q_UNUSED(aotContext)
Q_UNUSED(argv)
// expression for width at line 495, column 29
struct Storage : QQmlPrivate::AOTTrackedLocalsStorage {
Storage(const QQmlPrivate::AOTCompiledContext *ctxt, void **a)   : aotContext(ctxt), argv(a) {}
void markObjects(QV4::MarkStack *markStack) const final {    Q_UNUSED(markStack);
    aotContext->mark(v2_0, markStack);
}
const QQmlPrivate::AOTCompiledContext *aotContext;
void **argv;
QObject *v2_0 = nullptr;
double v2_5;
};
Storage s(aotContext, argv);
aotContext->setLocals(&s);
// generate_LoadQmlContextPropertyLookup
#ifndef QT_NO_DEBUG
aotContext->setInstructionPointer(5);
#endif
while (!aotContext->loadScopeObjectPropertyLookup(311, &s.v2_0)) {
#ifdef QT_NO_DEBUG
aotContext->setInstructionPointer(5);
#endif
aotContext->initLoadScopeObjectPropertyLookup(311);
if (aotContext->engine->hasError()) {
aotContext->setReturnValueUndefined();
if (argv[0]) {
    *static_cast<double *>(argv[0]) = double();
}
return;
}
}
{
}
// generate_GetLookup
#ifndef QT_NO_DEBUG
aotContext->setInstructionPointer(10);
#endif
while (!aotContext->getObjectLookup(312, s.v2_0, &s.v2_5)) {
#ifdef QT_NO_DEBUG
aotContext->setInstructionPointer(10);
#endif
aotContext->initGetObjectLookup(312, s.v2_0);
if (aotContext->engine->hasError()) {
aotContext->setReturnValueUndefined();
if (argv[0]) {
    *static_cast<double *>(argv[0]) = double();
}
return;
}
}
{
}
{
}
// generate_Ret
if (argv[0]) {
    *static_cast<double *>(argv[0]) = s.v2_5;
}
return;
}
 },{ 98, 0, [](QV4::ExecutableCompilationUnit *contextUnit, QMetaType *argTypes) {
    struct { QV4::ExecutableCompilationUnit *compilationUnit; } c { contextUnit };
    const auto *aotContext = &c;
    Q_UNUSED(aotContext);
    argTypes[0] = []() { static const auto t = QMetaType::fromName("QQuickItem*"); return t; }();
}, 
    [](const QQmlPrivate::AOTCompiledContext *aotContext, void **argv) {
Q_UNUSED(aotContext)
Q_UNUSED(argv)
// expression for fill at line 502, column 37
struct Storage : QQmlPrivate::AOTTrackedLocalsStorage {
Storage(const QQmlPrivate::AOTCompiledContext *ctxt, void **a)   : aotContext(ctxt), argv(a) {}
void markObjects(QV4::MarkStack *markStack) const final {    Q_UNUSED(markStack);
    aotContext->mark(v2_0, markStack);
}
const QQmlPrivate::AOTCompiledContext *aotContext;
void **argv;
QObject *v2_0 = nullptr;
};
Storage s(aotContext, argv);
aotContext->setLocals(&s);
// generate_LoadQmlContextPropertyLookup
#ifndef QT_NO_DEBUG
aotContext->setInstructionPointer(5);
#endif
while (!aotContext->loadScopeObjectPropertyLookup(313, &s.v2_0)) {
#ifdef QT_NO_DEBUG
aotContext->setInstructionPointer(5);
#endif
aotContext->initLoadScopeObjectPropertyLookup(313);
if (aotContext->engine->hasError()) {
aotContext->setReturnValueUndefined();
if (argv[0]) {
    *static_cast<QObject * *>(argv[0]) = nullptr;
}
return;
}
}
{
}
{
}
// generate_Ret
if (argv[0]) {
    *static_cast<QObject * *>(argv[0]) = s.v2_0;
}
return;
}
 },{ 109, 0, [](QV4::ExecutableCompilationUnit *contextUnit, QMetaType *argTypes) {
    struct { QV4::ExecutableCompilationUnit *compilationUnit; } c { contextUnit };
    const auto *aotContext = &c;
    Q_UNUSED(aotContext);
    argTypes[0] = QMetaType::fromType<double>();
}, 
    [](const QQmlPrivate::AOTCompiledContext *aotContext, void **argv) {
Q_UNUSED(aotContext)
Q_UNUSED(argv)
// expression for width at line 587, column 29
struct Storage : QQmlPrivate::AOTTrackedLocalsStorage {
Storage(const QQmlPrivate::AOTCompiledContext *ctxt, void **a)   : aotContext(ctxt), argv(a) {}
void markObjects(QV4::MarkStack *markStack) const final {    Q_UNUSED(markStack);
    aotContext->mark(v2_0, markStack);
}
const QQmlPrivate::AOTCompiledContext *aotContext;
void **argv;
QObject *v2_0 = nullptr;
double v2_5;
};
Storage s(aotContext, argv);
aotContext->setLocals(&s);
// generate_LoadQmlContextPropertyLookup
#ifndef QT_NO_DEBUG
aotContext->setInstructionPointer(5);
#endif
while (!aotContext->loadScopeObjectPropertyLookup(379, &s.v2_0)) {
#ifdef QT_NO_DEBUG
aotContext->setInstructionPointer(5);
#endif
aotContext->initLoadScopeObjectPropertyLookup(379);
if (aotContext->engine->hasError()) {
aotContext->setReturnValueUndefined();
if (argv[0]) {
    *static_cast<double *>(argv[0]) = double();
}
return;
}
}
{
}
// generate_GetLookup
#ifndef QT_NO_DEBUG
aotContext->setInstructionPointer(10);
#endif
while (!aotContext->getObjectLookup(380, s.v2_0, &s.v2_5)) {
#ifdef QT_NO_DEBUG
aotContext->setInstructionPointer(10);
#endif
aotContext->initGetObjectLookup(380, s.v2_0);
if (aotContext->engine->hasError()) {
aotContext->setReturnValueUndefined();
if (argv[0]) {
    *static_cast<double *>(argv[0]) = double();
}
return;
}
}
{
}
{
}
// generate_Ret
if (argv[0]) {
    *static_cast<double *>(argv[0]) = s.v2_5;
}
return;
}
 },{ 110, 0, [](QV4::ExecutableCompilationUnit *contextUnit, QMetaType *argTypes) {
    struct { QV4::ExecutableCompilationUnit *compilationUnit; } c { contextUnit };
    const auto *aotContext = &c;
    Q_UNUSED(aotContext);
    argTypes[0] = []() { static const auto t = QMetaType::fromName("QQuickItem*"); return t; }();
}, 
    [](const QQmlPrivate::AOTCompiledContext *aotContext, void **argv) {
Q_UNUSED(aotContext)
Q_UNUSED(argv)
// expression for fill at line 594, column 37
struct Storage : QQmlPrivate::AOTTrackedLocalsStorage {
Storage(const QQmlPrivate::AOTCompiledContext *ctxt, void **a)   : aotContext(ctxt), argv(a) {}
void markObjects(QV4::MarkStack *markStack) const final {    Q_UNUSED(markStack);
    aotContext->mark(v2_0, markStack);
}
const QQmlPrivate::AOTCompiledContext *aotContext;
void **argv;
QObject *v2_0 = nullptr;
};
Storage s(aotContext, argv);
aotContext->setLocals(&s);
// generate_LoadQmlContextPropertyLookup
#ifndef QT_NO_DEBUG
aotContext->setInstructionPointer(5);
#endif
while (!aotContext->loadScopeObjectPropertyLookup(381, &s.v2_0)) {
#ifdef QT_NO_DEBUG
aotContext->setInstructionPointer(5);
#endif
aotContext->initLoadScopeObjectPropertyLookup(381);
if (aotContext->engine->hasError()) {
aotContext->setReturnValueUndefined();
if (argv[0]) {
    *static_cast<QObject * *>(argv[0]) = nullptr;
}
return;
}
}
{
}
{
}
// generate_Ret
if (argv[0]) {
    *static_cast<QObject * *>(argv[0]) = s.v2_0;
}
return;
}
 },{ 119, 0, [](QV4::ExecutableCompilationUnit *contextUnit, QMetaType *argTypes) {
    struct { QV4::ExecutableCompilationUnit *compilationUnit; } c { contextUnit };
    const auto *aotContext = &c;
    Q_UNUSED(aotContext);
    argTypes[0] = QMetaType::fromType<double>();
}, 
    [](const QQmlPrivate::AOTCompiledContext *aotContext, void **argv) {
Q_UNUSED(aotContext)
Q_UNUSED(argv)
// expression for width at line 669, column 29
struct Storage : QQmlPrivate::AOTTrackedLocalsStorage {
Storage(const QQmlPrivate::AOTCompiledContext *ctxt, void **a)   : aotContext(ctxt), argv(a) {}
void markObjects(QV4::MarkStack *markStack) const final {    Q_UNUSED(markStack);
    aotContext->mark(v2_0, markStack);
}
const QQmlPrivate::AOTCompiledContext *aotContext;
void **argv;
QObject *v2_0 = nullptr;
double v2_5;
};
Storage s(aotContext, argv);
aotContext->setLocals(&s);
// generate_LoadQmlContextPropertyLookup
#ifndef QT_NO_DEBUG
aotContext->setInstructionPointer(5);
#endif
while (!aotContext->loadScopeObjectPropertyLookup(431, &s.v2_0)) {
#ifdef QT_NO_DEBUG
aotContext->setInstructionPointer(5);
#endif
aotContext->initLoadScopeObjectPropertyLookup(431);
if (aotContext->engine->hasError()) {
aotContext->setReturnValueUndefined();
if (argv[0]) {
    *static_cast<double *>(argv[0]) = double();
}
return;
}
}
{
}
// generate_GetLookup
#ifndef QT_NO_DEBUG
aotContext->setInstructionPointer(10);
#endif
while (!aotContext->getObjectLookup(432, s.v2_0, &s.v2_5)) {
#ifdef QT_NO_DEBUG
aotContext->setInstructionPointer(10);
#endif
aotContext->initGetObjectLookup(432, s.v2_0);
if (aotContext->engine->hasError()) {
aotContext->setReturnValueUndefined();
if (argv[0]) {
    *static_cast<double *>(argv[0]) = double();
}
return;
}
}
{
}
{
}
// generate_Ret
if (argv[0]) {
    *static_cast<double *>(argv[0]) = s.v2_5;
}
return;
}
 },{ 120, 0, [](QV4::ExecutableCompilationUnit *contextUnit, QMetaType *argTypes) {
    struct { QV4::ExecutableCompilationUnit *compilationUnit; } c { contextUnit };
    const auto *aotContext = &c;
    Q_UNUSED(aotContext);
    argTypes[0] = []() { static const auto t = QMetaType::fromName("QQuickItem*"); return t; }();
}, 
    [](const QQmlPrivate::AOTCompiledContext *aotContext, void **argv) {
Q_UNUSED(aotContext)
Q_UNUSED(argv)
// expression for fill at line 676, column 37
struct Storage : QQmlPrivate::AOTTrackedLocalsStorage {
Storage(const QQmlPrivate::AOTCompiledContext *ctxt, void **a)   : aotContext(ctxt), argv(a) {}
void markObjects(QV4::MarkStack *markStack) const final {    Q_UNUSED(markStack);
    aotContext->mark(v2_0, markStack);
}
const QQmlPrivate::AOTCompiledContext *aotContext;
void **argv;
QObject *v2_0 = nullptr;
};
Storage s(aotContext, argv);
aotContext->setLocals(&s);
// generate_LoadQmlContextPropertyLookup
#ifndef QT_NO_DEBUG
aotContext->setInstructionPointer(5);
#endif
while (!aotContext->loadScopeObjectPropertyLookup(433, &s.v2_0)) {
#ifdef QT_NO_DEBUG
aotContext->setInstructionPointer(5);
#endif
aotContext->initLoadScopeObjectPropertyLookup(433);
if (aotContext->engine->hasError()) {
aotContext->setReturnValueUndefined();
if (argv[0]) {
    *static_cast<QObject * *>(argv[0]) = nullptr;
}
return;
}
}
{
}
{
}
// generate_Ret
if (argv[0]) {
    *static_cast<QObject * *>(argv[0]) = s.v2_0;
}
return;
}
 },{ 132, 0, [](QV4::ExecutableCompilationUnit *contextUnit, QMetaType *argTypes) {
    struct { QV4::ExecutableCompilationUnit *compilationUnit; } c { contextUnit };
    const auto *aotContext = &c;
    Q_UNUSED(aotContext);
    argTypes[0] = []() { static const auto t = QMetaType::fromName("QQuickItem*"); return t; }();
}, 
    [](const QQmlPrivate::AOTCompiledContext *aotContext, void **argv) {
Q_UNUSED(aotContext)
Q_UNUSED(argv)
// expression for fill at line 763, column 37
struct Storage : QQmlPrivate::AOTTrackedLocalsStorage {
Storage(const QQmlPrivate::AOTCompiledContext *ctxt, void **a)   : aotContext(ctxt), argv(a) {}
void markObjects(QV4::MarkStack *markStack) const final {    Q_UNUSED(markStack);
    aotContext->mark(v2_0, markStack);
}
const QQmlPrivate::AOTCompiledContext *aotContext;
void **argv;
QObject *v2_0 = nullptr;
};
Storage s(aotContext, argv);
aotContext->setLocals(&s);
// generate_LoadQmlContextPropertyLookup
#ifndef QT_NO_DEBUG
aotContext->setInstructionPointer(5);
#endif
while (!aotContext->loadScopeObjectPropertyLookup(524, &s.v2_0)) {
#ifdef QT_NO_DEBUG
aotContext->setInstructionPointer(5);
#endif
aotContext->initLoadScopeObjectPropertyLookup(524);
if (aotContext->engine->hasError()) {
aotContext->setReturnValueUndefined();
if (argv[0]) {
    *static_cast<QObject * *>(argv[0]) = nullptr;
}
return;
}
}
{
}
{
}
// generate_Ret
if (argv[0]) {
    *static_cast<QObject * *>(argv[0]) = s.v2_0;
}
return;
}
 },{ 143, 0, [](QV4::ExecutableCompilationUnit *contextUnit, QMetaType *argTypes) {
    struct { QV4::ExecutableCompilationUnit *compilationUnit; } c { contextUnit };
    const auto *aotContext = &c;
    Q_UNUSED(aotContext);
    argTypes[0] = QMetaType::fromType<double>();
}, 
    [](const QQmlPrivate::AOTCompiledContext *aotContext, void **argv) {
Q_UNUSED(aotContext)
Q_UNUSED(argv)
// expression for width at line 830, column 29
struct Storage : QQmlPrivate::AOTTrackedLocalsStorage {
Storage(const QQmlPrivate::AOTCompiledContext *ctxt, void **a)   : aotContext(ctxt), argv(a) {}
void markObjects(QV4::MarkStack *markStack) const final {    Q_UNUSED(markStack);
    aotContext->mark(v2_0, markStack);
}
const QQmlPrivate::AOTCompiledContext *aotContext;
void **argv;
QObject *v2_0 = nullptr;
double v2_5;
};
Storage s(aotContext, argv);
aotContext->setLocals(&s);
// generate_LoadQmlContextPropertyLookup
#ifndef QT_NO_DEBUG
aotContext->setInstructionPointer(5);
#endif
while (!aotContext->loadScopeObjectPropertyLookup(572, &s.v2_0)) {
#ifdef QT_NO_DEBUG
aotContext->setInstructionPointer(5);
#endif
aotContext->initLoadScopeObjectPropertyLookup(572);
if (aotContext->engine->hasError()) {
aotContext->setReturnValueUndefined();
if (argv[0]) {
    *static_cast<double *>(argv[0]) = double();
}
return;
}
}
{
}
// generate_GetLookup
#ifndef QT_NO_DEBUG
aotContext->setInstructionPointer(10);
#endif
while (!aotContext->getObjectLookup(573, s.v2_0, &s.v2_5)) {
#ifdef QT_NO_DEBUG
aotContext->setInstructionPointer(10);
#endif
aotContext->initGetObjectLookup(573, s.v2_0);
if (aotContext->engine->hasError()) {
aotContext->setReturnValueUndefined();
if (argv[0]) {
    *static_cast<double *>(argv[0]) = double();
}
return;
}
}
{
}
{
}
// generate_Ret
if (argv[0]) {
    *static_cast<double *>(argv[0]) = s.v2_5;
}
return;
}
 },{ 144, 0, [](QV4::ExecutableCompilationUnit *contextUnit, QMetaType *argTypes) {
    struct { QV4::ExecutableCompilationUnit *compilationUnit; } c { contextUnit };
    const auto *aotContext = &c;
    Q_UNUSED(aotContext);
    argTypes[0] = []() { static const auto t = QMetaType::fromName("QQuickItem*"); return t; }();
}, 
    [](const QQmlPrivate::AOTCompiledContext *aotContext, void **argv) {
Q_UNUSED(aotContext)
Q_UNUSED(argv)
// expression for fill at line 837, column 37
struct Storage : QQmlPrivate::AOTTrackedLocalsStorage {
Storage(const QQmlPrivate::AOTCompiledContext *ctxt, void **a)   : aotContext(ctxt), argv(a) {}
void markObjects(QV4::MarkStack *markStack) const final {    Q_UNUSED(markStack);
    aotContext->mark(v2_0, markStack);
}
const QQmlPrivate::AOTCompiledContext *aotContext;
void **argv;
QObject *v2_0 = nullptr;
};
Storage s(aotContext, argv);
aotContext->setLocals(&s);
// generate_LoadQmlContextPropertyLookup
#ifndef QT_NO_DEBUG
aotContext->setInstructionPointer(5);
#endif
while (!aotContext->loadScopeObjectPropertyLookup(574, &s.v2_0)) {
#ifdef QT_NO_DEBUG
aotContext->setInstructionPointer(5);
#endif
aotContext->initLoadScopeObjectPropertyLookup(574);
if (aotContext->engine->hasError()) {
aotContext->setReturnValueUndefined();
if (argv[0]) {
    *static_cast<QObject * *>(argv[0]) = nullptr;
}
return;
}
}
{
}
{
}
// generate_Ret
if (argv[0]) {
    *static_cast<QObject * *>(argv[0]) = s.v2_0;
}
return;
}
 },{ 147, 0, [](QV4::ExecutableCompilationUnit *contextUnit, QMetaType *argTypes) {
    struct { QV4::ExecutableCompilationUnit *compilationUnit; } c { contextUnit };
    const auto *aotContext = &c;
    Q_UNUSED(aotContext);
    argTypes[0] = []() { static const auto t = QMetaType::fromName("QQuickItem*"); return t; }();
}, 
    [](const QQmlPrivate::AOTCompiledContext *aotContext, void **argv) {
Q_UNUSED(aotContext)
Q_UNUSED(argv)
// expression for fill at line 864, column 37
struct Storage : QQmlPrivate::AOTTrackedLocalsStorage {
Storage(const QQmlPrivate::AOTCompiledContext *ctxt, void **a)   : aotContext(ctxt), argv(a) {}
void markObjects(QV4::MarkStack *markStack) const final {    Q_UNUSED(markStack);
    aotContext->mark(v2_0, markStack);
}
const QQmlPrivate::AOTCompiledContext *aotContext;
void **argv;
QObject *v2_0 = nullptr;
};
Storage s(aotContext, argv);
aotContext->setLocals(&s);
// generate_LoadQmlContextPropertyLookup
#ifndef QT_NO_DEBUG
aotContext->setInstructionPointer(5);
#endif
while (!aotContext->loadScopeObjectPropertyLookup(592, &s.v2_0)) {
#ifdef QT_NO_DEBUG
aotContext->setInstructionPointer(5);
#endif
aotContext->initLoadScopeObjectPropertyLookup(592);
if (aotContext->engine->hasError()) {
aotContext->setReturnValueUndefined();
if (argv[0]) {
    *static_cast<QObject * *>(argv[0]) = nullptr;
}
return;
}
}
{
}
{
}
// generate_Ret
if (argv[0]) {
    *static_cast<QObject * *>(argv[0]) = s.v2_0;
}
return;
}
 },{ 151, 0, [](QV4::ExecutableCompilationUnit *contextUnit, QMetaType *argTypes) {
    struct { QV4::ExecutableCompilationUnit *compilationUnit; } c { contextUnit };
    const auto *aotContext = &c;
    Q_UNUSED(aotContext);
    argTypes[0] = QMetaType::fromType<double>();
}, 
    [](const QQmlPrivate::AOTCompiledContext *aotContext, void **argv) {
Q_UNUSED(aotContext)
Q_UNUSED(argv)
// expression for width at line 913, column 29
struct Storage : QQmlPrivate::AOTTrackedLocalsStorage {
Storage(const QQmlPrivate::AOTCompiledContext *ctxt, void **a)   : aotContext(ctxt), argv(a) {}
void markObjects(QV4::MarkStack *markStack) const final {    Q_UNUSED(markStack);
    aotContext->mark(v2_0, markStack);
}
const QQmlPrivate::AOTCompiledContext *aotContext;
void **argv;
QObject *v2_0 = nullptr;
double v2_5;
};
Storage s(aotContext, argv);
aotContext->setLocals(&s);
// generate_LoadQmlContextPropertyLookup
#ifndef QT_NO_DEBUG
aotContext->setInstructionPointer(5);
#endif
while (!aotContext->loadScopeObjectPropertyLookup(626, &s.v2_0)) {
#ifdef QT_NO_DEBUG
aotContext->setInstructionPointer(5);
#endif
aotContext->initLoadScopeObjectPropertyLookup(626);
if (aotContext->engine->hasError()) {
aotContext->setReturnValueUndefined();
if (argv[0]) {
    *static_cast<double *>(argv[0]) = double();
}
return;
}
}
{
}
// generate_GetLookup
#ifndef QT_NO_DEBUG
aotContext->setInstructionPointer(10);
#endif
while (!aotContext->getObjectLookup(627, s.v2_0, &s.v2_5)) {
#ifdef QT_NO_DEBUG
aotContext->setInstructionPointer(10);
#endif
aotContext->initGetObjectLookup(627, s.v2_0);
if (aotContext->engine->hasError()) {
aotContext->setReturnValueUndefined();
if (argv[0]) {
    *static_cast<double *>(argv[0]) = double();
}
return;
}
}
{
}
{
}
// generate_Ret
if (argv[0]) {
    *static_cast<double *>(argv[0]) = s.v2_5;
}
return;
}
 },{ 152, 0, [](QV4::ExecutableCompilationUnit *contextUnit, QMetaType *argTypes) {
    struct { QV4::ExecutableCompilationUnit *compilationUnit; } c { contextUnit };
    const auto *aotContext = &c;
    Q_UNUSED(aotContext);
    argTypes[0] = []() { static const auto t = QMetaType::fromName("QQuickItem*"); return t; }();
}, 
    [](const QQmlPrivate::AOTCompiledContext *aotContext, void **argv) {
Q_UNUSED(aotContext)
Q_UNUSED(argv)
// expression for fill at line 920, column 37
struct Storage : QQmlPrivate::AOTTrackedLocalsStorage {
Storage(const QQmlPrivate::AOTCompiledContext *ctxt, void **a)   : aotContext(ctxt), argv(a) {}
void markObjects(QV4::MarkStack *markStack) const final {    Q_UNUSED(markStack);
    aotContext->mark(v2_0, markStack);
}
const QQmlPrivate::AOTCompiledContext *aotContext;
void **argv;
QObject *v2_0 = nullptr;
};
Storage s(aotContext, argv);
aotContext->setLocals(&s);
// generate_LoadQmlContextPropertyLookup
#ifndef QT_NO_DEBUG
aotContext->setInstructionPointer(5);
#endif
while (!aotContext->loadScopeObjectPropertyLookup(628, &s.v2_0)) {
#ifdef QT_NO_DEBUG
aotContext->setInstructionPointer(5);
#endif
aotContext->initLoadScopeObjectPropertyLookup(628);
if (aotContext->engine->hasError()) {
aotContext->setReturnValueUndefined();
if (argv[0]) {
    *static_cast<QObject * *>(argv[0]) = nullptr;
}
return;
}
}
{
}
{
}
// generate_Ret
if (argv[0]) {
    *static_cast<QObject * *>(argv[0]) = s.v2_0;
}
return;
}
 },{ 157, 0, [](QV4::ExecutableCompilationUnit *contextUnit, QMetaType *argTypes) {
    struct { QV4::ExecutableCompilationUnit *compilationUnit; } c { contextUnit };
    const auto *aotContext = &c;
    Q_UNUSED(aotContext);
    argTypes[0] = []() { static const auto t = QMetaType::fromName("QQuickItem*"); return t; }();
}, 
    [](const QQmlPrivate::AOTCompiledContext *aotContext, void **argv) {
Q_UNUSED(aotContext)
Q_UNUSED(argv)
// expression for fill at line 988, column 17
struct Storage : QQmlPrivate::AOTTrackedLocalsStorage {
Storage(const QQmlPrivate::AOTCompiledContext *ctxt, void **a)   : aotContext(ctxt), argv(a) {}
void markObjects(QV4::MarkStack *markStack) const final {    Q_UNUSED(markStack);
    aotContext->mark(v2_0, markStack);
}
const QQmlPrivate::AOTCompiledContext *aotContext;
void **argv;
QObject *v2_0 = nullptr;
};
Storage s(aotContext, argv);
aotContext->setLocals(&s);
// generate_LoadQmlContextPropertyLookup
#ifndef QT_NO_DEBUG
aotContext->setInstructionPointer(5);
#endif
while (!aotContext->loadScopeObjectPropertyLookup(682, &s.v2_0)) {
#ifdef QT_NO_DEBUG
aotContext->setInstructionPointer(5);
#endif
aotContext->initLoadScopeObjectPropertyLookup(682);
if (aotContext->engine->hasError()) {
aotContext->setReturnValueUndefined();
if (argv[0]) {
    *static_cast<QObject * *>(argv[0]) = nullptr;
}
return;
}
}
{
}
{
}
// generate_Ret
if (argv[0]) {
    *static_cast<QObject * *>(argv[0]) = s.v2_0;
}
return;
}
 },{ 0, 0, nullptr, nullptr }};
QT_WARNING_POP
}
}
